snapshot_utc,snapshot_role,api_event_id,game_id,season,week,kickoff_utc,lead_minutes,away_team,home_team,bookmaker_key,bookmaker_title,bookmaker_last_update,book_age_seconds,h2h_away_price,h2h_home_price,h2h_away_raw_prob,h2h_home_raw_prob,h2h_hold,h2h_home_no_vig_prob,book_market_pick,spread_away_point,spread_away_price,spread_home_point,spread_home_price,total_point,total_over_price,total_under_price
2026-09-11T20:55:55Z,SCHEDULED_FULL,95c01d1bb797d6df14824b106c5a9130,odds_95c01d1bb797d6df14824b106c5a9130,,,2026-09-13T17:00:00Z,2644.0673764000003,ATL,PIT,draftkings,DraftKings,2026-09-11T20:55:55Z,0.957416,215.0,-265.0,0.31746031746031744,0.726027397260274,0.04348771472059143,0.6957699520733487,PIT,6.0,-110,-6.0,-110,41.5,-105,-115
2026-09-11T20:55:55Z,SCHEDULED_FULL,95c01d1bb797d6df14824b106c5a9130,odds_95c01d1bb797d6df14824b106c5a9130,,,2026-09-13T17:00:00Z,2644.0673764000003,ATL,PIT,betrivers,BetRivers,2026-09-11T20:54:53Z,62.957416,210.0,-265.0,0.3225806451612903,0.726027397260274,0.048608042421564246,0.6923725242309313,PIT,6.0,-108,-6.0,-113,41.0,-112,-109
2026-09-11T20:55:55Z,SCHEDULED_FULL,95c01d1bb797d6df14824b106c5a9130,odds_95c01d1bb797d6df14824b106c5a9130,,,2026-09-13T17:00:00Z,2644.0673764000003,ATL,PIT,betonlineag,BetOnline.ag,2026-09-11T20:55:51Z,4.957416,215.0,-260.0,0.31746031746031744,0.7222222222222222,0.03968253968253954,0.6946564885496184,PIT,5.5,-105,-5.5,-115,41.0,-110,-110
2026-09-11T20:55:55Z,SCHEDULED_FULL,95c01d1bb797d6df14824b106c5a9130,odds_95c01d1bb797d6df14824b106c5a9130,,,2026-09-13T17:00:00Z,2644.0673764000003,ATL,PIT,fanduel,FanDuel,2026-09-11T20:55:54Z,1.957416,230.0,-280.0,0.30303030303030304,0.7368421052631579,0.03987240829346095,0.7085889570552146,PIT,5.5,-105,-5.5,-115,40.5,-115,-105
2026-09-11T20:55:55Z,SCHEDULED_FULL,95c01d1bb797d6df14824b106c5a9130,odds_95c01d1bb797d6df14824b106c5a9130,,,2026-09-13T17:00:00Z,2644.0673764000003,ATL,PIT,lowvig,LowVig.ag,2026-09-11T20:55:24Z,31.957416,215.0,-260.0,0.31746031746031744,0.7222222222222222,0.03968253968253954,0.6946564885496184,PIT,5.5,100,-5.5,-110,41.0,-107,-107
2026-09-11T20:55:55Z,SCHEDULED_FULL,95c01d1bb797d6df14824b106c5a9130,odds_95c01d1bb797d6df14824b106c5a9130,,,2026-09-13T17:00:00Z,2644.0673764000003,ATL,PIT,betus,BetUS,2026-09-11T20:55:53Z,2.9574160000000003,218.0,-260.0,0.31446540880503143,0.7222222222222222,0.0366876310272537,0.6966632962588473,PIT,6.0,-115,-6.0,-105,41.0,-110,-110
2026-09-11T20:55:55Z,SCHEDULED_FULL,95c01d1bb797d6df14824b106c5a9130,odds_95c01d1bb797d6df14824b106c5a9130,,,2026-09-13T17:00:00Z,2644.0673764000003,ATL,PIT,betmgm,BetMGM,2026-09-11T20:54:53Z,62.957416,220.0,-275.0,0.3125,0.7333333333333333,0.04583333333333339,0.7011952191235059,PIT,6.0,-110,-6.0,-108,41.0,-110,-108
2026-09-11T20:55:55Z,SCHEDULED_FULL,95c01d1bb797d6df14824b106c5a9130,odds_95c01d1bb797d6df14824b106c5a9130,,,2026-09-13T17:00:00Z,2644.0673764000003,ATL,PIT,bovada,Bovada,2026-09-11T20:54:02Z,113.957416,225.0,-275.0,0.3076923076923077,0.7333333333333333,0.04102564102564088,0.7044334975369458,PIT,6.0,-110,-6.0,-110,41.0,-110,-110
2026-09-11T20:55:55Z,SCHEDULED_FULL,95c01d1bb797d6df14824b106c5a9130,odds_95c01d1bb797d6df14824b106c5a9130,,,2026-09-13T17:00:00Z,2644.0673764000003,ATL,PIT,pinnacle,Pinnacle,2026-09-11T20:55:54Z,1.957416,227.0,-269.0,0.3058103975535168,0.7289972899728997,0.0348076875264165,0.70447610581197,PIT,6.0,-106,-6.0,-106,41.0,-108,-108
2026-09-11T20:55:55Z,SCHEDULED_FULL,95c01d1bb797d6df14824b106c5a9130,odds_95c01d1bb797d6df14824b106c5a9130,,,2026-09-13T17:00:00Z,2644.0673764000003,ATL,PIT,mybookieag,MyBookie.ag,2026-09-11T20:55:24Z,31.957416,216.0,-275.0,0.31645569620253167,0.7333333333333333,0.04978902953586495,0.6985530546623794,PIT,6.0,-110,-6.0,-110,41.0,-110,-110
2026-09-11T20:55:55Z,SCHEDULED_FULL,b6cfdcbafa61ce220ba87dc2d9b80c77,odds_b6cfdcbafa61ce220ba87dc2d9b80c77,,,2026-09-13T17:00:00Z,2644.0673764000003,BAL,IND,draftkings,DraftKings,2026-09-11T20:55:55Z,0.957416,-175.0,145.0,0.6363636363636364,0.40816326530612246,0.0445269016697587,0.39076376554174075,BAL,-3.5,-105,3.5,-115,47.5,-115,-105
2026-09-11T20:55:55Z,SCHEDULED_FULL,b6cfdcbafa61ce220ba87dc2d9b80c77,odds_b6cfdcbafa61ce220ba87dc2d9b80c77,,,2026-09-13T17:00:00Z,2644.0673764000003,BAL,IND,betus,BetUS,2026-09-11T20:55:53Z,2.9574160000000003,-175.0,150.0,0.6363636363636364,0.4,0.036363636363636376,0.3859649122807018,BAL,-3.0,-120,3.0,100,48.0,-110,-110
2026-09-11T20:55:55Z,SCHEDULED_FULL,b6cfdcbafa61ce220ba87dc2d9b80c77,odds_b6cfdcbafa61ce220ba87dc2d9b80c77,,,2026-09-13T17:00:00Z,2644.0673764000003,BAL,IND,lowvig,LowVig.ag,2026-09-11T20:55:24Z,31.957416,-175.0,153.0,0.6363636363636364,0.3952569169960474,0.031620553359683834,0.38314176245210724,BAL,-3.5,112,3.5,-123,48.0,-102,-113
2026-09-11T20:55:55Z,SCHEDULED_FULL,b6cfdcbafa61ce220ba87dc2d9b80c77,odds_b6cfdcbafa61ce220ba87dc2d9b80c77,,,2026-09-13T17:00:00Z,2644.0673764000003,BAL,IND,betrivers,BetRivers,2026-09-11T20:54:53Z,62.957416,-175.0,143.0,0.6363636363636364,0.411522633744856,0.047886270108492335,0.39271688682613354,BAL,-3.5,-107,3.5,-114,48.0,-108,-113
2026-09-11T20:55:55Z,SCHEDULED_FULL,b6cfdcbafa61ce220ba87dc2d9b80c77,odds_b6cfdcbafa61ce220ba87dc2d9b80c77,,,2026-09-13T17:00:00Z,2644.0673764000003,BAL,IND,betonlineag,BetOnline.ag,2026-09-11T20:55:51Z,4.957416,-175.0,153.0,0.6363636363636364,0.3952569169960474,0.031620553359683834,0.38314176245210724,BAL,-3.0,-120,3.0,100,48.0,-105,-115
2026-09-11T20:55:55Z,SCHEDULED_FULL,b6cfdcbafa61ce220ba87dc2d9b80c77,odds_b6cfdcbafa61ce220ba87dc2d9b80c77,,,2026-09-13T17:00:00Z,2644.0673764000003,BAL,IND,fanduel,FanDuel,2026-09-11T20:55:54Z,1.957416,-176.0,148.0,0.6376811594202898,0.4032258064516129,0.04090696587190257,0.3873792948573995,BAL,-3.5,-102,3.5,-120,47.5,-115,-105
2026-09-11T20:55:55Z,SCHEDULED_FULL,b6cfdcbafa61ce220ba87dc2d9b80c77,odds_b6cfdcbafa61ce220ba87dc2d9b80c77,,,2026-09-13T17:00:00Z,2644.0673764000003,BAL,IND,betmgm,BetMGM,2026-09-11T20:54:53Z,62.957416,-190.0,155.0,0.6551724137931034,0.39215686274509803,0.047329276538201404,0.37443511943189156,BAL,-3.5,100,3.5,-120,47.5,-112,-108
2026-09-11T20:55:55Z,SCHEDULED_FULL,b6cfdcbafa61ce220ba87dc2d9b80c77,odds_b6cfdcbafa61ce220ba87dc2d9b80c77,,,2026-09-13T17:00:00Z,2644.0673764000003,BAL,IND,bovada,Bovada,2026-09-11T20:54:02Z,113.957416,-175.0,150.0,0.6363636363636364,0.4,0.036363636363636376,0.3859649122807018,BAL,-3.0,-120,3.0,100,48.0,-105,-115
2026-09-11T20:55:55Z,SCHEDULED_FULL,b6cfdcbafa61ce220ba87dc2d9b80c77,odds_b6cfdcbafa61ce220ba87dc2d9b80c77,,,2026-09-13T17:00:00Z,2644.0673764000003,BAL,IND,pinnacle,Pinnacle,2026-09-11T20:55:54Z,1.957416,-172.0,151.0,0.6323529411764706,0.398406374501992,0.030759315678462684,0.3865173648610242,BAL,-3.5,106,3.5,-119,47.5,-117,100
2026-09-11T20:55:55Z,SCHEDULED_FULL,b6cfdcbafa61ce220ba87dc2d9b80c77,odds_b6cfdcbafa61ce220ba87dc2d9b80c77,,,2026-09-13T17:00:00Z,2644.0673764000003,BAL,IND,mybookieag,MyBookie.ag,2026-09-11T20:55:24Z,31.957416,-175.0,142.0,0.6363636363636364,0.4132231404958678,0.04958677685950419,0.39370078740157477,BAL,-3.5,100,3.5,-120,48.0,-110,-110
2026-09-11T20:55:55Z,SCHEDULED_FULL,7e09efed7e12c659b82740b67ce2f9a1,odds_7e09efed7e12c659b82740b67ce2f9a1,,,2026-09-13T17:00:00Z,2644.0673764000003,BUF,HOU,draftkings,DraftKings,2026-09-11T20:55:55Z,0.957416,-118.0,-102.0,0.5412844036697247,0.504950495049505,0.04623489871922981,0.4826358742837298,BUF,-1.5,-108,1.5,-112,44.5,-115,-105
2026-09-11T20:55:55Z,SCHEDULED_FULL,7e09efed7e12c659b82740b67ce2f9a1,odds_7e09efed7e12c659b82740b67ce2f9a1,,,2026-09-13T17:00:00Z,2644.0673764000003,BUF,HOU,betus,BetUS,2026-09-11T20:55:53Z,2.9574160000000003,-125.0,105.0,0.5555555555555556,0.4878048780487805,0.04336043360433606,0.4675324675324675,BUF,-1.0,-115,1.0,-105,44.5,-110,-110
2026-09-11T20:55:55Z,SCHEDULED_FULL,7e09efed7e12c659b82740b67ce2f9a1,odds_7e09efed7e12c659b82740b67ce2f9a1,,,2026-09-13T17:00:00Z,2644.0673764000003,BUF,HOU,lowvig,LowVig.ag,2026-09-11T20:55:24Z,31.957416,-125.0,105.0,0.5555555555555556,0.4878048780487805,0.04336043360433606,0.4675324675324675,BUF,-1.0,-112,1.0,101,44.5,-107,-107
2026-09-11T20:55:55Z,SCHEDULED_FULL,7e09efed7e12c659b82740b67ce2f9a1,odds_7e09efed7e12c659b82740b67ce2f9a1,,,2026-09-13T17:00:00Z,2644.0673764000003,BUF,HOU,betrivers,BetRivers,2026-09-11T20:54:53Z,62.957416,-125.0,104.0,0.5555555555555556,0.49019607843137253,0.045751633986928164,0.46874999999999994,BUF,-2.0,-108,2.0,-113,45.0,-110,-110
2026-09-11T20:55:55Z,SCHEDULED_FULL,7e09efed7e12c659b82740b67ce2f9a1,odds_7e09efed7e12c659b82740b67ce2f9a1,,,2026-09-13T17:00:00Z,2644.0673764000003,BUF,HOU,betonlineag,BetOnline.ag,2026-09-11T20:55:51Z,4.957416,-125.0,105.0,0.5555555555555556,0.4878048780487805,0.04336043360433606,0.4675324675324675,BUF,-1.0,-120,1.0,100,44.5,-110,-110
2026-09-11T20:55:55Z,SCHEDULED_FULL,7e09efed7e12c659b82740b67ce2f9a1,odds_7e09efed7e12c659b82740b67ce2f9a1,,,2026-09-13T17:00:00Z,2644.0673764000003,BUF,HOU,fanduel,FanDuel,2026-09-11T20:55:54Z,1.957416,-118.0,100.0,0.5412844036697247,0.5,0.041284403669724856,0.48017621145374445,BUF,-1.5,-106,1.5,-114,44.5,-118,-104
2026-09-11T20:55:55Z,SCHEDULED_FULL,7e09efed7e12c659b82740b67ce2f9a1,odds_7e09efed7e12c659b82740b67ce2f9a1,,,2026-09-13T17:00:00Z,2644.0673764000003,BUF,HOU,betmgm,BetMGM,2026-09-11T20:54:53Z,62.957416,-120.0,105.0,0.5454545454545454,0.4878048780487805,0.03325942350332589,0.4721030042918455,BUF,-1.5,-108,1.5,-110,45.0,-108,-110
2026-09-11T20:55:55Z,SCHEDULED_FULL,7e09efed7e12c659b82740b67ce2f9a1,odds_7e09efed7e12c659b82740b67ce2f9a1,,,2026-09-13T17:00:00Z,2644.0673764000003,BUF,HOU,bovada,Bovada,2026-09-11T20:54:02Z,113.957416,-125.0,105.0,0.5555555555555556,0.4878048780487805,0.04336043360433606,0.4675324675324675,BUF,-1.5,-110,1.5,-110,45.0,-110,-110
2026-09-11T20:55:55Z,SCHEDULED_FULL,7e09efed7e12c659b82740b67ce2f9a1,odds_7e09efed7e12c659b82740b67ce2f9a1,,,2026-09-13T17:00:00Z,2644.0673764000003,BUF,HOU,pinnacle,Pinnacle,2026-09-11T20:55:54Z,1.957416,-120.0,106.0,0.5454545454545454,0.4854368932038835,0.030891438658428916,0.4708904109589041,BUF,-1.0,-112,1.0,100,45.0,-106,-110
2026-09-11T20:55:55Z,SCHEDULED_FULL,7e09efed7e12c659b82740b67ce2f9a1,odds_7e09efed7e12c659b82740b67ce2f9a1,,,2026-09-13T17:00:00Z,2644.0673764000003,BUF,HOU,mybookieag,MyBookie.ag,2026-09-11T20:55:24Z,31.957416,-122.0,100.0,0.5495495495495496,0.5,0.04954954954954971,0.47639484978540764,BUF,-1.0,-110,1.0,-110,45.0,-110,-110
2026-09-11T20:55:55Z,SCHEDULED_FULL,fc362aff0d889ec52d358307a70c32ed,odds_fc362aff0d889ec52d358307a70c32ed,,,2026-09-13T17:00:00Z,2644.0673764000003,CHI,CAR,draftkings,DraftKings,2026-09-11T20:55:55Z,0.957416,-170.0,142.0,0.6296296296296297,0.4132231404958678,0.042852770125497486,0.3962430290578221,CHI,-3.0,-118,3.0,-102,47.5,-110,-110
2026-09-11T20:55:55Z,SCHEDULED_FULL,fc362aff0d889ec52d358307a70c32ed,odds_fc362aff0d889ec52d358307a70c32ed,,,2026-09-13T17:00:00Z,2644.0673764000003,CHI,CAR,fanduel,FanDuel,2026-09-11T20:55:54Z,1.957416,-176.0,148.0,0.6376811594202898,0.4032258064516129,0.04090696587190257,0.3873792948573995,CHI,-3.0,-115,3.0,-105,47.5,-102,-120
2026-09-11T20:55:55Z,SCHEDULED_FULL,fc362aff0d889ec52d358307a70c32ed,odds_fc362aff0d889ec52d358307a70c32ed,,,2026-09-13T17:00:00Z,2644.0673764000003,CHI,CAR,lowvig,LowVig.ag,2026-09-11T20:55:24Z,31.957416,-165.0,145.0,0.6226415094339622,0.40816326530612246,0.030804774740084806,0.39596563317146055,CHI,-3.0,-105,3.0,-105,47.0,-107,-107
2026-09-11T20:55:55Z,SCHEDULED_FULL,fc362aff0d889ec52d358307a70c32ed,odds_fc362aff0d889ec52d358307a70c32ed,,,2026-09-13T17:00:00Z,2644.0673764000003,CHI,CAR,betus,BetUS,2026-09-11T20:55:53Z,2.9574160000000003,-170.0,146.0,0.6296296296296297,0.4065040650406504,0.03613369467027994,0.3923278116826504,CHI,-3.0,-115,3.0,-105,47.0,-110,-110
2026-09-11T20:55:55Z,SCHEDULED_FULL,fc362aff0d889ec52d358307a70c32ed,odds_fc362aff0d889ec52d358307a70c32ed,,,2026-09-13T17:00:00Z,2644.0673764000003,CHI,CAR,betonlineag,BetOnline.ag,2026-09-11T20:55:51Z,4.957416,-165.0,145.0,0.6226415094339622,0.40816326530612246,0.030804774740084806,0.39596563317146055,CHI,-3.0,-110,3.0,-110,47.0,-110,-110
2026-09-11T20:55:55Z,SCHEDULED_FULL,fc362aff0d889ec52d358307a70c32ed,odds_fc362aff0d889ec52d358307a70c32ed,,,2026-09-13T17:00:00Z,2644.0673764000003,CHI,CAR,betrivers,BetRivers,2026-09-11T20:54:53Z,62.957416,-175.0,140.0,0.6363636363636364,0.4166666666666667,0.05303030303030298,0.3956834532374101,CHI,-3.0,-114,3.0,-107,47.0,-110,-110
2026-09-11T20:55:55Z,SCHEDULED_FULL,fc362aff0d889ec52d358307a70c32ed,odds_fc362aff0d889ec52d358307a70c32ed,,,2026-09-13T17:00:00Z,2644.0673764000003,CHI,CAR,betmgm,BetMGM,2026-09-11T20:54:53Z,62.957416,-175.0,145.0,0.6363636363636364,0.40816326530612246,0.0445269016697587,0.39076376554174075,CHI,-3.0,-118,3.0,100,47.0,-110,-108
2026-09-11T20:55:55Z,SCHEDULED_FULL,fc362aff0d889ec52d358307a70c32ed,odds_fc362aff0d889ec52d358307a70c32ed,,,2026-09-13T17:00:00Z,2644.0673764000003,CHI,CAR,bovada,Bovada,2026-09-11T20:54:02Z,113.957416,-170.0,145.0,0.6296296296296297,0.40816326530612246,0.03779289493575222,0.39329934450109244,CHI,-3.0,-110,3.0,-110,47.0,-110,-110
2026-09-11T20:55:55Z,SCHEDULED_FULL,fc362aff0d889ec52d358307a70c32ed,odds_fc362aff0d889ec52d358307a70c32ed,,,2026-09-13T17:00:00Z,2644.0673764000003,CHI,CAR,pinnacle,Pinnacle,2026-09-11T20:55:54Z,1.957416,-166.0,146.0,0.6240601503759399,0.4065040650406504,0.03056421541659038,0.39444806928050297,CHI,-3.0,-106,3.0,-106,47.5,100,-117
2026-09-11T20:55:55Z,SCHEDULED_FULL,fc362aff0d889ec52d358307a70c32ed,odds_fc362aff0d889ec52d358307a70c32ed,,,2026-09-13T17:00:00Z,2644.0673764000003,CHI,CAR,mybookieag,MyBookie.ag,2026-09-11T20:55:24Z,31.957416,-174.0,141.0,0.635036496350365,0.4149377593360996,0.04997425568646463,0.39518850780280956,CHI,-3.0,-110,3.0,-110,47.0,-110,-110
2026-09-11T20:55:55Z,SCHEDULED_FULL,ed6d24ff979f9c71979fead577b0b3f7,odds_ed6d24ff979f9c71979fead577b0b3f7,,,2026-09-13T17:00:00Z,2644.0673764000003,TB,CIN,draftkings,DraftKings,2026-09-11T20:55:55Z,0.957416,164.0,-198.0,0.3787878787878788,0.6644295302013423,0.043217408989220996,0.6369041816941223,CIN,3.5,-108,-3.5,-112,50.5,-108,-112
2026-09-11T20:55:55Z,SCHEDULED_FULL,ed6d24ff979f9c71979fead577b0b3f7,odds_ed6d24ff979f9c71979fead577b0b3f7,,,2026-09-13T17:00:00Z,2644.0673764000003,TB,CIN,fanduel,FanDuel,2026-09-11T20:55:54Z,1.957416,172.0,-205.0,0.36764705882352944,0.6721311475409836,0.039778206364513125,0.6464178066311151,CIN,3.5,-105,-3.5,-115,50.5,-112,-108
2026-09-11T20:55:55Z,SCHEDULED_FULL,ed6d24ff979f9c71979fead577b0b3f7,odds_ed6d24ff979f9c71979fead577b0b3f7,,,2026-09-13T17:00:00Z,2644.0673764000003,TB,CIN,lowvig,LowVig.ag,2026-09-11T20:55:24Z,31.957416,174.0,-200.0,0.36496350364963503,0.6666666666666666,0.031630170316301776,0.6462264150943395,CIN,3.5,-103,-3.5,-107,50.5,-102,-113
2026-09-11T20:55:55Z,SCHEDULED_FULL,ed6d24ff979f9c71979fead577b0b3f7,odds_ed6d24ff979f9c71979fead577b0b3f7,,,2026-09-13T17:00:00Z,2644.0673764000003,TB,CIN,betus,BetUS,2026-09-11T20:55:53Z,2.9574160000000003,170.0,-200.0,0.37037037037037035,0.6666666666666666,0.03703703703703698,0.6428571428571429,CIN,3.5,-110,-3.5,-110,50.5,-105,-115
2026-09-11T20:55:55Z,SCHEDULED_FULL,ed6d24ff979f9c71979fead577b0b3f7,odds_ed6d24ff979f9c71979fead577b0b3f7,,,2026-09-13T17:00:00Z,2644.0673764000003,TB,CIN,betonlineag,BetOnline.ag,2026-09-11T20:55:51Z,4.957416,174.0,-200.0,0.36496350364963503,0.6666666666666666,0.031630170316301776,0.6462264150943395,CIN,3.5,-108,-3.5,-112,50.5,-105,-115
2026-09-11T20:55:55Z,SCHEDULED_FULL,ed6d24ff979f9c71979fead577b0b3f7,odds_ed6d24ff979f9c71979fead577b0b3f7,,,2026-09-13T17:00:00Z,2644.0673764000003,TB,CIN,betrivers,BetRivers,2026-09-11T20:54:53Z,62.957416,170.0,-210.0,0.37037037037037035,0.6774193548387096,0.04778972520907998,0.6465222348916762,CIN,4.0,-113,-4.0,-108,50.5,-110,-110
2026-09-11T20:55:55Z,SCHEDULED_FULL,ed6d24ff979f9c71979fead577b0b3f7,odds_ed6d24ff979f9c71979fead577b0b3f7,,,2026-09-13T17:00:00Z,2644.0673764000003,TB,CIN,betmgm,BetMGM,2026-09-11T20:54:53Z,62.957416,170.0,-210.0,0.37037037037037035,0.6774193548387096,0.04778972520907998,0.6465222348916762,CIN,3.5,-108,-3.5,-110,50.5,-108,-110
2026-09-11T20:55:55Z,SCHEDULED_FULL,ed6d24ff979f9c71979fead577b0b3f7,odds_ed6d24ff979f9c71979fead577b0b3f7,,,2026-09-13T17:00:00Z,2644.0673764000003,TB,CIN,bovada,Bovada,2026-09-11T20:54:02Z,113.957416,175.0,-210.0,0.36363636363636365,0.6774193548387096,0.04105571847507328,0.6507042253521127,CIN,3.5,-105,-3.5,-115,50.0,-115,-105
2026-09-11T20:55:55Z,SCHEDULED_FULL,ed6d24ff979f9c71979fead577b0b3f7,odds_ed6d24ff979f9c71979fead577b0b3f7,,,2026-09-13T17:00:00Z,2644.0673764000003,TB,CIN,pinnacle,Pinnacle,2026-09-11T20:55:54Z,1.957416,174.0,-200.0,0.36496350364963503,0.6666666666666666,0.031630170316301776,0.6462264150943395,CIN,4.0,-111,-4.0,-102,50.0,-111,-105
2026-09-11T20:55:55Z,SCHEDULED_FULL,ed6d24ff979f9c71979fead577b0b3f7,odds_ed6d24ff979f9c71979fead577b0b3f7,,,2026-09-13T17:00:00Z,2644.0673764000003,TB,CIN,mybookieag,MyBookie.ag,2026-09-11T20:55:24Z,31.957416,165.0,-206.0,0.37735849056603776,0.673202614379085,0.05056110494512289,0.640802911139805,CIN,3.5,-110,-3.5,-110,50.5,-110,-110
2026-09-11T20:55:55Z,SCHEDULED_FULL,e55c6fe19fce094ce214c8b0e5b504e9,odds_e55c6fe19fce094ce214c8b0e5b504e9,,,2026-09-13T17:00:00Z,2644.0673764000003,CLE,JAX,draftkings,DraftKings,2026-09-11T20:55:55Z,0.957416,350.0,-455.0,0.2222222222222222,0.8198198198198198,0.04204204204204198,0.7867435158501441,JAX,8.5,-108,-8.5,-112,39.5,-118,-102
2026-09-11T20:55:55Z,SCHEDULED_FULL,e55c6fe19fce094ce214c8b0e5b504e9,odds_e55c6fe19fce094ce214c8b0e5b504e9,,,2026-09-13T17:00:00Z,2644.0673764000003,CLE,JAX,fanduel,FanDuel,2026-09-11T20:55:54Z,1.957416,360.0,-460.0,0.21739130434782608,0.8214285714285714,0.03881987577639756,0.7907324364723467,JAX,8.5,-108,-8.5,-112,40.5,-104,-118
2026-09-11T20:55:55Z,SCHEDULED_FULL,e55c6fe19fce094ce214c8b0e5b504e9,odds_e55c6fe19fce094ce214c8b0e5b504e9,,,2026-09-13T17:00:00Z,2644.0673764000003,CLE,JAX,betus,BetUS,2026-09-11T20:55:53Z,2.9574160000000003,320.0,-400.0,0.23809523809523808,0.8,0.03809523809523818,0.7706422018348623,JAX,9.0,-115,-9.0,-105,40.0,-110,-110
2026-09-11T20:55:55Z,SCHEDULED_FULL,e55c6fe19fce094ce214c8b0e5b504e9,odds_e55c6fe19fce094ce214c8b0e5b504e9,,,2026-09-13T17:00:00Z,2644.0673764000003,CLE,JAX,betrivers,BetRivers,2026-09-11T20:54:53Z,62.957416,310.0,-400.0,0.24390243902439024,0.8,0.04390243902439028,0.7663551401869159,JAX,8.5,-113,-8.5,-108,40.5,-107,-114
2026-09-11T20:55:55Z,SCHEDULED_FULL,e55c6fe19fce094ce214c8b0e5b504e9,odds_e55c6fe19fce094ce214c8b0e5b504e9,,,2026-09-13T17:00:00Z,2644.0673764000003,CLE,JAX,betonlineag,BetOnline.ag,2026-09-11T20:55:51Z,4.957416,316.0,-400.0,0.2403846153846154,0.8,0.04038461538461546,0.7689463955637708,JAX,9.0,-115,-9.0,-105,40.0,-112,-108
2026-09-11T20:55:55Z,SCHEDULED_FULL,e55c6fe19fce094ce214c8b0e5b504e9,odds_e55c6fe19fce094ce214c8b0e5b504e9,,,2026-09-13T17:00:00Z,2644.0673764000003,CLE,JAX,lowvig,LowVig.ag,2026-09-11T20:55:24Z,31.957416,316.0,-400.0,0.2403846153846154,0.8,0.04038461538461546,0.7689463955637708,JAX,9.0,-110,-9.0,100,40.0,-109,-105
2026-09-11T20:55:55Z,SCHEDULED_FULL,e55c6fe19fce094ce214c8b0e5b504e9,odds_e55c6fe19fce094ce214c8b0e5b504e9,,,2026-09-13T17:00:00Z,2644.0673764000003,CLE,JAX,betmgm,BetMGM,2026-09-11T20:54:53Z,62.957416,333.0,-450.0,0.23094688221709006,0.8181818181818182,0.049128700398908265,0.7798679207524515,JAX,9.0,-115,-9.0,-112,40.0,-110,-108
2026-09-11T20:55:55Z,SCHEDULED_FULL,e55c6fe19fce094ce214c8b0e5b504e9,odds_e55c6fe19fce094ce214c8b0e5b504e9,,,2026-09-13T17:00:00Z,2644.0673764000003,CLE,JAX,bovada,Bovada,2026-09-11T20:54:02Z,113.957416,310.0,-415.0,0.24390243902439024,0.8058252427184466,0.049727681742836705,0.7676517031355742,JAX,8.5,-110,-8.5,-110,40.0,-110,-110
2026-09-11T20:55:55Z,SCHEDULED_FULL,e55c6fe19fce094ce214c8b0e5b504e9,odds_e55c6fe19fce094ce214c8b0e5b504e9,,,2026-09-13T17:00:00Z,2644.0673764000003,CLE,JAX,pinnacle,Pinnacle,2026-09-11T20:55:54Z,1.957416,321.0,-398.0,0.2375296912114014,0.7991967871485943,0.03672647835999565,0.7708848995666137,JAX,9.5,-114,-9.5,102,40.5,-102,-115
2026-09-11T20:55:55Z,SCHEDULED_FULL,e55c6fe19fce094ce214c8b0e5b504e9,odds_e55c6fe19fce094ce214c8b0e5b504e9,,,2026-09-13T17:00:00Z,2644.0673764000003,CLE,JAX,mybookieag,MyBookie.ag,2026-09-11T20:55:24Z,31.957416,350.0,-481.0,0.2222222222222222,0.8278829604130808,0.05010518263530317,0.7883809870697505,JAX,8.5,-110,-8.5,-110,40.0,-110,-110
2026-09-11T20:55:55Z,SCHEDULED_FULL,c1d3fcec25aaeb06ebd2244d33d338e0,odds_c1d3fcec25aaeb06ebd2244d33d338e0,,,2026-09-13T17:00:00Z,2644.0673764000003,NO,DET,draftkings,DraftKings,2026-09-11T20:55:55Z,0.957416,250.0,-310.0,0.2857142857142857,0.7560975609756098,0.04181184668989557,0.725752508361204,DET,7.0,-112,-7.0,-108,49.5,-112,-108
2026-09-11T20:55:55Z,SCHEDULED_FULL,c1d3fcec25aaeb06ebd2244d33d338e0,odds_c1d3fcec25aaeb06ebd2244d33d338e0,,,2026-09-13T17:00:00Z,2644.0673764000003,NO,DET,fanduel,FanDuel,2026-09-11T20:55:54Z,1.957416,270.0,-335.0,0.2702702702702703,0.7701149425287356,0.040385212799005865,0.7402209614810391,DET,6.5,100,-6.5,-122,49.5,-115,-105
2026-09-11T20:55:55Z,SCHEDULED_FULL,c1d3fcec25aaeb06ebd2244d33d338e0,odds_c1d3fcec25aaeb06ebd2244d33d338e0,,,2026-09-13T17:00:00Z,2644.0673764000003,NO,DET,lowvig,LowVig.ag,2026-09-11T20:55:24Z,31.957416,252.0,-310.0,0.2840909090909091,0.7560975609756098,0.04018847006651893,0.7268851585398347,DET,7.0,-110,-7.0,100,50.0,-107,-107
2026-09-11T20:55:55Z,SCHEDULED_FULL,c1d3fcec25aaeb06ebd2244d33d338e0,odds_c1d3fcec25aaeb06ebd2244d33d338e0,,,2026-09-13T17:00:00Z,2644.0673764000003,NO,DET,betonlineag,BetOnline.ag,2026-09-11T20:55:51Z,4.957416,252.0,-310.0,0.2840909090909091,0.7560975609756098,0.04018847006651893,0.7268851585398347,DET,7.0,-115,-7.0,-105,50.0,-110,-110
2026-09-11T20:55:55Z,SCHEDULED_FULL,c1d3fcec25aaeb06ebd2244d33d338e0,odds_c1d3fcec25aaeb06ebd2244d33d338e0,,,2026-09-13T17:00:00Z,2644.0673764000003,NO,DET,betus,BetUS,2026-09-11T20:55:53Z,2.9574160000000003,255.0,-310.0,0.28169014084507044,0.7560975609756098,0.03778770182068025,0.7285666997682886,DET,7.0,-115,-7.0,-105,50.0,-110,-110
2026-09-11T20:55:55Z,SCHEDULED_FULL,c1d3fcec25aaeb06ebd2244d33d338e0,odds_c1d3fcec25aaeb06ebd2244d33d338e0,,,2026-09-13T17:00:00Z,2644.0673764000003,NO,DET,betrivers,BetRivers,2026-09-11T20:54:53Z,62.957416,265.0,-345.0,0.273972602739726,0.7752808988764045,0.049253501616130624,0.738888073932815,DET,7.0,-110,-7.0,-110,49.5,-113,-108
2026-09-11T20:55:55Z,SCHEDULED_FULL,c1d3fcec25aaeb06ebd2244d33d338e0,odds_c1d3fcec25aaeb06ebd2244d33d338e0,,,2026-09-13T17:00:00Z,2644.0673764000003,NO,DET,betmgm,BetMGM,2026-09-11T20:54:53Z,62.957416,260.0,-325.0,0.2777777777777778,0.7647058823529411,0.0424836601307188,0.7335423197492164,DET,7.0,-110,-7.0,-108,49.5,-110,-108
2026-09-11T20:55:55Z,SCHEDULED_FULL,c1d3fcec25aaeb06ebd2244d33d338e0,odds_c1d3fcec25aaeb06ebd2244d33d338e0,,,2026-09-13T17:00:00Z,2644.0673764000003,NO,DET,bovada,Bovada,2026-09-11T20:54:02Z,113.957416,265.0,-330.0,0.273972602739726,0.7674418604651163,0.04141446320484232,0.7369226063016213,DET,7.0,-110,-7.0,-110,50.0,-105,-115
2026-09-11T20:55:55Z,SCHEDULED_FULL,c1d3fcec25aaeb06ebd2244d33d338e0,odds_c1d3fcec25aaeb06ebd2244d33d338e0,,,2026-09-13T17:00:00Z,2644.0673764000003,NO,DET,pinnacle,Pinnacle,2026-09-11T20:55:54Z,1.957416,266.0,-321.0,0.273224043715847,0.7624703087885986,0.035694352504445526,0.7361923978293835,DET,7.0,-108,-7.0,-104,49.5,-115,-102
2026-09-11T20:55:55Z,SCHEDULED_FULL,c1d3fcec25aaeb06ebd2244d33d338e0,odds_c1d3fcec25aaeb06ebd2244d33d338e0,,,2026-09-13T17:00:00Z,2644.0673764000003,NO,DET,mybookieag,MyBookie.ag,2026-09-11T20:55:24Z,31.957416,248.0,-319.0,0.28735632183908044,0.7613365155131265,0.048692837352207086,0.7259861881343518,DET,7.0,-110,-7.0,-110,50.0,-110,-110
2026-09-11T20:55:55Z,SCHEDULED_FULL,7dddb296a42e7a41a774b24bd1709ce1,odds_7dddb296a42e7a41a774b24bd1709ce1,,,2026-09-13T17:00:00Z,2644.0673764000003,NYJ,TEN,draftkings,DraftKings,2026-09-11T20:55:55Z,0.957416,105.0,-125.0,0.4878048780487805,0.5555555555555556,0.04336043360433606,0.5324675324675325,TEN,1.5,-110,-1.5,-110,38.5,-112,-108
2026-09-11T20:55:55Z,SCHEDULED_FULL,7dddb296a42e7a41a774b24bd1709ce1,odds_7dddb296a42e7a41a774b24bd1709ce1,,,2026-09-13T17:00:00Z,2644.0673764000003,NYJ,TEN,fanduel,FanDuel,2026-09-11T20:55:54Z,1.957416,100.0,-118.0,0.5,0.5412844036697247,0.041284403669724856,0.5198237885462554,TEN,1.5,-112,-1.5,-108,38.5,-110,-110
2026-09-11T20:55:55Z,SCHEDULED_FULL,7dddb296a42e7a41a774b24bd1709ce1,odds_7dddb296a42e7a41a774b24bd1709ce1,,,2026-09-13T17:00:00Z,2644.0673764000003,NYJ,TEN,lowvig,LowVig.ag,2026-09-11T20:55:24Z,31.957416,,,,,,,,0.0,101,0.0,-112,38.5,-107,-107
2026-09-11T20:55:55Z,SCHEDULED_FULL,7dddb296a42e7a41a774b24bd1709ce1,odds_7dddb296a42e7a41a774b24bd1709ce1,,,2026-09-13T17:00:00Z,2644.0673764000003,NYJ,TEN,betus,BetUS,2026-09-11T20:55:53Z,2.9574160000000003,,,,,,,,0.0,100,0.0,-120,38.5,-110,-110
2026-09-11T20:55:55Z,SCHEDULED_FULL,7dddb296a42e7a41a774b24bd1709ce1,odds_7dddb296a42e7a41a774b24bd1709ce1,,,2026-09-13T17:00:00Z,2644.0673764000003,NYJ,TEN,betonlineag,BetOnline.ag,2026-09-11T20:55:51Z,4.957416,,,,,,,,0.0,-104,0.0,-116,38.5,-110,-110
2026-09-11T20:55:55Z,SCHEDULED_FULL,7dddb296a42e7a41a774b24bd1709ce1,odds_7dddb296a42e7a41a774b24bd1709ce1,,,2026-09-13T17:00:00Z,2644.0673764000003,NYJ,TEN,betrivers,BetRivers,2026-09-11T20:54:53Z,62.957416,104.0,-125.0,0.49019607843137253,0.5555555555555556,0.045751633986928164,0.53125,TEN,1.5,-110,-1.5,-110,38.5,-110,-110
2026-09-11T20:55:55Z,SCHEDULED_FULL,7dddb296a42e7a41a774b24bd1709ce1,odds_7dddb296a42e7a41a774b24bd1709ce1,,,2026-09-13T17:00:00Z,2644.0673764000003,NYJ,TEN,betmgm,BetMGM,2026-09-11T20:54:53Z,62.957416,105.0,-120.0,0.4878048780487805,0.5454545454545454,0.03325942350332589,0.5278969957081545,TEN,1.5,-108,-1.5,-110,38.5,-110,-108
2026-09-11T20:55:55Z,SCHEDULED_FULL,7dddb296a42e7a41a774b24bd1709ce1,odds_7dddb296a42e7a41a774b24bd1709ce1,,,2026-09-13T17:00:00Z,2644.0673764000003,NYJ,TEN,bovada,Bovada,2026-09-11T20:54:02Z,113.957416,100.0,-120.0,0.5,0.5454545454545454,0.045454545454545414,0.5217391304347826,TEN,1.0,-105,-1.0,-115,38.5,-110,-110
2026-09-11T20:55:55Z,SCHEDULED_FULL,7dddb296a42e7a41a774b24bd1709ce1,odds_7dddb296a42e7a41a774b24bd1709ce1,,,2026-09-13T17:00:00Z,2644.0673764000003,NYJ,TEN,pinnacle,Pinnacle,2026-09-11T20:55:54Z,1.957416,103.0,-115.0,0.49261083743842365,0.5348837209302325,0.027494558368656108,0.5205708551678002,TEN,1.0,-103,-1.0,-109,38.5,-109,-107
2026-09-11T20:55:55Z,SCHEDULED_FULL,7dddb296a42e7a41a774b24bd1709ce1,odds_7dddb296a42e7a41a774b24bd1709ce1,,,2026-09-13T17:00:00Z,2644.0673764000003,NYJ,TEN,mybookieag,MyBookie.ag,2026-09-11T20:55:24Z,31.957416,102.0,-124.0,0.49504950495049505,0.5535714285714286,0.04862093352192365,0.5279042320013488,TEN,1.0,-110,-1.0,-110,38.5,-110,-110
2026-09-11T20:55:55Z,SCHEDULED_FULL,1edfa5ceaa1ad2cb57df1c1b908731f6,odds_1edfa5ceaa1ad2cb57df1c1b908731f6,,,2026-09-13T20:25:00Z,2849.0673764000003,ARI,LAC,draftkings,DraftKings,2026-09-11T20:55:55Z,0.957416,380.0,-500.0,0.20833333333333334,0.8333333333333334,0.04166666666666674,0.7999999999999999,LAC,9.5,-105,-9.5,-115,47.5,-102,-118
2026-09-11T20:55:55Z,SCHEDULED_FULL,1edfa5ceaa1ad2cb57df1c1b908731f6,odds_1edfa5ceaa1ad2cb57df1c1b908731f6,,,2026-09-13T20:25:00Z,2849.0673764000003,ARI,LAC,lowvig,LowVig.ag,2026-09-11T20:55:24Z,31.957416,393.0,-515.0,0.2028397565922921,0.8373983739837398,0.04023813057603198,0.8050064205202999,LAC,9.5,-110,-9.5,100,47.0,-113,-102
2026-09-11T20:55:55Z,SCHEDULED_FULL,1edfa5ceaa1ad2cb57df1c1b908731f6,odds_1edfa5ceaa1ad2cb57df1c1b908731f6,,,2026-09-13T20:25:00Z,2849.0673764000003,ARI,LAC,betonlineag,BetOnline.ag,2026-09-11T20:55:51Z,4.957416,393.0,-515.0,0.2028397565922921,0.8373983739837398,0.04023813057603198,0.8050064205202999,LAC,9.5,-115,-9.5,-105,47.0,-115,-105
2026-09-11T20:55:55Z,SCHEDULED_FULL,1edfa5ceaa1ad2cb57df1c1b908731f6,odds_1edfa5ceaa1ad2cb57df1c1b908731f6,,,2026-09-13T20:25:00Z,2849.0673764000003,ARI,LAC,betus,BetUS,2026-09-11T20:55:53Z,2.9574160000000003,400.0,-515.0,0.2,0.8373983739837398,0.0373983739837398,0.8072100313479624,LAC,9.5,-115,-9.5,-105,47.5,-110,-110
2026-09-11T20:55:55Z,SCHEDULED_FULL,1edfa5ceaa1ad2cb57df1c1b908731f6,odds_1edfa5ceaa1ad2cb57df1c1b908731f6,,,2026-09-13T20:25:00Z,2849.0673764000003,ARI,LAC,betrivers,BetRivers,2026-09-11T20:54:53Z,62.957416,350.0,-480.0,0.2222222222222222,0.8275862068965517,0.04980842911877392,0.7883211678832117,LAC,9.0,-109,-9.0,-112,47.0,-113,-108
2026-09-11T20:55:55Z,SCHEDULED_FULL,1edfa5ceaa1ad2cb57df1c1b908731f6,odds_1edfa5ceaa1ad2cb57df1c1b908731f6,,,2026-09-13T20:25:00Z,2849.0673764000003,ARI,LAC,fanduel,FanDuel,2026-09-11T20:55:54Z,1.957416,380.0,-490.0,0.20833333333333334,0.8305084745762712,0.03884180790960445,0.7994561522773624,LAC,9.5,-115,-9.5,-105,47.5,-104,-118
2026-09-11T20:55:55Z,SCHEDULED_FULL,1edfa5ceaa1ad2cb57df1c1b908731f6,odds_1edfa5ceaa1ad2cb57df1c1b908731f6,,,2026-09-13T20:25:00Z,2849.0673764000003,ARI,LAC,betmgm,BetMGM,2026-09-11T20:54:53Z,62.957416,400.0,-500.0,0.2,0.8333333333333334,0.03333333333333344,0.8064516129032258,LAC,9.5,-118,-9.5,-112,47.5,-108,-110
2026-09-11T20:55:55Z,SCHEDULED_FULL,1edfa5ceaa1ad2cb57df1c1b908731f6,odds_1edfa5ceaa1ad2cb57df1c1b908731f6,,,2026-09-13T20:25:00Z,2849.0673764000003,ARI,LAC,bovada,Bovada,2026-09-11T20:54:02Z,113.957416,355.0,-490.0,0.21978021978021978,0.8305084745762712,0.05028869435649108,0.7907430395460188,LAC,8.0,-105,-8.0,-115,47.0,-115,-105
2026-09-11T20:55:55Z,SCHEDULED_FULL,1edfa5ceaa1ad2cb57df1c1b908731f6,odds_1edfa5ceaa1ad2cb57df1c1b908731f6,,,2026-09-13T20:25:00Z,2849.0673764000003,ARI,LAC,pinnacle,Pinnacle,2026-09-11T20:55:54Z,1.957416,367.0,-466.0,0.21413276231263384,0.823321554770318,0.03745431708295177,0.7935978878426968,LAC,9.5,-115,-9.5,102,47.0,-111,-105
2026-09-11T20:55:55Z,SCHEDULED_FULL,1edfa5ceaa1ad2cb57df1c1b908731f6,odds_1edfa5ceaa1ad2cb57df1c1b908731f6,,,2026-09-13T20:25:00Z,2849.0673764000003,ARI,LAC,mybookieag,MyBookie.ag,2026-09-11T20:55:24Z,31.957416,356.0,-505.0,0.21929824561403508,0.8347107438016529,0.05400898941568788,0.7919389228970356,LAC,9.5,-110,-9.5,-110,47.0,-110,-110
2026-09-11T20:55:55Z,SCHEDULED_FULL,cb77efed7e711d25a72c1a2a0a1af119,odds_cb77efed7e711d25a72c1a2a0a1af119,,,2026-09-13T20:25:00Z,2849.0673764000003,GB,MIN,draftkings,DraftKings,2026-09-11T20:55:55Z,0.957416,105.0,-125.0,0.4878048780487805,0.5555555555555556,0.04336043360433606,0.5324675324675325,MIN,1.5,-108,-1.5,-112,46.5,-108,-112
2026-09-11T20:55:55Z,SCHEDULED_FULL,cb77efed7e711d25a72c1a2a0a1af119,odds_cb77efed7e711d25a72c1a2a0a1af119,,,2026-09-13T20:25:00Z,2849.0673764000003,GB,MIN,lowvig,LowVig.ag,2026-09-11T20:55:24Z,31.957416,107.0,-127.0,0.4830917874396135,0.5594713656387665,0.0425631530783801,0.5366306721917165,MIN,1.0,108,-1.0,-119,46.0,-113,-102
2026-09-11T20:55:55Z,SCHEDULED_FULL,cb77efed7e711d25a72c1a2a0a1af119,odds_cb77efed7e711d25a72c1a2a0a1af119,,,2026-09-13T20:25:00Z,2849.0673764000003,GB,MIN,betonlineag,BetOnline.ag,2026-09-11T20:55:51Z,4.957416,107.0,-127.0,0.4830917874396135,0.5594713656387665,0.0425631530783801,0.5366306721917165,MIN,1.0,103,-1.0,-123,46.0,-115,-105
2026-09-11T20:55:55Z,SCHEDULED_FULL,cb77efed7e711d25a72c1a2a0a1af119,odds_cb77efed7e711d25a72c1a2a0a1af119,,,2026-09-13T20:25:00Z,2849.0673764000003,GB,MIN,betus,BetUS,2026-09-11T20:55:53Z,2.9574160000000003,105.0,-125.0,0.4878048780487805,0.5555555555555556,0.04336043360433606,0.5324675324675325,MIN,1.0,-105,-1.0,-115,46.0,-115,-105
2026-09-11T20:55:55Z,SCHEDULED_FULL,cb77efed7e711d25a72c1a2a0a1af119,odds_cb77efed7e711d25a72c1a2a0a1af119,,,2026-09-13T20:25:00Z,2849.0673764000003,GB,MIN,betrivers,BetRivers,2026-09-11T20:54:53Z,62.957416,102.0,-124.0,0.49504950495049505,0.5535714285714286,0.04862093352192365,0.5279042320013488,MIN,1.5,-112,-1.5,-109,46.0,-113,-108
2026-09-11T20:55:55Z,SCHEDULED_FULL,cb77efed7e711d25a72c1a2a0a1af119,odds_cb77efed7e711d25a72c1a2a0a1af119,,,2026-09-13T20:25:00Z,2849.0673764000003,GB,MIN,fanduel,FanDuel,2026-09-11T20:55:54Z,1.957416,104.0,-122.0,0.49019607843137253,0.5495495495495496,0.03974562798092207,0.5285423037716617,MIN,1.5,-110,-1.5,-110,46.5,-110,-110
2026-09-11T20:55:55Z,SCHEDULED_FULL,cb77efed7e711d25a72c1a2a0a1af119,odds_cb77efed7e711d25a72c1a2a0a1af119,,,2026-09-13T20:25:00Z,2849.0673764000003,GB,MIN,betmgm,BetMGM,2026-09-11T20:54:53Z,62.957416,105.0,-130.0,0.4878048780487805,0.5652173913043478,0.05302226935312815,0.5367573011077543,MIN,2.0,-110,-2.0,-108,46.5,-108,-110
2026-09-11T20:55:55Z,SCHEDULED_FULL,cb77efed7e711d25a72c1a2a0a1af119,odds_cb77efed7e711d25a72c1a2a0a1af119,,,2026-09-13T20:25:00Z,2849.0673764000003,GB,MIN,bovada,Bovada,2026-09-11T20:54:02Z,113.957416,110.0,-130.0,0.47619047619047616,0.5652173913043478,0.04140786749482395,0.5427435387673957,MIN,2.0,-110,-2.0,-110,46.0,-110,-110
2026-09-11T20:55:55Z,SCHEDULED_FULL,cb77efed7e711d25a72c1a2a0a1af119,odds_cb77efed7e711d25a72c1a2a0a1af119,,,2026-09-13T20:25:00Z,2849.0673764000003,GB,MIN,pinnacle,Pinnacle,2026-09-11T20:55:54Z,1.957416,112.0,-126.0,0.4716981132075472,0.5575221238938053,0.029220237101352353,0.541693705386113,MIN,1.0,106,-1.0,-119,46.0,-110,-106
2026-09-11T20:55:55Z,SCHEDULED_FULL,cb77efed7e711d25a72c1a2a0a1af119,odds_cb77efed7e711d25a72c1a2a0a1af119,,,2026-09-13T20:25:00Z,2849.0673764000003,GB,MIN,mybookieag,MyBookie.ag,2026-09-11T20:55:24Z,31.957416,101.0,-123.0,0.4975124378109453,0.5515695067264574,0.049081944537402666,0.52576398783574,MIN,1.5,-110,-1.5,-110,46.5,-110,-110
2026-09-11T20:55:55Z,SCHEDULED_FULL,c5d95f48a16849ab6bebc68fbbfcb74a,odds_c5d95f48a16849ab6bebc68fbbfcb74a,,,2026-09-13T20:25:00Z,2849.0673764000003,MIA,LV,draftkings,DraftKings,2026-09-11T20:55:55Z,0.957416,142.0,-170.0,0.4132231404958678,0.6296296296296297,0.042852770125497486,0.6037569709421778,LV,3.0,-108,-3.0,-112,40.5,-105,-115
2026-09-11T20:55:55Z,SCHEDULED_FULL,c5d95f48a16849ab6bebc68fbbfcb74a,odds_c5d95f48a16849ab6bebc68fbbfcb74a,,,2026-09-13T20:25:00Z,2849.0673764000003,MIA,LV,betus,BetUS,2026-09-11T20:55:53Z,2.9574160000000003,142.0,-165.0,0.4132231404958678,0.6226415094339622,0.03586464992983007,0.6010838476591901,LV,3.0,-105,-3.0,-115,40.0,-110,-110
2026-09-11T20:55:55Z,SCHEDULED_FULL,c5d95f48a16849ab6bebc68fbbfcb74a,odds_c5d95f48a16849ab6bebc68fbbfcb74a,,,2026-09-13T20:25:00Z,2849.0673764000003,MIA,LV,betrivers,BetRivers,2026-09-11T20:54:53Z,62.957416,130.0,-159.0,0.43478260869565216,0.6138996138996139,0.04868222259526611,0.5854009924763887,LV,3.0,-107,-3.0,-114,40.5,-107,-114
2026-09-11T20:55:55Z,SCHEDULED_FULL,c5d95f48a16849ab6bebc68fbbfcb74a,odds_c5d95f48a16849ab6bebc68fbbfcb74a,,,2026-09-13T20:25:00Z,2849.0673764000003,MIA,LV,fanduel,FanDuel,2026-09-11T20:55:54Z,1.957416,150.0,-180.0,0.4,0.6428571428571429,0.04285714285714293,0.6164383561643836,LV,3.0,-102,-3.0,-120,39.5,-115,-105
2026-09-11T20:55:55Z,SCHEDULED_FULL,c5d95f48a16849ab6bebc68fbbfcb74a,odds_c5d95f48a16849ab6bebc68fbbfcb74a,,,2026-09-13T20:25:00Z,2849.0673764000003,MIA,LV,betonlineag,BetOnline.ag,2026-09-11T20:55:51Z,4.957416,145.0,-165.0,0.40816326530612246,0.6226415094339622,0.030804774740084806,0.6040343668285393,LV,3.0,-107,-3.0,-113,40.5,-110,-110
2026-09-11T20:55:55Z,SCHEDULED_FULL,c5d95f48a16849ab6bebc68fbbfcb74a,odds_c5d95f48a16849ab6bebc68fbbfcb74a,,,2026-09-13T20:25:00Z,2849.0673764000003,MIA,LV,lowvig,LowVig.ag,2026-09-11T20:55:24Z,31.957416,145.0,-165.0,0.40816326530612246,0.6226415094339622,0.030804774740084806,0.6040343668285393,LV,3.0,-102,-3.0,-108,40.5,-107,-107
2026-09-11T20:55:55Z,SCHEDULED_FULL,c5d95f48a16849ab6bebc68fbbfcb74a,odds_c5d95f48a16849ab6bebc68fbbfcb74a,,,2026-09-13T20:25:00Z,2849.0673764000003,MIA,LV,betmgm,BetMGM,2026-09-11T20:54:53Z,62.957416,145.0,-175.0,0.40816326530612246,0.6363636363636364,0.0445269016697587,0.6092362344582594,LV,3.0,-108,-3.0,-110,40.5,-108,-110
2026-09-11T20:55:55Z,SCHEDULED_FULL,c5d95f48a16849ab6bebc68fbbfcb74a,odds_c5d95f48a16849ab6bebc68fbbfcb74a,,,2026-09-13T20:25:00Z,2849.0673764000003,MIA,LV,bovada,Bovada,2026-09-11T20:54:02Z,113.957416,140.0,-165.0,0.4166666666666667,0.6226415094339622,0.03930817610062887,0.5990922844175491,LV,3.0,-105,-3.0,-115,40.0,-110,-110
2026-09-11T20:55:55Z,SCHEDULED_FULL,c5d95f48a16849ab6bebc68fbbfcb74a,odds_c5d95f48a16849ab6bebc68fbbfcb74a,,,2026-09-13T20:25:00Z,2849.0673764000003,MIA,LV,pinnacle,Pinnacle,2026-09-11T20:55:54Z,1.957416,144.0,-164.0,0.4098360655737705,0.6212121212121212,0.03104818678589183,0.6025054203806312,LV,3.0,-103,-3.0,-109,40.5,-103,-113
2026-09-11T20:55:55Z,SCHEDULED_FULL,c5d95f48a16849ab6bebc68fbbfcb74a,odds_c5d95f48a16849ab6bebc68fbbfcb74a,,,2026-09-13T20:25:00Z,2849.0673764000003,MIA,LV,mybookieag,MyBookie.ag,2026-09-11T20:55:24Z,31.957416,140.0,-173.0,0.4166666666666667,0.6336996336996337,0.05036630036630041,0.6033129904097646,LV,3.0,100,-3.0,-120,40.0,-110,-110
2026-09-11T20:55:55Z,SCHEDULED_FULL,17885cb8dcade8f6c3bce14b2de805e8,odds_17885cb8dcade8f6c3bce14b2de805e8,,,2026-09-13T20:25:00Z,2849.0673764000003,WAS,PHI,draftkings,DraftKings,2026-09-11T20:55:55Z,0.957416,205.0,-250.0,0.32786885245901637,0.7142857142857143,0.042154566744730726,0.6853932584269663,PHI,6.0,-112,-6.0,-108,44.5,-105,-115
2026-09-11T20:55:55Z,SCHEDULED_FULL,17885cb8dcade8f6c3bce14b2de805e8,odds_17885cb8dcade8f6c3bce14b2de805e8,,,2026-09-13T20:25:00Z,2849.0673764000003,WAS,PHI,fanduel,FanDuel,2026-09-11T20:55:54Z,1.957416,205.0,-250.0,0.32786885245901637,0.7142857142857143,0.042154566744730726,0.6853932584269663,PHI,5.5,-110,-5.5,-110,44.5,-105,-115
2026-09-11T20:55:55Z,SCHEDULED_FULL,17885cb8dcade8f6c3bce14b2de805e8,odds_17885cb8dcade8f6c3bce14b2de805e8,,,2026-09-13T20:25:00Z,2849.0673764000003,WAS,PHI,betus,BetUS,2026-09-11T20:55:53Z,2.9574160000000003,205.0,-245.0,0.32786885245901637,0.7101449275362319,0.03801377999524824,0.6841382467383841,PHI,5.5,-110,-5.5,-110,44.0,-110,-110
2026-09-11T20:55:55Z,SCHEDULED_FULL,17885cb8dcade8f6c3bce14b2de805e8,odds_17885cb8dcade8f6c3bce14b2de805e8,,,2026-09-13T20:25:00Z,2849.0673764000003,WAS,PHI,betrivers,BetRivers,2026-09-11T20:54:53Z,62.957416,205.0,-250.0,0.32786885245901637,0.7142857142857143,0.042154566744730726,0.6853932584269663,PHI,5.5,-110,-5.5,-110,44.5,-106,-114
2026-09-11T20:55:55Z,SCHEDULED_FULL,17885cb8dcade8f6c3bce14b2de805e8,odds_17885cb8dcade8f6c3bce14b2de805e8,,,2026-09-13T20:25:00Z,2849.0673764000003,WAS,PHI,betonlineag,BetOnline.ag,2026-09-11T20:55:51Z,4.957416,205.0,-247.0,0.32786885245901637,0.7118155619596542,0.039684414418670544,0.6846457945199256,PHI,5.0,-105,-5.0,-115,44.0,-110,-110
2026-09-11T20:55:55Z,SCHEDULED_FULL,17885cb8dcade8f6c3bce14b2de805e8,odds_17885cb8dcade8f6c3bce14b2de805e8,,,2026-09-13T20:25:00Z,2849.0673764000003,WAS,PHI,lowvig,LowVig.ag,2026-09-11T20:55:24Z,31.957416,205.0,-247.0,0.32786885245901637,0.7118155619596542,0.039684414418670544,0.6846457945199256,PHI,5.0,100,-5.0,-110,44.0,-107,-107
2026-09-11T20:55:55Z,SCHEDULED_FULL,17885cb8dcade8f6c3bce14b2de805e8,odds_17885cb8dcade8f6c3bce14b2de805e8,,,2026-09-13T20:25:00Z,2849.0673764000003,WAS,PHI,betmgm,BetMGM,2026-09-11T20:54:53Z,62.957416,200.0,-235.0,0.3333333333333333,0.7014925373134329,0.03482587064676612,0.6778846153846154,PHI,5.5,-108,-5.5,-110,44.5,-105,-112
2026-09-11T20:55:55Z,SCHEDULED_FULL,17885cb8dcade8f6c3bce14b2de805e8,odds_17885cb8dcade8f6c3bce14b2de805e8,,,2026-09-13T20:25:00Z,2849.0673764000003,WAS,PHI,bovada,Bovada,2026-09-11T20:54:02Z,113.957416,205.0,-245.0,0.32786885245901637,0.7101449275362319,0.03801377999524824,0.6841382467383841,PHI,5.5,-110,-5.5,-110,44.0,-110,-110
2026-09-11T20:55:55Z,SCHEDULED_FULL,17885cb8dcade8f6c3bce14b2de805e8,odds_17885cb8dcade8f6c3bce14b2de805e8,,,2026-09-13T20:25:00Z,2849.0673764000003,WAS,PHI,pinnacle,Pinnacle,2026-09-11T20:55:54Z,1.957416,208.0,-244.0,0.3246753246753247,0.7093023255813954,0.03397765025672017,0.6859938659266832,PHI,5.5,-106,-5.5,-106,44.5,-102,-115
2026-09-11T20:55:55Z,SCHEDULED_FULL,17885cb8dcade8f6c3bce14b2de805e8,odds_17885cb8dcade8f6c3bce14b2de805e8,,,2026-09-13T20:25:00Z,2849.0673764000003,WAS,PHI,mybookieag,MyBookie.ag,2026-09-11T20:55:24Z,31.957416,200.0,-255.0,0.3333333333333333,0.7183098591549296,0.05164319248826299,0.6830357142857143,PHI,5.5,-110,-5.5,-110,44.5,-110,-110
2026-09-11T20:55:55Z,SCHEDULED_FULL,3e646c7479c57f5d9752d8c7dfe7059b,odds_3e646c7479c57f5d9752d8c7dfe7059b,,,2026-09-14T00:20:00Z,3084.0673764000003,DAL,NYG,draftkings,DraftKings,2026-09-11T20:55:55Z,0.957416,-162.0,136.0,0.6183206106870229,0.423728813559322,0.042049424246344946,0.4066302458405761,DAL,-3.0,-105,3.0,-115,48.5,-105,-115
2026-09-11T20:55:55Z,SCHEDULED_FULL,3e646c7479c57f5d9752d8c7dfe7059b,odds_3e646c7479c57f5d9752d8c7dfe7059b,,,2026-09-14T00:20:00Z,3084.0673764000003,DAL,NYG,fanduel,FanDuel,2026-09-11T20:55:54Z,1.957416,-162.0,136.0,0.6183206106870229,0.423728813559322,0.042049424246344946,0.4066302458405761,DAL,-2.5,-124,2.5,102,48.5,-105,-115
2026-09-11T20:55:55Z,SCHEDULED_FULL,3e646c7479c57f5d9752d8c7dfe7059b,odds_3e646c7479c57f5d9752d8c7dfe7059b,,,2026-09-14T00:20:00Z,3084.0673764000003,DAL,NYG,betonlineag,BetOnline.ag,2026-09-11T20:55:51Z,4.957416,-159.0,139.0,0.6138996138996139,0.41841004184100417,0.03230965574061795,0.4053144708220529,DAL,-3.0,-107,3.0,-113,48.0,-108,-112
2026-09-11T20:55:55Z,SCHEDULED_FULL,3e646c7479c57f5d9752d8c7dfe7059b,odds_3e646c7479c57f5d9752d8c7dfe7059b,,,2026-09-14T00:20:00Z,3084.0673764000003,DAL,NYG,betmgm,BetMGM,2026-09-11T20:54:53Z,62.957416,-160.0,138.0,0.6153846153846154,0.42016806722689076,0.03555268261150624,0.40574282147315854,DAL,-3.0,-108,3.0,-110,48.0,-110,-108
2026-09-11T20:55:55Z,SCHEDULED_FULL,3e646c7479c57f5d9752d8c7dfe7059b,odds_3e646c7479c57f5d9752d8c7dfe7059b,,,2026-09-14T00:20:00Z,3084.0673764000003,DAL,NYG,lowvig,LowVig.ag,2026-09-11T20:55:24Z,31.957416,-159.0,139.0,0.6138996138996139,0.41841004184100417,0.03230965574061795,0.4053144708220529,DAL,-3.0,-102,3.0,-108,48.0,-105,-109
2026-09-11T20:55:55Z,SCHEDULED_FULL,3e646c7479c57f5d9752d8c7dfe7059b,odds_3e646c7479c57f5d9752d8c7dfe7059b,,,2026-09-14T00:20:00Z,3084.0673764000003,DAL,NYG,betrivers,BetRivers,2026-09-11T20:54:53Z,62.957416,-157.0,132.0,0.6108949416342413,0.43103448275862066,0.04192942439286185,0.41368875152919965,DAL,-3.0,-106,3.0,-115,47.5,-113,-108
2026-09-11T20:55:55Z,SCHEDULED_FULL,3e646c7479c57f5d9752d8c7dfe7059b,odds_3e646c7479c57f5d9752d8c7dfe7059b,,,2026-09-14T00:20:00Z,3084.0673764000003,DAL,NYG,bovada,Bovada,2026-09-11T20:54:02Z,113.957416,-165.0,140.0,0.6226415094339622,0.4166666666666667,0.03930817610062887,0.40090771558245086,DAL,-3.0,-105,3.0,-115,48.0,-110,-110
2026-09-11T20:55:55Z,SCHEDULED_FULL,3e646c7479c57f5d9752d8c7dfe7059b,odds_3e646c7479c57f5d9752d8c7dfe7059b,,,2026-09-14T00:20:00Z,3084.0673764000003,DAL,NYG,betus,BetUS,2026-09-11T20:55:53Z,2.9574160000000003,-155.0,134.0,0.6078431372549019,0.42735042735042733,0.035193564605329186,0.41282175813501704,DAL,-3.0,-105,3.0,-115,48.0,-108,-112
2026-09-11T20:55:55Z,SCHEDULED_FULL,3e646c7479c57f5d9752d8c7dfe7059b,odds_3e646c7479c57f5d9752d8c7dfe7059b,,,2026-09-14T00:20:00Z,3084.0673764000003,DAL,NYG,pinnacle,Pinnacle,2026-09-11T20:55:54Z,1.957416,-160.0,141.0,0.6153846153846154,0.4149377593360996,0.030322374720715084,0.40272614622057,DAL,-2.5,-125,2.5,111,47.5,-116,-101
2026-09-11T20:55:55Z,SCHEDULED_FULL,3e646c7479c57f5d9752d8c7dfe7059b,odds_3e646c7479c57f5d9752d8c7dfe7059b,,,2026-09-14T00:20:00Z,3084.0673764000003,DAL,NYG,mybookieag,MyBookie.ag,2026-09-11T20:55:24Z,31.957416,-164.0,133.0,0.6212121212121212,0.4291845493562232,0.050396670568344515,0.4085928310530551,DAL,-3.0,100,3.0,-120,48.0,-110,-110
2026-09-11T20:55:55Z,SCHEDULED_FULL,5ad8135dc2b5f27de0b777acd317855a,odds_5ad8135dc2b5f27de0b777acd317855a,,,2026-09-15T00:15:00Z,4519.067376399999,DEN,KC,draftkings,DraftKings,2026-09-11T20:55:55Z,0.957416,124.0,-148.0,0.44642857142857145,0.5967741935483871,0.04320276497695863,0.5720596355604638,KC,2.5,-102,-2.5,-118,43.5,-115,-105
2026-09-11T20:55:55Z,SCHEDULED_FULL,5ad8135dc2b5f27de0b777acd317855a,odds_5ad8135dc2b5f27de0b777acd317855a,,,2026-09-15T00:15:00Z,4519.067376399999,DEN,KC,fanduel,FanDuel,2026-09-11T20:55:54Z,1.957416,118.0,-138.0,0.45871559633027525,0.5798319327731093,0.03854752910338455,0.5583104446588969,KC,2.5,-108,-2.5,-112,43.5,-112,-108
2026-09-11T20:55:55Z,SCHEDULED_FULL,5ad8135dc2b5f27de0b777acd317855a,odds_5ad8135dc2b5f27de0b777acd317855a,,,2026-09-15T00:15:00Z,4519.067376399999,DEN,KC,lowvig,LowVig.ag,2026-09-11T20:55:24Z,31.957416,125.0,-145.0,0.4444444444444444,0.5918367346938775,0.03628117913832196,0.5711159737417943,KC,2.5,101,-2.5,-112,43.5,-113,-102
2026-09-11T20:55:55Z,SCHEDULED_FULL,5ad8135dc2b5f27de0b777acd317855a,odds_5ad8135dc2b5f27de0b777acd317855a,,,2026-09-15T00:15:00Z,4519.067376399999,DEN,KC,betonlineag,BetOnline.ag,2026-09-11T20:55:51Z,4.957416,125.0,-145.0,0.4444444444444444,0.5918367346938775,0.03628117913832196,0.5711159737417943,KC,2.5,-104,-2.5,-116,43.5,-115,-105
2026-09-11T20:55:55Z,SCHEDULED_FULL,5ad8135dc2b5f27de0b777acd317855a,odds_5ad8135dc2b5f27de0b777acd317855a,,,2026-09-15T00:15:00Z,4519.067376399999,DEN,KC,betmgm,BetMGM,2026-09-11T20:54:53Z,62.957416,120.0,-145.0,0.45454545454545453,0.5918367346938775,0.04638218923933213,0.5656028368794326,KC,2.5,-105,-2.5,-115,43.5,-110,-108
2026-09-11T20:55:55Z,SCHEDULED_FULL,5ad8135dc2b5f27de0b777acd317855a,odds_5ad8135dc2b5f27de0b777acd317855a,,,2026-09-15T00:15:00Z,4519.067376399999,DEN,KC,bovada,Bovada,2026-09-11T20:54:02Z,113.957416,120.0,-140.0,0.45454545454545453,0.5833333333333334,0.037878787878787845,0.562043795620438,KC,2.5,-110,-2.5,-110,43.5,-110,-110
2026-09-11T20:55:55Z,SCHEDULED_FULL,5ad8135dc2b5f27de0b777acd317855a,odds_5ad8135dc2b5f27de0b777acd317855a,,,2026-09-15T00:15:00Z,4519.067376399999,DEN,KC,betus,BetUS,2026-09-11T20:55:53Z,2.9574160000000003,125.0,-145.0,0.4444444444444444,0.5918367346938775,0.03628117913832196,0.5711159737417943,KC,2.0,100,-2.0,-120,43.5,-115,-105
2026-09-11T20:55:55Z,SCHEDULED_FULL,5ad8135dc2b5f27de0b777acd317855a,odds_5ad8135dc2b5f27de0b777acd317855a,,,2026-09-15T00:15:00Z,4519.067376399999,DEN,KC,betrivers,BetRivers,2026-09-11T20:54:53Z,62.957416,120.0,-148.0,0.45454545454545453,0.5967741935483871,0.0513196480938416,0.5676429567642958,KC,2.5,-103,-2.5,-118,43.5,-108,-113
2026-09-11T20:55:55Z,SCHEDULED_FULL,5ad8135dc2b5f27de0b777acd317855a,odds_5ad8135dc2b5f27de0b777acd317855a,,,2026-09-15T00:15:00Z,4519.067376399999,DEN,KC,pinnacle,Pinnacle,2026-09-11T20:55:54Z,1.957416,122.0,-137.0,0.45045045045045046,0.5780590717299579,0.028509522180408364,0.5620357024060317,KC,2.5,-106,-2.5,-106,44.0,101,-118
2026-09-11T20:55:55Z,SCHEDULED_FULL,5ad8135dc2b5f27de0b777acd317855a,odds_5ad8135dc2b5f27de0b777acd317855a,,,2026-09-15T00:15:00Z,4519.067376399999,DEN,KC,mybookieag,MyBookie.ag,2026-09-11T20:55:24Z,31.957416,117.0,-150.0,0.4608294930875576,0.6,0.060829493087557474,0.5655951346655083,KC,2.5,-110,-2.5,-110,43.5,-110,-110
2026-09-11T20:55:55Z,SCHEDULED_FULL,56e8897681915f7ec92baeee952bb1ae,odds_56e8897681915f7ec92baeee952bb1ae,,,2026-09-18T00:15:00Z,8839.0673764,DET,BUF,draftkings,DraftKings,2026-09-11T20:55:55Z,0.957416,136.0,-162.0,0.423728813559322,0.6183206106870229,0.042049424246344946,0.593369754159424,BUF,3.0,-105,-3.0,-115,51.5,-115,-105
2026-09-11T20:55:55Z,SCHEDULED_FULL,56e8897681915f7ec92baeee952bb1ae,odds_56e8897681915f7ec92baeee952bb1ae,,,2026-09-18T00:15:00Z,8839.0673764,DET,BUF,fanduel,FanDuel,2026-09-11T20:55:54Z,1.957416,164.0,-196.0,0.3787878787878788,0.6621621621621622,0.040950040950040956,0.6361132966168371,BUF,3.5,-110,-3.5,-110,52.5,-110,-110
2026-09-11T20:55:55Z,SCHEDULED_FULL,56e8897681915f7ec92baeee952bb1ae,odds_56e8897681915f7ec92baeee952bb1ae,,,2026-09-18T00:15:00Z,8839.0673764,DET,BUF,betonlineag,BetOnline.ag,2026-09-11T20:55:51Z,4.957416,,,,,,,,3.0,100,-3.0,-120,51.5,-110,-110
2026-09-11T20:55:55Z,SCHEDULED_FULL,56e8897681915f7ec92baeee952bb1ae,odds_56e8897681915f7ec92baeee952bb1ae,,,2026-09-18T00:15:00Z,8839.0673764,DET,BUF,lowvig,LowVig.ag,2026-09-11T20:55:24Z,31.957416,,,,,,,,3.0,105,-3.0,-116,51.5,-107,-107
2026-09-11T20:55:55Z,SCHEDULED_FULL,56e8897681915f7ec92baeee952bb1ae,odds_56e8897681915f7ec92baeee952bb1ae,,,2026-09-18T00:15:00Z,8839.0673764,DET,BUF,betrivers,BetRivers,2026-09-11T20:54:53Z,62.957416,140.0,-175.0,0.4166666666666667,0.6363636363636364,0.05303030303030298,0.60431654676259,BUF,3.0,-109,-3.0,-112,52.5,-109,-112
2026-09-11T20:55:55Z,SCHEDULED_FULL,56e8897681915f7ec92baeee952bb1ae,odds_56e8897681915f7ec92baeee952bb1ae,,,2026-09-18T00:15:00Z,8839.0673764,DET,BUF,betus,BetUS,2026-09-11T20:55:53Z,2.9574160000000003,,,,,,,,3.0,100,-3.0,-120,51.5,-110,-110
2026-09-11T20:55:55Z,SCHEDULED_FULL,aee7eae1849ebb103b9bf233e9741392,odds_aee7eae1849ebb103b9bf233e9741392,,,2026-09-20T17:00:00Z,12724.0673764,CAR,ATL,draftkings,DraftKings,2026-09-11T20:55:55Z,0.957416,105.0,-125.0,0.4878048780487805,0.5555555555555556,0.04336043360433606,0.5324675324675325,ATL,1.5,-110,-1.5,-110,42.5,-110,-110
2026-09-11T20:55:55Z,SCHEDULED_FULL,aee7eae1849ebb103b9bf233e9741392,odds_aee7eae1849ebb103b9bf233e9741392,,,2026-09-20T17:00:00Z,12724.0673764,CAR,ATL,fanduel,FanDuel,2026-09-11T20:55:54Z,1.957416,-108.0,-108.0,0.5192307692307693,0.5192307692307693,0.03846153846153855,0.5,ATL,1.5,-122,-1.5,100,42.5,-110,-110
2026-09-11T20:55:55Z,SCHEDULED_FULL,aee7eae1849ebb103b9bf233e9741392,odds_aee7eae1849ebb103b9bf233e9741392,,,2026-09-20T17:00:00Z,12724.0673764,CAR,ATL,betrivers,BetRivers,2026-09-11T20:54:53Z,62.957416,102.0,-124.0,0.49504950495049505,0.5535714285714286,0.04862093352192365,0.5279042320013488,ATL,1.5,-110,-1.5,-110,43.5,-110,-110
2026-09-11T20:55:55Z,SCHEDULED_FULL,2143ade9684fd876b68a4e8cbf451f05,odds_2143ade9684fd876b68a4e8cbf451f05,,,2026-09-20T17:00:00Z,12724.0673764,NO,BAL,draftkings,DraftKings,2026-09-11T20:55:55Z,0.957416,280.0,-355.0,0.2631578947368421,0.7802197802197802,0.04337767495662237,0.7477827050997783,BAL,7.5,-110,-7.5,-110,46.5,-110,-110
2026-09-11T20:55:55Z,SCHEDULED_FULL,2143ade9684fd876b68a4e8cbf451f05,odds_2143ade9684fd876b68a4e8cbf451f05,,,2026-09-20T17:00:00Z,12724.0673764,NO,BAL,betus,BetUS,2026-09-11T20:55:53Z,2.9574160000000003,,,,,,,,7.5,-110,-7.5,-110,46.5,-110,-110
2026-09-11T20:55:55Z,SCHEDULED_FULL,2143ade9684fd876b68a4e8cbf451f05,odds_2143ade9684fd876b68a4e8cbf451f05,,,2026-09-20T17:00:00Z,12724.0673764,NO,BAL,lowvig,LowVig.ag,2026-09-11T20:55:24Z,31.957416,,,,,,,,7.5,-105,-7.5,-105,46.5,-107,-107
2026-09-11T20:55:55Z,SCHEDULED_FULL,2143ade9684fd876b68a4e8cbf451f05,odds_2143ade9684fd876b68a4e8cbf451f05,,,2026-09-20T17:00:00Z,12724.0673764,NO,BAL,betonlineag,BetOnline.ag,2026-09-11T20:55:51Z,4.957416,,,,,,,,7.5,-110,-7.5,-110,46.5,-110,-110
2026-09-11T20:55:55Z,SCHEDULED_FULL,2143ade9684fd876b68a4e8cbf451f05,odds_2143ade9684fd876b68a4e8cbf451f05,,,2026-09-20T17:00:00Z,12724.0673764,NO,BAL,fanduel,FanDuel,2026-09-11T20:55:54Z,1.957416,360.0,-460.0,0.21739130434782608,0.8214285714285714,0.03881987577639756,0.7907324364723467,BAL,8.5,-118,-8.5,-104,46.5,-118,-104
2026-09-11T20:55:55Z,SCHEDULED_FULL,2143ade9684fd876b68a4e8cbf451f05,odds_2143ade9684fd876b68a4e8cbf451f05,,,2026-09-20T17:00:00Z,12724.0673764,NO,BAL,betrivers,BetRivers,2026-09-11T20:54:53Z,62.957416,300.0,-400.0,0.25,0.8,0.050000000000000044,0.7619047619047619,BAL,7.5,-109,-7.5,-112,46.5,-110,-110
2026-09-11T20:55:55Z,SCHEDULED_FULL,0283a29e1b38ef78b29b904fd56a16dd,odds_0283a29e1b38ef78b29b904fd56a16dd,,,2026-09-20T17:00:00Z,12724.0673764,MIN,CHI,draftkings,DraftKings,2026-09-11T20:55:55Z,0.957416,142.0,-170.0,0.4132231404958678,0.6296296296296297,0.042852770125497486,0.6037569709421778,CHI,3.0,-110,-3.0,-110,45.5,-110,-110
2026-09-11T20:55:55Z,SCHEDULED_FULL,0283a29e1b38ef78b29b904fd56a16dd,odds_0283a29e1b38ef78b29b904fd56a16dd,,,2026-09-20T17:00:00Z,12724.0673764,MIN,CHI,lowvig,LowVig.ag,2026-09-11T20:55:24Z,31.957416,,,,,,,,3.0,-121,-3.0,110,45.5,-107,-107
2026-09-11T20:55:55Z,SCHEDULED_FULL,0283a29e1b38ef78b29b904fd56a16dd,odds_0283a29e1b38ef78b29b904fd56a16dd,,,2026-09-20T17:00:00Z,12724.0673764,MIN,CHI,betonlineag,BetOnline.ag,2026-09-11T20:55:51Z,4.957416,,,,,,,,3.0,-125,-3.0,105,45.5,-110,-110
2026-09-11T20:55:55Z,SCHEDULED_FULL,0283a29e1b38ef78b29b904fd56a16dd,odds_0283a29e1b38ef78b29b904fd56a16dd,,,2026-09-20T17:00:00Z,12724.0673764,MIN,CHI,betus,BetUS,2026-09-11T20:55:53Z,2.9574160000000003,,,,,,,,3.0,-125,-3.0,105,45.5,-110,-110
2026-09-11T20:55:55Z,SCHEDULED_FULL,0283a29e1b38ef78b29b904fd56a16dd,odds_0283a29e1b38ef78b29b904fd56a16dd,,,2026-09-20T17:00:00Z,12724.0673764,MIN,CHI,fanduel,FanDuel,2026-09-11T20:55:54Z,1.957416,138.0,-164.0,0.42016806722689076,0.6212121212121212,0.04138018843901192,0.5965276928719893,CHI,3.0,-110,-3.0,-110,46.5,-110,-110
2026-09-11T20:55:55Z,SCHEDULED_FULL,0283a29e1b38ef78b29b904fd56a16dd,odds_0283a29e1b38ef78b29b904fd56a16dd,,,2026-09-20T17:00:00Z,12724.0673764,MIN,CHI,betrivers,BetRivers,2026-09-11T20:54:53Z,62.957416,135.0,-165.0,0.425531914893617,0.6226415094339622,0.04817342432757932,0.5940252776713902,CHI,3.0,-110,-3.0,-110,45.5,-112,-109
2026-09-11T20:55:55Z,SCHEDULED_FULL,36ad2fa722f4915ef23d2c81351261de,odds_36ad2fa722f4915ef23d2c81351261de,,,2026-09-20T17:00:00Z,12724.0673764,CIN,HOU,draftkings,DraftKings,2026-09-11T20:55:55Z,0.957416,124.0,-148.0,0.44642857142857145,0.5967741935483871,0.04320276497695863,0.5720596355604638,HOU,2.5,-102,-2.5,-118,45.5,-110,-110
2026-09-11T20:55:55Z,SCHEDULED_FULL,36ad2fa722f4915ef23d2c81351261de,odds_36ad2fa722f4915ef23d2c81351261de,,,2026-09-20T17:00:00Z,12724.0673764,CIN,HOU,betus,BetUS,2026-09-11T20:55:53Z,2.9574160000000003,,,,,,,,3.0,-125,-3.0,105,45.5,-105,-115
2026-09-11T20:55:55Z,SCHEDULED_FULL,36ad2fa722f4915ef23d2c81351261de,odds_36ad2fa722f4915ef23d2c81351261de,,,2026-09-20T17:00:00Z,12724.0673764,CIN,HOU,lowvig,LowVig.ag,2026-09-11T20:55:24Z,31.957416,,,,,,,,3.0,-119,-3.0,108,45.5,-102,-113
2026-09-11T20:55:55Z,SCHEDULED_FULL,36ad2fa722f4915ef23d2c81351261de,odds_36ad2fa722f4915ef23d2c81351261de,,,2026-09-20T17:00:00Z,12724.0673764,CIN,HOU,betonlineag,BetOnline.ag,2026-09-11T20:55:51Z,4.957416,,,,,,,,3.0,-123,-3.0,103,45.5,-105,-115
2026-09-11T20:55:55Z,SCHEDULED_FULL,36ad2fa722f4915ef23d2c81351261de,odds_36ad2fa722f4915ef23d2c81351261de,,,2026-09-20T17:00:00Z,12724.0673764,CIN,HOU,fanduel,FanDuel,2026-09-11T20:55:54Z,1.957416,116.0,-136.0,0.46296296296296297,0.576271186440678,0.039234149403641005,0.5545152521896708,HOU,2.5,-110,-2.5,-110,46.5,-110,-110
2026-09-11T20:55:55Z,SCHEDULED_FULL,36ad2fa722f4915ef23d2c81351261de,odds_36ad2fa722f4915ef23d2c81351261de,,,2026-09-20T17:00:00Z,12724.0673764,CIN,HOU,betrivers,BetRivers,2026-09-11T20:54:53Z,62.957416,116.0,-141.0,0.46296296296296297,0.5850622406639004,0.048025203626863355,0.5582520712662219,HOU,2.5,-109,-2.5,-112,46.0,-113,-108
2026-09-11T20:55:55Z,SCHEDULED_FULL,0636ebff776d43f8c829a36713c80b22,odds_0636ebff776d43f8c829a36713c80b22,,,2026-09-20T17:00:00Z,12724.0673764,CLE,TB,draftkings,DraftKings,2026-09-11T20:55:55Z,0.957416,230.0,-285.0,0.30303030303030304,0.7402597402597403,0.04329004329004338,0.7095435684647302,TB,6.5,-110,-6.5,-110,42.5,-110,-110
2026-09-11T20:55:55Z,SCHEDULED_FULL,0636ebff776d43f8c829a36713c80b22,odds_0636ebff776d43f8c829a36713c80b22,,,2026-09-20T17:00:00Z,12724.0673764,CLE,TB,betus,BetUS,2026-09-11T20:55:53Z,2.9574160000000003,,,,,,,,6.5,100,-6.5,-120,40.5,-115,-105
2026-09-11T20:55:55Z,SCHEDULED_FULL,0636ebff776d43f8c829a36713c80b22,odds_0636ebff776d43f8c829a36713c80b22,,,2026-09-20T17:00:00Z,12724.0673764,CLE,TB,lowvig,LowVig.ag,2026-09-11T20:55:24Z,31.957416,,,,,,,,6.5,-101,-6.5,-109,40.5,-113,-102
2026-09-11T20:55:55Z,SCHEDULED_FULL,0636ebff776d43f8c829a36713c80b22,odds_0636ebff776d43f8c829a36713c80b22,,,2026-09-20T17:00:00Z,12724.0673764,CLE,TB,betonlineag,BetOnline.ag,2026-09-11T20:55:51Z,4.957416,,,,,,,,6.5,-102,-6.5,-118,40.5,-115,-105
2026-09-11T20:55:55Z,SCHEDULED_FULL,0636ebff776d43f8c829a36713c80b22,odds_0636ebff776d43f8c829a36713c80b22,,,2026-09-20T17:00:00Z,12724.0673764,CLE,TB,fanduel,FanDuel,2026-09-11T20:55:54Z,1.957416,265.0,-330.0,0.273972602739726,0.7674418604651163,0.04141446320484232,0.7369226063016213,TB,6.5,-105,-6.5,-115,40.5,-105,-115
2026-09-11T20:55:55Z,SCHEDULED_FULL,0636ebff776d43f8c829a36713c80b22,odds_0636ebff776d43f8c829a36713c80b22,,,2026-09-20T17:00:00Z,12724.0673764,CLE,TB,betrivers,BetRivers,2026-09-11T20:54:53Z,62.957416,230.0,-295.0,0.30303030303030304,0.7468354430379747,0.04986574606827765,0.711362805991962,TB,6.5,-110,-6.5,-110,41.5,-110,-110
2026-09-11T20:55:55Z,SCHEDULED_FULL,4aeee070bb6ec60bdfae4dede61b9014,odds_4aeee070bb6ec60bdfae4dede61b9014,,,2026-09-20T17:00:00Z,12724.0673764,GB,NYJ,draftkings,DraftKings,2026-09-11T20:55:55Z,0.957416,-245.0,200.0,0.7101449275362319,0.3333333333333333,0.04347826086956519,0.3194444444444444,GB,-5.5,-110,5.5,-110,42.5,-110,-110
2026-09-11T20:55:55Z,SCHEDULED_FULL,4aeee070bb6ec60bdfae4dede61b9014,odds_4aeee070bb6ec60bdfae4dede61b9014,,,2026-09-20T17:00:00Z,12724.0673764,GB,NYJ,lowvig,LowVig.ag,2026-09-11T20:55:24Z,31.957416,,,,,,,,-5.5,100,5.5,-110,42.5,-107,-107
2026-09-11T20:55:55Z,SCHEDULED_FULL,4aeee070bb6ec60bdfae4dede61b9014,odds_4aeee070bb6ec60bdfae4dede61b9014,,,2026-09-20T17:00:00Z,12724.0673764,GB,NYJ,betonlineag,BetOnline.ag,2026-09-11T20:55:51Z,4.957416,,,,,,,,-5.5,-105,5.5,-115,42.5,-110,-110
2026-09-11T20:55:55Z,SCHEDULED_FULL,4aeee070bb6ec60bdfae4dede61b9014,odds_4aeee070bb6ec60bdfae4dede61b9014,,,2026-09-20T17:00:00Z,12724.0673764,GB,NYJ,betus,BetUS,2026-09-11T20:55:53Z,2.9574160000000003,,,,,,,,-5.5,-105,5.5,-115,42.5,-110,-110
2026-09-11T20:55:55Z,SCHEDULED_FULL,4aeee070bb6ec60bdfae4dede61b9014,odds_4aeee070bb6ec60bdfae4dede61b9014,,,2026-09-20T17:00:00Z,12724.0673764,GB,NYJ,fanduel,FanDuel,2026-09-11T20:55:54Z,1.957416,-245.0,200.0,0.7101449275362319,0.3333333333333333,0.04347826086956519,0.3194444444444444,GB,-5.5,-110,5.5,-110,42.5,-118,-104
2026-09-11T20:55:55Z,SCHEDULED_FULL,4aeee070bb6ec60bdfae4dede61b9014,odds_4aeee070bb6ec60bdfae4dede61b9014,,,2026-09-20T17:00:00Z,12724.0673764,GB,NYJ,betrivers,BetRivers,2026-09-11T20:54:53Z,62.957416,-245.0,200.0,0.7101449275362319,0.3333333333333333,0.04347826086956519,0.3194444444444444,GB,-5.5,-112,5.5,-109,42.5,-112,-109
2026-09-11T20:55:55Z,SCHEDULED_FULL,9d14f87600f6edc74dbcb5c74edf6246,odds_9d14f87600f6edc74dbcb5c74edf6246,,,2026-09-20T17:00:00Z,12724.0673764,PIT,NE,draftkings,DraftKings,2026-09-11T20:55:55Z,0.957416,170.0,-205.0,0.37037037037037035,0.6721311475409836,0.042501517911353925,0.644729178800233,NE,4.5,-115,-4.5,-105,43.5,-110,-110
2026-09-11T20:55:55Z,SCHEDULED_FULL,9d14f87600f6edc74dbcb5c74edf6246,odds_9d14f87600f6edc74dbcb5c74edf6246,,,2026-09-20T17:00:00Z,12724.0673764,PIT,NE,betrivers,BetRivers,2026-09-11T20:54:53Z,62.957416,170.0,-210.0,0.37037037037037035,0.6774193548387096,0.04778972520907998,0.6465222348916762,NE,4.5,-110,-4.5,-110,43.5,-112,-109
2026-09-11T20:55:55Z,SCHEDULED_FULL,fafc649c455e32a0f2ba1bd06e2039bc,odds_fafc649c455e32a0f2ba1bd06e2039bc,,,2026-09-20T17:00:00Z,12724.0673764,PHI,TEN,draftkings,DraftKings,2026-09-11T20:55:55Z,0.957416,-230.0,190.0,0.696969696969697,0.3448275862068966,0.04179728317659359,0.33099297893681046,PHI,-5.5,-110,5.5,-110,42.5,-110,-110
2026-09-11T20:55:55Z,SCHEDULED_FULL,fafc649c455e32a0f2ba1bd06e2039bc,odds_fafc649c455e32a0f2ba1bd06e2039bc,,,2026-09-20T17:00:00Z,12724.0673764,PHI,TEN,betus,BetUS,2026-09-11T20:55:53Z,2.9574160000000003,,,,,,,,-4.5,-110,4.5,-110,42.5,-110,-110
2026-09-11T20:55:55Z,SCHEDULED_FULL,fafc649c455e32a0f2ba1bd06e2039bc,odds_fafc649c455e32a0f2ba1bd06e2039bc,,,2026-09-20T17:00:00Z,12724.0673764,PHI,TEN,lowvig,LowVig.ag,2026-09-11T20:55:24Z,31.957416,,,,,,,,-4.5,-105,4.5,-105,42.5,-107,-107
2026-09-11T20:55:55Z,SCHEDULED_FULL,fafc649c455e32a0f2ba1bd06e2039bc,odds_fafc649c455e32a0f2ba1bd06e2039bc,,,2026-09-20T17:00:00Z,12724.0673764,PHI,TEN,betonlineag,BetOnline.ag,2026-09-11T20:55:51Z,4.957416,,,,,,,,-4.5,-110,4.5,-110,42.5,-110,-110
2026-09-11T20:55:55Z,SCHEDULED_FULL,fafc649c455e32a0f2ba1bd06e2039bc,odds_fafc649c455e32a0f2ba1bd06e2039bc,,,2026-09-20T17:00:00Z,12724.0673764,PHI,TEN,fanduel,FanDuel,2026-09-11T20:55:54Z,1.957416,-255.0,210.0,0.7183098591549296,0.3225806451612903,0.04089050431621999,0.3099083369707551,PHI,-5.5,-110,5.5,-110,41.5,-115,-105
2026-09-11T20:55:55Z,SCHEDULED_FULL,fafc649c455e32a0f2ba1bd06e2039bc,odds_fafc649c455e32a0f2ba1bd06e2039bc,,,2026-09-20T17:00:00Z,12724.0673764,PHI,TEN,betrivers,BetRivers,2026-09-11T20:54:53Z,62.957416,-245.0,200.0,0.7101449275362319,0.3333333333333333,0.04347826086956519,0.3194444444444444,PHI,-5.5,-110,5.5,-110,42.5,-110,-110
2026-09-11T20:55:55Z,SCHEDULED_FULL,1fd6628c781f556a7a19638e97d7107f,odds_1fd6628c781f556a7a19638e97d7107f,,,2026-09-20T20:05:00Z,12909.0673764,JAX,DEN,draftkings,DraftKings,2026-09-11T20:55:55Z,0.957416,130.0,-155.0,0.43478260869565216,0.6078431372549019,0.04262574595055413,0.5829926410466066,DEN,3.0,-110,-3.0,-110,43.5,-110,-110
2026-09-11T20:55:55Z,SCHEDULED_FULL,1fd6628c781f556a7a19638e97d7107f,odds_1fd6628c781f556a7a19638e97d7107f,,,2026-09-20T20:05:00Z,12909.0673764,JAX,DEN,betus,BetUS,2026-09-11T20:55:53Z,2.9574160000000003,,,,,,,,3.0,-105,-3.0,-115,44.5,-110,-110
2026-09-11T20:55:55Z,SCHEDULED_FULL,1fd6628c781f556a7a19638e97d7107f,odds_1fd6628c781f556a7a19638e97d7107f,,,2026-09-20T20:05:00Z,12909.0673764,JAX,DEN,lowvig,LowVig.ag,2026-09-11T20:55:24Z,31.957416,,,,,,,,3.0,100,-3.0,-110,44.5,-107,-107
2026-09-11T20:55:55Z,SCHEDULED_FULL,1fd6628c781f556a7a19638e97d7107f,odds_1fd6628c781f556a7a19638e97d7107f,,,2026-09-20T20:05:00Z,12909.0673764,JAX,DEN,betonlineag,BetOnline.ag,2026-09-11T20:55:51Z,4.957416,,,,,,,,3.0,-105,-3.0,-115,44.5,-110,-110
2026-09-11T20:55:55Z,SCHEDULED_FULL,1fd6628c781f556a7a19638e97d7107f,odds_1fd6628c781f556a7a19638e97d7107f,,,2026-09-20T20:05:00Z,12909.0673764,JAX,DEN,fanduel,FanDuel,2026-09-11T20:55:54Z,1.957416,120.0,-142.0,0.45454545454545453,0.5867768595041323,0.04132231404958686,0.5634920634920635,DEN,2.5,-106,-2.5,-114,44.5,-118,-104
2026-09-11T20:55:55Z,SCHEDULED_FULL,1fd6628c781f556a7a19638e97d7107f,odds_1fd6628c781f556a7a19638e97d7107f,,,2026-09-20T20:05:00Z,12909.0673764,JAX,DEN,betrivers,BetRivers,2026-09-11T20:54:53Z,62.957416,120.0,-148.0,0.45454545454545453,0.5967741935483871,0.0513196480938416,0.5676429567642958,DEN,3.0,-112,-3.0,-109,44.5,-110,-110
2026-09-11T20:55:55Z,SCHEDULED_FULL,71b3b83747589efdc5baef2c5cf811bf,odds_71b3b83747589efdc5baef2c5cf811bf,,,2026-09-20T20:05:00Z,12909.0673764,LV,LAC,draftkings,DraftKings,2026-09-11T20:55:55Z,0.957416,310.0,-395.0,0.24390243902439024,0.797979797979798,0.04188223700418825,0.7659021045164341,LAC,9.5,-110,-9.5,-110,42.5,-110,-110
2026-09-11T20:55:55Z,SCHEDULED_FULL,71b3b83747589efdc5baef2c5cf811bf,odds_71b3b83747589efdc5baef2c5cf811bf,,,2026-09-20T20:05:00Z,12909.0673764,LV,LAC,betus,BetUS,2026-09-11T20:55:53Z,2.9574160000000003,,,,,,,,9.5,-110,-9.5,-110,42.5,-110,-110
2026-09-11T20:55:55Z,SCHEDULED_FULL,71b3b83747589efdc5baef2c5cf811bf,odds_71b3b83747589efdc5baef2c5cf811bf,,,2026-09-20T20:05:00Z,12909.0673764,LV,LAC,lowvig,LowVig.ag,2026-09-11T20:55:24Z,31.957416,,,,,,,,9.0,100,-9.0,-110,42.5,-107,-107
2026-09-11T20:55:55Z,SCHEDULED_FULL,71b3b83747589efdc5baef2c5cf811bf,odds_71b3b83747589efdc5baef2c5cf811bf,,,2026-09-20T20:05:00Z,12909.0673764,LV,LAC,betonlineag,BetOnline.ag,2026-09-11T20:55:51Z,4.957416,,,,,,,,9.0,-105,-9.0,-115,42.5,-110,-110
2026-09-11T20:55:55Z,SCHEDULED_FULL,71b3b83747589efdc5baef2c5cf811bf,odds_71b3b83747589efdc5baef2c5cf811bf,,,2026-09-20T20:05:00Z,12909.0673764,LV,LAC,fanduel,FanDuel,2026-09-11T20:55:54Z,1.957416,400.0,-520.0,0.2,0.8387096774193549,0.03870967741935494,0.8074534161490683,LAC,9.5,-114,-9.5,-106,42.5,-105,-115
2026-09-11T20:55:55Z,SCHEDULED_FULL,71b3b83747589efdc5baef2c5cf811bf,odds_71b3b83747589efdc5baef2c5cf811bf,,,2026-09-20T20:05:00Z,12909.0673764,LV,LAC,betrivers,BetRivers,2026-09-11T20:54:53Z,62.957416,320.0,-435.0,0.23809523809523808,0.8130841121495327,0.05117935024477083,0.7734970364098221,LAC,9.5,-110,-9.5,-110,42.5,-108,-113
2026-09-11T20:55:55Z,SCHEDULED_FULL,85ef85098ddd22fe4ecf45e7e3c0a9c0,odds_85ef85098ddd22fe4ecf45e7e3c0a9c0,,,2026-09-20T20:25:00Z,12929.0673764,WAS,DAL,draftkings,DraftKings,2026-09-11T20:55:55Z,0.957416,164.0,-198.0,0.3787878787878788,0.6644295302013423,0.043217408989220996,0.6369041816941223,DAL,4.5,-115,-4.5,-105,51.5,-110,-110
2026-09-11T20:55:55Z,SCHEDULED_FULL,85ef85098ddd22fe4ecf45e7e3c0a9c0,odds_85ef85098ddd22fe4ecf45e7e3c0a9c0,,,2026-09-20T20:25:00Z,12929.0673764,WAS,DAL,betus,BetUS,2026-09-11T20:55:53Z,2.9574160000000003,,,,,,,,4.5,-115,-4.5,-105,51.0,-110,-110
2026-09-11T20:55:55Z,SCHEDULED_FULL,85ef85098ddd22fe4ecf45e7e3c0a9c0,odds_85ef85098ddd22fe4ecf45e7e3c0a9c0,,,2026-09-20T20:25:00Z,12929.0673764,WAS,DAL,lowvig,LowVig.ag,2026-09-11T20:55:24Z,31.957416,,,,,,,,4.5,-110,-4.5,100,51.0,-107,-107
2026-09-11T20:55:55Z,SCHEDULED_FULL,85ef85098ddd22fe4ecf45e7e3c0a9c0,odds_85ef85098ddd22fe4ecf45e7e3c0a9c0,,,2026-09-20T20:25:00Z,12929.0673764,WAS,DAL,betonlineag,BetOnline.ag,2026-09-11T20:55:51Z,4.957416,,,,,,,,4.5,-115,-4.5,-105,51.0,-110,-110
2026-09-11T20:55:55Z,SCHEDULED_FULL,85ef85098ddd22fe4ecf45e7e3c0a9c0,odds_85ef85098ddd22fe4ecf45e7e3c0a9c0,,,2026-09-20T20:25:00Z,12929.0673764,WAS,DAL,fanduel,FanDuel,2026-09-11T20:55:54Z,1.957416,190.0,-230.0,0.3448275862068966,0.696969696969697,0.04179728317659359,0.6690070210631895,DAL,4.5,-105,-4.5,-115,51.5,-115,-105
2026-09-11T20:55:55Z,SCHEDULED_FULL,85ef85098ddd22fe4ecf45e7e3c0a9c0,odds_85ef85098ddd22fe4ecf45e7e3c0a9c0,,,2026-09-20T20:25:00Z,12929.0673764,WAS,DAL,betrivers,BetRivers,2026-09-11T20:54:53Z,62.957416,175.0,-220.0,0.36363636363636365,0.6875,0.05113636363636376,0.6540540540540539,DAL,4.5,-109,-4.5,-112,51.5,-109,-112
2026-09-11T20:55:55Z,SCHEDULED_FULL,50bc247030707d823b9c3581d7eb5760,odds_50bc247030707d823b9c3581d7eb5760,,,2026-09-21T00:20:00Z,13164.0673764,IND,KC,draftkings,DraftKings,2026-09-11T20:55:55Z,0.957416,250.0,-310.0,0.2857142857142857,0.7560975609756098,0.04181184668989557,0.725752508361204,KC,6.5,-110,-6.5,-110,47.5,-110,-110
2026-09-11T20:55:55Z,SCHEDULED_FULL,50bc247030707d823b9c3581d7eb5760,odds_50bc247030707d823b9c3581d7eb5760,,,2026-09-21T00:20:00Z,13164.0673764,IND,KC,betus,BetUS,2026-09-11T20:55:53Z,2.9574160000000003,,,,,,,,6.5,-110,-6.5,-110,47.5,-110,-110
2026-09-11T20:55:55Z,SCHEDULED_FULL,50bc247030707d823b9c3581d7eb5760,odds_50bc247030707d823b9c3581d7eb5760,,,2026-09-21T00:20:00Z,13164.0673764,IND,KC,betonlineag,BetOnline.ag,2026-09-11T20:55:51Z,4.957416,,,,,,,,6.5,-110,-6.5,-110,47.5,-110,-110
2026-09-11T20:55:55Z,SCHEDULED_FULL,50bc247030707d823b9c3581d7eb5760,odds_50bc247030707d823b9c3581d7eb5760,,,2026-09-21T00:20:00Z,13164.0673764,IND,KC,lowvig,LowVig.ag,2026-09-11T20:55:24Z,31.957416,,,,,,,,6.5,-105,-6.5,-105,47.5,-107,-107
2026-09-11T20:55:55Z,SCHEDULED_FULL,50bc247030707d823b9c3581d7eb5760,odds_50bc247030707d823b9c3581d7eb5760,,,2026-09-21T00:20:00Z,13164.0673764,IND,KC,fanduel,FanDuel,2026-09-11T20:55:54Z,1.957416,205.0,-250.0,0.32786885245901637,0.7142857142857143,0.042154566744730726,0.6853932584269663,KC,5.5,-110,-5.5,-110,46.5,-110,-110
2026-09-11T20:55:55Z,SCHEDULED_FULL,50bc247030707d823b9c3581d7eb5760,odds_50bc247030707d823b9c3581d7eb5760,,,2026-09-21T00:20:00Z,13164.0673764,IND,KC,betrivers,BetRivers,2026-09-11T20:54:53Z,62.957416,220.0,-278.0,0.3125,0.7354497354497355,0.04794973544973535,0.7017986746607764,KC,6.5,-112,-6.5,-109,47.5,-109,-112
2026-09-11T20:55:55Z,SCHEDULED_FULL,e5fbd3b3953b896b1bf897ddadb3cc4b,odds_e5fbd3b3953b896b1bf897ddadb3cc4b,,,2026-09-25T00:15:00Z,18919.0673764,ATL,GB,draftkings,DraftKings,2026-09-11T20:55:55Z,0.957416,295.0,-375.0,0.25316455696202533,0.7894736842105263,0.04263824117255166,0.7571884984025559,GB,7.5,-110,-7.5,-110,46.5,-110,-110
2026-09-11T20:55:55Z,SCHEDULED_FULL,e5fbd3b3953b896b1bf897ddadb3cc4b,odds_e5fbd3b3953b896b1bf897ddadb3cc4b,,,2026-09-25T00:15:00Z,18919.0673764,ATL,GB,betus,BetUS,2026-09-11T20:55:53Z,2.9574160000000003,,,,,,,,7.5,-110,-7.5,-110,46.5,-110,-110
2026-09-11T20:55:55Z,SCHEDULED_FULL,b225458a282e140c44c45651255f2f6c,odds_b225458a282e140c44c45651255f2f6c,,,2026-09-27T17:00:00Z,22804.0673764,LAC,BUF,draftkings,DraftKings,2026-09-11T20:55:55Z,0.957416,136.0,-162.0,0.423728813559322,0.6183206106870229,0.042049424246344946,0.593369754159424,BUF,3.0,-110,-3.0,-110,48.5,-110,-110
2026-09-11T20:55:55Z,SCHEDULED_FULL,613b8cd3a5fab58f7be4e3fd6f76223e,odds_613b8cd3a5fab58f7be4e3fd6f76223e,,,2026-09-27T17:00:00Z,22804.0673764,CAR,CLE,draftkings,DraftKings,2026-09-11T20:55:55Z,0.957416,-125.0,105.0,0.5555555555555556,0.4878048780487805,0.04336043360433606,0.4675324675324675,CAR,-1.5,-110,1.5,-110,39.5,-110,-110
2026-09-11T20:55:55Z,SCHEDULED_FULL,71123be049587b6facce3a20c53e5d09,odds_71123be049587b6facce3a20c53e5d09,,,2026-09-27T17:00:00Z,22804.0673764,CIN,PIT,draftkings,DraftKings,2026-09-11T20:55:55Z,0.957416,-125.0,105.0,0.5555555555555556,0.4878048780487805,0.04336043360433606,0.4675324675324675,CIN,-1.5,-110,1.5,-110,46.5,-118,-102
2026-09-11T20:55:55Z,SCHEDULED_FULL,71123be049587b6facce3a20c53e5d09,odds_71123be049587b6facce3a20c53e5d09,,,2026-09-27T17:00:00Z,22804.0673764,CIN,PIT,betus,BetUS,2026-09-11T20:55:53Z,2.9574160000000003,,,,,,,,-1.5,100,1.5,-120,47.5,-110,-110
2026-09-11T20:55:55Z,SCHEDULED_FULL,07f552badfa8a565d1be22123713e4da,odds_07f552badfa8a565d1be22123713e4da,,,2026-09-27T17:00:00Z,22804.0673764,NYJ,DET,draftkings,DraftKings,2026-09-11T20:55:55Z,0.957416,330.0,-425.0,0.23255813953488372,0.8095238095238095,0.042081949058693224,0.7768331562167907,DET,9.5,-110,-9.5,-110,45.5,-110,-110
2026-09-11T20:55:55Z,SCHEDULED_FULL,17a730b7d399feeab6a78c30767c29d2,odds_17a730b7d399feeab6a78c30767c29d2,,,2026-09-27T17:00:00Z,22804.0673764,HOU,IND,draftkings,DraftKings,2026-09-11T20:55:55Z,0.957416,-122.0,102.0,0.5495495495495496,0.49504950495049505,0.044599054500044755,0.4739134147382802,HOU,-1.5,-110,1.5,-110,45.5,-110,-110
2026-09-11T20:55:55Z,SCHEDULED_FULL,17a730b7d399feeab6a78c30767c29d2,odds_17a730b7d399feeab6a78c30767c29d2,,,2026-09-27T17:00:00Z,22804.0673764,HOU,IND,betus,BetUS,2026-09-11T20:55:53Z,2.9574160000000003,,,,,,,,-1.5,-115,1.5,-105,45.5,-110,-110
2026-09-11T20:55:55Z,SCHEDULED_FULL,0339a0e41bcee12820eb3e64bb5fadb4,odds_0339a0e41bcee12820eb3e64bb5fadb4,,,2026-09-27T17:00:00Z,22804.0673764,KC,MIA,draftkings,DraftKings,2026-09-11T20:55:55Z,0.957416,-440.0,340.0,0.8148148148148148,0.22727272727272727,0.04208754208754195,0.21809369951534735,KC,-7.5,-110,7.5,-110,44.5,-110,-110
2026-09-11T20:55:55Z,SCHEDULED_FULL,0339a0e41bcee12820eb3e64bb5fadb4,odds_0339a0e41bcee12820eb3e64bb5fadb4,,,2026-09-27T17:00:00Z,22804.0673764,KC,MIA,betus,BetUS,2026-09-11T20:55:53Z,2.9574160000000003,,,,,,,,-7.0,-115,7.0,-105,44.5,-110,-110
2026-09-11T20:55:55Z,SCHEDULED_FULL,555afd4a27aaa392662881cffa8f2eef,odds_555afd4a27aaa392662881cffa8f2eef,,,2026-09-27T17:00:00Z,22804.0673764,TEN,NYG,draftkings,DraftKings,2026-09-11T20:55:55Z,0.957416,140.0,-166.0,0.4166666666666667,0.6240601503759399,0.0407268170426065,0.5996387718242023,NYG,3.0,-105,-3.0,-115,44.5,-110,-110
2026-09-11T20:55:55Z,SCHEDULED_FULL,555afd4a27aaa392662881cffa8f2eef,odds_555afd4a27aaa392662881cffa8f2eef,,,2026-09-27T17:00:00Z,22804.0673764,TEN,NYG,betus,BetUS,2026-09-11T20:55:53Z,2.9574160000000003,,,,,,,,3.0,100,-3.0,-120,45.5,-110,-110
2026-09-11T20:55:55Z,SCHEDULED_FULL,f1724dead3eab61546033032fc782375,odds_f1724dead3eab61546033032fc782375,,,2026-09-27T20:05:00Z,22989.0673764,MIN,TB,draftkings,DraftKings,2026-09-11T20:55:55Z,0.957416,105.0,-125.0,0.4878048780487805,0.5555555555555556,0.04336043360433606,0.5324675324675325,TB,1.5,-110,-1.5,-110,44.5,-110,-110
2026-09-11T20:55:55Z,SCHEDULED_FULL,f1724dead3eab61546033032fc782375,odds_f1724dead3eab61546033032fc782375,,,2026-09-27T20:05:00Z,22989.0673764,MIN,TB,betus,BetUS,2026-09-11T20:55:53Z,2.9574160000000003,,,,,,,,1.5,-110,-1.5,-110,44.5,-110,-110
2026-09-11T20:55:55Z,SCHEDULED_FULL,84cfca14efc21363fd605508404cf1ff,odds_84cfca14efc21363fd605508404cf1ff,,,2026-09-27T20:25:00Z,23009.0673764,BAL,DAL,draftkings,DraftKings,2026-09-11T20:55:55Z,0.957416,-135.0,114.0,0.574468085106383,0.4672897196261682,0.04175780473255131,0.448558885283451,BAL,-2.5,-110,2.5,-110,51.5,-110,-110
2026-09-11T20:55:55Z,SCHEDULED_FULL,84cfca14efc21363fd605508404cf1ff,odds_84cfca14efc21363fd605508404cf1ff,,,2026-09-27T20:25:00Z,23009.0673764,BAL,DAL,betus,BetUS,2026-09-11T20:55:53Z,2.9574160000000003,,,,,,,,-2.5,-110,2.5,-110,51.5,-110,-110
2026-09-11T20:55:55Z,SCHEDULED_FULL,2e523fcb0497aa689473e290eb2b97de,odds_2e523fcb0497aa689473e290eb2b97de,,,2026-09-27T20:25:00Z,23009.0673764,LV,NO,draftkings,DraftKings,2026-09-11T20:55:55Z,0.957416,154.0,-185.0,0.3937007874015748,0.6491228070175439,0.04282359441911865,0.6224665518611737,NO,3.5,-110,-3.5,-110,42.5,-110,-110
2026-09-11T20:55:55Z,SCHEDULED_FULL,47dc7baa254659f3beb2ed2b38c207b6,odds_47dc7baa254659f3beb2ed2b38c207b6,,,2026-09-29T00:15:00Z,24679.0673764,PHI,CHI,draftkings,DraftKings,2026-09-11T20:55:55Z,0.957416,-102.0,-118.0,0.504950495049505,0.5412844036697247,0.04623489871922981,0.5173641257162701,CHI,1.5,-115,-1.5,-105,46.5,-110,-110
2026-09-11T20:55:55Z,SCHEDULED_FULL,d55cb69fed50a09170560b5b75d8de86,odds_d55cb69fed50a09170560b5b75d8de86,,,2026-10-02T00:15:00Z,28999.0673764,PIT,CLE,draftkings,DraftKings,2026-09-11T20:55:55Z,0.957416,-135.0,114.0,0.574468085106383,0.4672897196261682,0.04175780473255131,0.448558885283451,PIT,-2.5,-110,2.5,-110,40.5,-110,-110
2026-09-11T20:55:55Z,SCHEDULED_FULL,c9d8ed8aa4889486eaf10a630138ede0,odds_c9d8ed8aa4889486eaf10a630138ede0,,,2026-10-04T13:30:00Z,32674.0673764,IND,WAS,draftkings,DraftKings,2026-09-11T20:55:55Z,0.957416,-102.0,-118.0,0.504950495049505,0.5412844036697247,0.04623489871922981,0.5173641257162701,WAS,1.5,-115,-1.5,-105,50.5,-110,-110
2026-09-11T20:55:55Z,SCHEDULED_FULL,c9d8ed8aa4889486eaf10a630138ede0,odds_c9d8ed8aa4889486eaf10a630138ede0,,,2026-10-04T13:30:00Z,32674.0673764,IND,WAS,betus,BetUS,2026-09-11T20:55:53Z,2.9574160000000003,,,,,,,,1.5,-120,-1.5,100,48.5,-110,-110
2026-09-11T20:55:55Z,SCHEDULED_FULL,664e6bda5721dc63be16bcf7d962a436,odds_664e6bda5721dc63be16bcf7d962a436,,,2026-10-04T17:00:00Z,32884.0673764,ARI,NYG,draftkings,DraftKings,2026-09-11T20:55:55Z,0.957416,260.0,-325.0,0.2777777777777778,0.7647058823529411,0.0424836601307188,0.7335423197492164,NYG,7.0,-110,-7.0,-110,45.5,-110,-110
2026-09-11T20:55:55Z,SCHEDULED_FULL,664e6bda5721dc63be16bcf7d962a436,odds_664e6bda5721dc63be16bcf7d962a436,,,2026-10-04T17:00:00Z,32884.0673764,ARI,NYG,betus,BetUS,2026-09-11T20:55:53Z,2.9574160000000003,,,,,,,,7.0,-110,-7.0,-110,45.5,-110,-110
2026-09-11T20:55:55Z,SCHEDULED_FULL,f01589b0e7e6dd4f4ac1220a1db81f53,odds_f01589b0e7e6dd4f4ac1220a1db81f53,,,2026-10-04T17:00:00Z,32884.0673764,TEN,BAL,draftkings,DraftKings,2026-09-11T20:55:55Z,0.957416,310.0,-395.0,0.24390243902439024,0.797979797979798,0.04188223700418825,0.7659021045164341,BAL,8.5,-110,-8.5,-110,47.5,-110,-110
2026-09-11T20:55:55Z,SCHEDULED_FULL,f01589b0e7e6dd4f4ac1220a1db81f53,odds_f01589b0e7e6dd4f4ac1220a1db81f53,,,2026-10-04T17:00:00Z,32884.0673764,TEN,BAL,betus,BetUS,2026-09-11T20:55:53Z,2.9574160000000003,,,,,,,,8.5,-110,-8.5,-110,47.5,-110,-110
2026-09-11T20:55:55Z,SCHEDULED_FULL,164e6eb68f31bac190381903c3cccd31,odds_164e6eb68f31bac190381903c3cccd31,,,2026-10-04T17:00:00Z,32884.0673764,NYJ,CHI,draftkings,DraftKings,2026-09-11T20:55:55Z,0.957416,340.0,-440.0,0.22727272727272727,0.8148148148148148,0.04208754208754195,0.7819063004846527,CHI,8.5,-110,-8.5,-110,45.5,-110,-110
2026-09-11T20:55:55Z,SCHEDULED_FULL,2ea94ddf20f66432b9024fe2e2eaba5f,odds_2ea94ddf20f66432b9024fe2e2eaba5f,,,2026-10-04T17:00:00Z,32884.0673764,JAX,CIN,draftkings,DraftKings,2026-09-11T20:55:55Z,0.957416,114.0,-135.0,0.4672897196261682,0.574468085106383,0.04175780473255131,0.551441114716549,CIN,2.5,-110,-2.5,-110,51.5,-110,-110
2026-09-11T20:55:55Z,SCHEDULED_FULL,2ea94ddf20f66432b9024fe2e2eaba5f,odds_2ea94ddf20f66432b9024fe2e2eaba5f,,,2026-10-04T17:00:00Z,32884.0673764,JAX,CIN,betus,BetUS,2026-09-11T20:55:53Z,2.9574160000000003,,,,,,,,2.5,-110,-2.5,-110,51.5,-110,-110
2026-09-11T20:55:55Z,SCHEDULED_FULL,daf55e2df5341c007fee5a0fc5bbc2d4,odds_daf55e2df5341c007fee5a0fc5bbc2d4,,,2026-10-04T17:00:00Z,32884.0673764,DAL,HOU,draftkings,DraftKings,2026-09-11T20:55:55Z,0.957416,114.0,-135.0,0.4672897196261682,0.574468085106383,0.04175780473255131,0.551441114716549,HOU,2.5,-110,-2.5,-110,47.5,-110,-110
2026-09-11T20:55:55Z,SCHEDULED_FULL,daf55e2df5341c007fee5a0fc5bbc2d4,odds_daf55e2df5341c007fee5a0fc5bbc2d4,,,2026-10-04T17:00:00Z,32884.0673764,DAL,HOU,betus,BetUS,2026-09-11T20:55:53Z,2.9574160000000003,,,,,,,,2.5,-110,-2.5,-110,47.5,-110,-110
2026-09-11T20:55:55Z,SCHEDULED_FULL,99a9bae4dc0dc2590496bd3102b211f2,odds_99a9bae4dc0dc2590496bd3102b211f2,,,2026-10-04T17:00:00Z,32884.0673764,GB,TB,draftkings,DraftKings,2026-09-11T20:55:55Z,0.957416,-125.0,105.0,0.5555555555555556,0.4878048780487805,0.04336043360433606,0.4675324675324675,GB,-1.5,-110,1.5,-110,47.5,-110,-110
2026-09-11T20:55:55Z,SCHEDULED_FULL,99a9bae4dc0dc2590496bd3102b211f2,odds_99a9bae4dc0dc2590496bd3102b211f2,,,2026-10-04T17:00:00Z,32884.0673764,GB,TB,betus,BetUS,2026-09-11T20:55:53Z,2.9574160000000003,,,,,,,,-1.5,-110,1.5,-110,47.5,-110,-110
2026-09-11T20:55:55Z,SCHEDULED_FULL,c327223d76a3b7b0db8c6c104442f44b,odds_c327223d76a3b7b0db8c6c104442f44b,,,2026-10-04T20:05:00Z,33069.0673764,MIA,MIN,draftkings,DraftKings,2026-09-11T20:55:55Z,0.957416,310.0,-395.0,0.24390243902439024,0.797979797979798,0.04188223700418825,0.7659021045164341,MIN,7.5,-110,-7.5,-110,43.5,-110,-110
2026-09-11T20:55:55Z,SCHEDULED_FULL,c327223d76a3b7b0db8c6c104442f44b,odds_c327223d76a3b7b0db8c6c104442f44b,,,2026-10-04T20:05:00Z,33069.0673764,MIA,MIN,betus,BetUS,2026-09-11T20:55:53Z,2.9574160000000003,,,,,,,,7.5,-110,-7.5,-110,43.5,-110,-110
2026-09-11T20:55:55Z,SCHEDULED_FULL,e0cbd266dcf997089203a1b33ba0333d,odds_e0cbd266dcf997089203a1b33ba0333d,,,2026-10-04T20:25:00Z,33089.0673764,KC,LV,draftkings,DraftKings,2026-09-11T20:55:55Z,0.957416,-250.0,205.0,0.7142857142857143,0.32786885245901637,0.042154566744730726,0.31460674157303364,KC,-5.5,-110,5.5,-110,43.5,-110,-110
2026-09-11T20:55:55Z,SCHEDULED_FULL,a73a76599a4f3422803e57bd8f61b626,odds_a73a76599a4f3422803e57bd8f61b626,,,2026-10-05T00:20:00Z,33324.0673764,DET,CAR,draftkings,DraftKings,2026-09-11T20:55:55Z,0.957416,-162.0,136.0,0.6183206106870229,0.423728813559322,0.042049424246344946,0.4066302458405761,DET,-3.0,-110,3.0,-110,47.5,-110,-110
2026-09-11T20:55:55Z,SCHEDULED_FULL,8bd90781e17e6d97df3941063cedae1e,odds_8bd90781e17e6d97df3941063cedae1e,,,2026-10-06T00:15:00Z,34759.0673764,ATL,NO,draftkings,DraftKings,2026-09-11T20:55:55Z,0.957416,114.0,-135.0,0.4672897196261682,0.574468085106383,0.04175780473255131,0.551441114716549,NO,2.5,-110,-2.5,-110,45.5,-115,-105
2026-09-11T20:55:55Z,SCHEDULED_FULL,8bd90781e17e6d97df3941063cedae1e,odds_8bd90781e17e6d97df3941063cedae1e,,,2026-10-06T00:15:00Z,34759.0673764,ATL,NO,betus,BetUS,2026-09-11T20:55:53Z,2.9574160000000003,,,,,,,,2.5,-110,-2.5,-110,45.5,-110,-110
2026-09-11T20:55:55Z,SCHEDULED_FULL,259b5df9aa0d10257f56de78523495e0,odds_259b5df9aa0d10257f56de78523495e0,,,2026-10-09T00:15:00Z,39079.0673764,TB,DAL,draftkings,DraftKings,2026-09-11T20:55:55Z,0.957416,170.0,-205.0,0.37037037037037035,0.6721311475409836,0.042501517911353925,0.644729178800233,DAL,3.5,-110,-3.5,-110,52.5,-110,-110
2026-09-11T20:55:55Z,SCHEDULED_FULL,259b5df9aa0d10257f56de78523495e0,odds_259b5df9aa0d10257f56de78523495e0,,,2026-10-09T00:15:00Z,39079.0673764,TB,DAL,betus,BetUS,2026-09-11T20:55:53Z,2.9574160000000003,,,,,,,,3.5,-110,-3.5,-110,52.5,-110,-110
2026-09-11T20:55:55Z,SCHEDULED_FULL,21b26266f3d78af02eb672e606275d95,odds_21b26266f3d78af02eb672e606275d95,,,2026-10-11T13:30:00Z,42754.0673764,PHI,JAX,draftkings,DraftKings,2026-09-11T20:55:55Z,0.957416,-125.0,105.0,0.5555555555555556,0.4878048780487805,0.04336043360433606,0.4675324675324675,PHI,-1.5,-110,1.5,-110,45.5,-110,-110
2026-09-11T20:55:55Z,SCHEDULED_FULL,21b26266f3d78af02eb672e606275d95,odds_21b26266f3d78af02eb672e606275d95,,,2026-10-11T13:30:00Z,42754.0673764,PHI,JAX,betus,BetUS,2026-09-11T20:55:53Z,2.9574160000000003,,,,,,,,-1.5,-115,1.5,-105,44.5,-110,-110
2026-09-11T20:55:55Z,SCHEDULED_FULL,c4647ca1201e6768501877267ca8251b,odds_c4647ca1201e6768501877267ca8251b,,,2026-10-11T17:00:00Z,42964.0673764,CIN,MIA,draftkings,DraftKings,2026-09-11T20:55:55Z,0.957416,-278.0,225.0,0.7354497354497355,0.3076923076923077,0.043142043142043285,0.2949668357393679,CIN,-6.0,-110,6.0,-110,49.5,-110,-110
2026-09-11T20:55:55Z,SCHEDULED_FULL,c4647ca1201e6768501877267ca8251b,odds_c4647ca1201e6768501877267ca8251b,,,2026-10-11T17:00:00Z,42964.0673764,CIN,MIA,betus,BetUS,2026-09-11T20:55:53Z,2.9574160000000003,,,,,,,,-5.5,-110,5.5,-110,49.5,-110,-110
2026-09-11T20:55:55Z,SCHEDULED_FULL,9db4ed15fe34fca1fb62f040cd244591,odds_9db4ed15fe34fca1fb62f040cd244591,,,2026-10-11T17:00:00Z,42964.0673764,CLE,NYJ,draftkings,DraftKings,2026-09-11T20:55:55Z,0.957416,110.0,-130.0,0.47619047619047616,0.5652173913043478,0.04140786749482395,0.5427435387673957,NYJ,2.5,-115,-2.5,-105,39.5,-110,-110
2026-09-11T20:55:55Z,SCHEDULED_FULL,cc52bba56e74f5cddbe9011046181c3d,odds_cc52bba56e74f5cddbe9011046181c3d,,,2026-10-11T17:00:00Z,42964.0673764,HOU,TEN,draftkings,DraftKings,2026-09-11T20:55:55Z,0.957416,-185.0,154.0,0.6491228070175439,0.3937007874015748,0.04282359441911865,0.3775334481388264,HOU,-3.5,-110,3.5,-110,43.5,-110,-110
2026-09-11T20:55:55Z,SCHEDULED_FULL,cc52bba56e74f5cddbe9011046181c3d,odds_cc52bba56e74f5cddbe9011046181c3d,,,2026-10-11T17:00:00Z,42964.0673764,HOU,TEN,betus,BetUS,2026-09-11T20:55:53Z,2.9574160000000003,,,,,,,,-3.5,-110,3.5,-110,43.5,-110,-110
2026-09-11T20:55:55Z,SCHEDULED_FULL,448d7cf18c6db4c811ed82ded1b72867,odds_448d7cf18c6db4c811ed82ded1b72867,,,2026-10-11T17:00:00Z,42964.0673764,IND,PIT,draftkings,DraftKings,2026-09-11T20:55:55Z,0.957416,120.0,-142.0,0.45454545454545453,0.5867768595041323,0.04132231404958686,0.5634920634920635,PIT,2.5,-110,-2.5,-110,47.5,-110,-110
2026-09-11T20:55:55Z,SCHEDULED_FULL,448d7cf18c6db4c811ed82ded1b72867,odds_448d7cf18c6db4c811ed82ded1b72867,,,2026-10-11T17:00:00Z,42964.0673764,IND,PIT,betus,BetUS,2026-09-11T20:55:53Z,2.9574160000000003,,,,,,,,2.5,-110,-2.5,-110,47.5,-110,-110
2026-09-11T20:55:55Z,SCHEDULED_FULL,2cda9bf0fbe35a2735f0dd8aaafe9eff,odds_2cda9bf0fbe35a2735f0dd8aaafe9eff,,,2026-10-11T17:00:00Z,42964.0673764,MIN,NO,draftkings,DraftKings,2026-09-11T20:55:55Z,0.957416,-125.0,105.0,0.5555555555555556,0.4878048780487805,0.04336043360433606,0.4675324675324675,MIN,-1.5,-110,1.5,-110,44.5,-110,-110
2026-09-11T20:55:55Z,SCHEDULED_FULL,2cda9bf0fbe35a2735f0dd8aaafe9eff,odds_2cda9bf0fbe35a2735f0dd8aaafe9eff,,,2026-10-11T17:00:00Z,42964.0673764,MIN,NO,betus,BetUS,2026-09-11T20:55:53Z,2.9574160000000003,,,,,,,,-1.5,-105,1.5,-115,44.5,-110,-110
2026-09-11T20:55:55Z,SCHEDULED_FULL,fbffd0b7722fd81d68d5d62472dc80e8,odds_fbffd0b7722fd81d68d5d62472dc80e8,,,2026-10-11T17:00:00Z,42964.0673764,NYG,WAS,draftkings,DraftKings,2026-09-11T20:55:55Z,0.957416,110.0,-130.0,0.47619047619047616,0.5652173913043478,0.04140786749482395,0.5427435387673957,WAS,2.5,-115,-2.5,-105,48.5,-110,-110
2026-09-11T20:55:55Z,SCHEDULED_FULL,fbffd0b7722fd81d68d5d62472dc80e8,odds_fbffd0b7722fd81d68d5d62472dc80e8,,,2026-10-11T17:00:00Z,42964.0673764,NYG,WAS,betus,BetUS,2026-09-11T20:55:53Z,2.9574160000000003,,,,,,,,2.5,-110,-2.5,-110,48.5,-110,-110
2026-09-11T20:55:55Z,SCHEDULED_FULL,d1d408fdfd272046fb517fe992a1c5a0,odds_d1d408fdfd272046fb517fe992a1c5a0,,,2026-10-11T20:05:00Z,43149.0673764,DEN,LAC,draftkings,DraftKings,2026-09-11T20:55:55Z,0.957416,120.0,-142.0,0.45454545454545453,0.5867768595041323,0.04132231404958686,0.5634920634920635,LAC,2.5,-110,-2.5,-110,44.5,-110,-110
2026-09-11T20:55:55Z,SCHEDULED_FULL,d1d408fdfd272046fb517fe992a1c5a0,odds_d1d408fdfd272046fb517fe992a1c5a0,,,2026-10-11T20:05:00Z,43149.0673764,DEN,LAC,betus,BetUS,2026-09-11T20:55:53Z,2.9574160000000003,,,,,,,,2.5,-110,-2.5,-110,44.5,-110,-110
2026-09-11T20:55:55Z,SCHEDULED_FULL,f8e7f43f73aa983c5c99c189587f0118,odds_f8e7f43f73aa983c5c99c189587f0118,,,2026-10-11T20:25:00Z,43169.0673764,DET,ARI,draftkings,DraftKings,2026-09-11T20:55:55Z,0.957416,-395.0,310.0,0.797979797979798,0.24390243902439024,0.04188223700418825,0.23409789548356585,DET,-8.5,-110,8.5,-110,48.5,-110,-110
2026-09-11T20:55:55Z,SCHEDULED_FULL,2caea57b1e5cfbba1334cfbfd46f6771,odds_2caea57b1e5cfbba1334cfbfd46f6771,,,2026-10-11T20:25:00Z,43169.0673764,CHI,GB,draftkings,DraftKings,2026-09-11T20:55:55Z,0.957416,140.0,-166.0,0.4166666666666667,0.6240601503759399,0.0407268170426065,0.5996387718242023,GB,3.0,-110,-3.0,-110,49.5,-110,-110
2026-09-11T20:55:55Z,SCHEDULED_FULL,86457f91112732f21ad4bb7d37bd291c,odds_86457f91112732f21ad4bb7d37bd291c,,,2026-10-12T00:20:00Z,43404.0673764,BAL,ATL,draftkings,DraftKings,2026-09-11T20:55:55Z,0.957416,-205.0,170.0,0.6721311475409836,0.37037037037037035,0.042501517911353925,0.35527082119976705,BAL,-4.5,-110,4.5,-110,48.5,-110,-110
2026-09-11T20:55:55Z,SCHEDULED_FULL,86457f91112732f21ad4bb7d37bd291c,odds_86457f91112732f21ad4bb7d37bd291c,,,2026-10-12T00:20:00Z,43404.0673764,BAL,ATL,betus,BetUS,2026-09-11T20:55:53Z,2.9574160000000003,,,,,,,,-4.5,-110,4.5,-110,48.5,-110,-110
2026-09-11T20:55:55Z,SCHEDULED_FULL,57418b2cf5aca558b3c98eafac1e264a,odds_57418b2cf5aca558b3c98eafac1e264a,,,2026-10-18T13:30:00Z,52834.0673764,HOU,JAX,draftkings,DraftKings,2026-09-11T20:55:55Z,0.957416,-108.0,-112.0,0.5192307692307693,0.5283018867924528,0.0475326560232221,0.5043297540699688,JAX,1.5,-122,-1.5,102,42.5,-110,-110
2026-09-11T20:55:55Z,SCHEDULED_FULL,57418b2cf5aca558b3c98eafac1e264a,odds_57418b2cf5aca558b3c98eafac1e264a,,,2026-10-18T13:30:00Z,52834.0673764,HOU,JAX,betus,BetUS,2026-09-11T20:55:53Z,2.9574160000000003,,,,,,,,-1.5,100,1.5,-120,41.5,-110,-110
2026-09-11T20:55:55Z,SCHEDULED_FULL,7c312fdf24fb35f58b0e07c2932cc997,odds_7c312fdf24fb35f58b0e07c2932cc997,,,2026-10-18T17:00:00Z,53044.0673764,CHI,ATL,draftkings,DraftKings,2026-09-11T20:55:55Z,0.957416,-155.0,130.0,0.6078431372549019,0.43478260869565216,0.04262574595055413,0.4170073589533933,CHI,-3.0,-110,3.0,-110,47.5,-110,-110
2026-09-11T20:55:55Z,SCHEDULED_FULL,e86227938fd3cf008fc5648fb5128344,odds_e86227938fd3cf008fc5648fb5128344,,,2026-10-18T17:00:00Z,53044.0673764,BAL,CLE,draftkings,DraftKings,2026-09-11T20:55:55Z,0.957416,-250.0,205.0,0.7142857142857143,0.32786885245901637,0.042154566744730726,0.31460674157303364,BAL,-6.5,-110,6.5,-110,44.5,-110,-110
2026-09-11T20:55:55Z,SCHEDULED_FULL,caca2d752fe1a1779029082e95332fcc,odds_caca2d752fe1a1779029082e95332fcc,,,2026-10-18T17:00:00Z,53044.0673764,CAR,PHI,draftkings,DraftKings,2026-09-11T20:55:55Z,0.957416,225.0,-278.0,0.3076923076923077,0.7354497354497355,0.043142043142043285,0.705033164260632,PHI,6.5,-110,-6.5,-110,43.5,-110,-110
2026-09-11T20:55:55Z,SCHEDULED_FULL,caca2d752fe1a1779029082e95332fcc,odds_caca2d752fe1a1779029082e95332fcc,,,2026-10-18T17:00:00Z,53044.0673764,CAR,PHI,betus,BetUS,2026-09-11T20:55:53Z,2.9574160000000003,,,,,,,,6.5,-110,-6.5,-110,43.5,-110,-110
2026-09-11T20:55:55Z,SCHEDULED_FULL,84aa9e190e625d7e9cd67e1f157a45b4,odds_84aa9e190e625d7e9cd67e1f157a45b4,,,2026-10-18T17:00:00Z,53044.0673764,TEN,IND,draftkings,DraftKings,2026-09-11T20:55:55Z,0.957416,164.0,-198.0,0.3787878787878788,0.6644295302013423,0.043217408989220996,0.6369041816941223,IND,3.5,-110,-3.5,-110,47.5,-110,-110
2026-09-11T20:55:55Z,SCHEDULED_FULL,84aa9e190e625d7e9cd67e1f157a45b4,odds_84aa9e190e625d7e9cd67e1f157a45b4,,,2026-10-18T17:00:00Z,53044.0673764,TEN,IND,betus,BetUS,2026-09-11T20:55:53Z,2.9574160000000003,,,,,,,,3.5,-110,-3.5,-110,48.5,-110,-110
2026-09-11T20:55:55Z,SCHEDULED_FULL,1cf74afd313e9fd300e1462012b174cb,odds_1cf74afd313e9fd300e1462012b174cb,,,2026-10-18T17:00:00Z,53044.0673764,NO,NYG,draftkings,DraftKings,2026-09-11T20:55:55Z,0.957416,120.0,-142.0,0.45454545454545453,0.5867768595041323,0.04132231404958686,0.5634920634920635,NYG,2.5,-110,-2.5,-110,44.5,-110,-110
2026-09-11T20:55:55Z,SCHEDULED_FULL,1cf74afd313e9fd300e1462012b174cb,odds_1cf74afd313e9fd300e1462012b174cb,,,2026-10-18T17:00:00Z,53044.0673764,NO,NYG,betus,BetUS,2026-09-11T20:55:53Z,2.9574160000000003,,,,,,,,2.5,-105,-2.5,-115,45.5,-110,-110
2026-09-11T20:55:55Z,SCHEDULED_FULL,27f3994841ce8081c0b7349cf3d1e3d7,odds_27f3994841ce8081c0b7349cf3d1e3d7,,,2026-10-18T17:00:00Z,53044.0673764,PIT,TB,draftkings,DraftKings,2026-09-11T20:55:55Z,0.957416,105.0,-125.0,0.4878048780487805,0.5555555555555556,0.04336043360433606,0.5324675324675325,TB,1.5,-110,-1.5,-110,45.5,-110,-110
2026-09-11T20:55:55Z,SCHEDULED_FULL,27f3994841ce8081c0b7349cf3d1e3d7,odds_27f3994841ce8081c0b7349cf3d1e3d7,,,2026-10-18T17:00:00Z,53044.0673764,PIT,TB,betus,BetUS,2026-09-11T20:55:53Z,2.9574160000000003,,,,,,,,1.5,-110,-1.5,-110,45.5,-110,-110
2026-09-11T20:55:55Z,SCHEDULED_FULL,45b2690b350ed45145c7a716b18e8e66,odds_45b2690b350ed45145c7a716b18e8e66,,,2026-10-18T20:25:00Z,53249.0673764,BUF,LV,draftkings,DraftKings,2026-09-11T20:55:55Z,0.957416,-270.0,220.0,0.7297297297297297,0.3125,0.042229729729729826,0.299837925445705,BUF,-6.5,-110,6.5,-110,47.5,-110,-110
2026-09-11T20:55:55Z,SCHEDULED_FULL,20fefae8c296247460ba5773caa42218,odds_20fefae8c296247460ba5773caa42218,,,2026-10-18T20:25:00Z,53249.0673764,LAC,KC,draftkings,DraftKings,2026-09-11T20:55:55Z,0.957416,120.0,-142.0,0.45454545454545453,0.5867768595041323,0.04132231404958686,0.5634920634920635,KC,2.5,-110,-2.5,-110,46.5,-110,-110
2026-09-11T20:55:55Z,SCHEDULED_FULL,20fefae8c296247460ba5773caa42218,odds_20fefae8c296247460ba5773caa42218,,,2026-10-18T20:25:00Z,53249.0673764,LAC,KC,betus,BetUS,2026-09-11T20:55:53Z,2.9574160000000003,,,,,,,,2.5,-110,-2.5,-110,46.5,-110,-110
2026-09-11T20:55:55Z,SCHEDULED_FULL,82fd5a159fa130e67abab93a9537f70b,odds_82fd5a159fa130e67abab93a9537f70b,,,2026-10-19T00:20:00Z,53484.0673764,DAL,GB,draftkings,DraftKings,2026-09-11T20:55:55Z,0.957416,142.0,-170.0,0.4132231404958678,0.6296296296296297,0.042852770125497486,0.6037569709421778,GB,3.0,-110,-3.0,-110,51.5,-110,-110
2026-09-11T20:55:55Z,SCHEDULED_FULL,82fd5a159fa130e67abab93a9537f70b,odds_82fd5a159fa130e67abab93a9537f70b,,,2026-10-19T00:20:00Z,53484.0673764,DAL,GB,betus,BetUS,2026-09-11T20:55:53Z,2.9574160000000003,,,,,,,,3.0,-110,-3.0,-110,51.5,-110,-110
2026-09-11T20:55:55Z,SCHEDULED_FULL,2e710ea5a306b614f0f966e3d78732f8,odds_2e710ea5a306b614f0f966e3d78732f8,,,2026-10-25T13:30:00Z,62914.0673764,PIT,NO,draftkings,DraftKings,2026-09-11T20:55:55Z,0.957416,-142.0,120.0,0.5867768595041323,0.45454545454545453,0.04132231404958686,0.43650793650793646,PIT,-2.5,-110,2.5,-110,42.5,-110,-110
2026-09-11T20:55:55Z,SCHEDULED_FULL,2e710ea5a306b614f0f966e3d78732f8,odds_2e710ea5a306b614f0f966e3d78732f8,,,2026-10-25T13:30:00Z,62914.0673764,PIT,NO,betus,BetUS,2026-09-11T20:55:53Z,2.9574160000000003,,,,,,,,-2.5,-105,2.5,-115,42.5,-110,-110
2026-09-11T20:55:55Z,SCHEDULED_FULL,550ec5290f935d311995affbcb0b5c79,odds_550ec5290f935d311995affbcb0b5c79,,,2026-10-25T17:00:00Z,63124.0673764,CIN,BAL,draftkings,DraftKings,2026-09-11T20:55:55Z,0.957416,150.0,-180.0,0.4,0.6428571428571429,0.04285714285714293,0.6164383561643836,BAL,3.5,-110,-3.5,-110,51.5,-110,-110
2026-09-11T20:55:55Z,SCHEDULED_FULL,550ec5290f935d311995affbcb0b5c79,odds_550ec5290f935d311995affbcb0b5c79,,,2026-10-25T17:00:00Z,63124.0673764,CIN,BAL,betus,BetUS,2026-09-11T20:55:53Z,2.9574160000000003,,,,,,,,3.5,-110,-3.5,-110,52.5,-110,-110
2026-09-11T20:55:55Z,SCHEDULED_FULL,2823e986597c449ab94126cd5ed3fae9,odds_2823e986597c449ab94126cd5ed3fae9,,,2026-10-25T17:00:00Z,63124.0673764,TB,CAR,draftkings,DraftKings,2026-09-11T20:55:55Z,0.957416,-125.0,105.0,0.5555555555555556,0.4878048780487805,0.04336043360433606,0.4675324675324675,TB,-1.5,-110,1.5,-110,45.5,-110,-110
2026-09-11T20:55:55Z,SCHEDULED_FULL,2823e986597c449ab94126cd5ed3fae9,odds_2823e986597c449ab94126cd5ed3fae9,,,2026-10-25T17:00:00Z,63124.0673764,TB,CAR,betus,BetUS,2026-09-11T20:55:53Z,2.9574160000000003,,,,,,,,-1.5,-105,1.5,-115,45.5,-110,-110
2026-09-11T20:55:55Z,SCHEDULED_FULL,5dce18baccec5d3ad5fb3a3ce52f7619,odds_5dce18baccec5d3ad5fb3a3ce52f7619,,,2026-10-25T17:00:00Z,63124.0673764,CLE,TEN,draftkings,DraftKings,2026-09-11T20:55:55Z,0.957416,114.0,-135.0,0.4672897196261682,0.574468085106383,0.04175780473255131,0.551441114716549,TEN,2.5,-110,-2.5,-110,40.5,-110,-110
2026-09-11T20:55:55Z,SCHEDULED_FULL,2bba7fde6f97d0e54403d53676e4ab63,odds_2bba7fde6f97d0e54403d53676e4ab63,,,2026-10-25T17:00:00Z,63124.0673764,NYG,HOU,draftkings,DraftKings,2026-09-11T20:55:55Z,0.957416,195.0,-238.0,0.3389830508474576,0.7041420118343196,0.04312506268177718,0.6750312469954812,HOU,5.5,-110,-5.5,-110,43.5,-110,-110
2026-09-11T20:55:55Z,SCHEDULED_FULL,2bba7fde6f97d0e54403d53676e4ab63,odds_2bba7fde6f97d0e54403d53676e4ab63,,,2026-10-25T17:00:00Z,63124.0673764,NYG,HOU,betus,BetUS,2026-09-11T20:55:53Z,2.9574160000000003,,,,,,,,5.5,-110,-5.5,-110,43.5,-110,-110
2026-09-11T20:55:55Z,SCHEDULED_FULL,f3992ad4496724baf7dcd1ef58245d6b,odds_f3992ad4496724baf7dcd1ef58245d6b,,,2026-10-25T17:00:00Z,63124.0673764,IND,MIN,draftkings,DraftKings,2026-09-11T20:55:55Z,0.957416,120.0,-142.0,0.45454545454545453,0.5867768595041323,0.04132231404958686,0.5634920634920635,MIN,2.5,-110,-2.5,-110,46.5,-110,-110
2026-09-11T20:55:55Z,SCHEDULED_FULL,f3992ad4496724baf7dcd1ef58245d6b,odds_f3992ad4496724baf7dcd1ef58245d6b,,,2026-10-25T17:00:00Z,63124.0673764,IND,MIN,betus,BetUS,2026-09-11T20:55:53Z,2.9574160000000003,,,,,,,,3.0,-115,-3.0,-105,47.5,-110,-110
2026-09-11T20:55:55Z,SCHEDULED_FULL,be5dd120ca08b43d647b6caa8953500a,odds_be5dd120ca08b43d647b6caa8953500a,,,2026-10-25T17:00:00Z,63124.0673764,MIA,NYJ,draftkings,DraftKings,2026-09-11T20:55:55Z,0.957416,120.0,-142.0,0.45454545454545453,0.5867768595041323,0.04132231404958686,0.5634920634920635,NYJ,2.5,-110,-2.5,-110,41.5,-110,-110
2026-09-11T20:55:55Z,SCHEDULED_FULL,436119bb3ccdaa6ed7808aa3ebd82b76,odds_436119bb3ccdaa6ed7808aa3ebd82b76,,,2026-10-25T20:05:00Z,63309.0673764,DEN,ARI,draftkings,DraftKings,2026-09-11T20:55:55Z,0.957416,-375.0,295.0,0.7894736842105263,0.25316455696202533,0.04263824117255166,0.2428115015974441,DEN,-7.5,-110,7.5,-110,43.5,-110,-110
2026-09-11T20:55:55Z,SCHEDULED_FULL,436119bb3ccdaa6ed7808aa3ebd82b76,odds_436119bb3ccdaa6ed7808aa3ebd82b76,,,2026-10-25T20:05:00Z,63309.0673764,DEN,ARI,betus,BetUS,2026-09-11T20:55:53Z,2.9574160000000003,,,,,,,,-7.5,-110,7.5,-110,43.5,-110,-110
2026-09-11T20:55:55Z,SCHEDULED_FULL,e8e5715eefb6a9ce64765e9ddf49c0cc,odds_e8e5715eefb6a9ce64765e9ddf49c0cc,,,2026-10-25T20:25:00Z,63329.0673764,GB,DET,draftkings,DraftKings,2026-09-11T20:55:55Z,0.957416,114.0,-135.0,0.4672897196261682,0.574468085106383,0.04175780473255131,0.551441114716549,DET,2.5,-110,-2.5,-110,50.5,-110,-110
2026-09-11T20:55:55Z,SCHEDULED_FULL,4853610e63c246f2027a6a248e642c9a,odds_4853610e63c246f2027a6a248e642c9a,,,2026-10-27T00:15:00Z,64999.0673764,DAL,PHI,draftkings,DraftKings,2026-09-11T20:55:55Z,0.957416,136.0,-162.0,0.423728813559322,0.6183206106870229,0.042049424246344946,0.593369754159424,PHI,3.0,-110,-3.0,-110,48.5,-110,-110
2026-09-11T20:55:55Z,SCHEDULED_FULL,4853610e63c246f2027a6a248e642c9a,odds_4853610e63c246f2027a6a248e642c9a,,,2026-10-27T00:15:00Z,64999.0673764,DAL,PHI,betus,BetUS,2026-09-11T20:55:53Z,2.9574160000000003,,,,,,,,3.0,-110,-3.0,-110,48.5,-110,-110
2026-09-11T20:55:55Z,SCHEDULED_FULL,ab2865e9f2d4b012de8bc6fb6de11a7c,odds_ab2865e9f2d4b012de8bc6fb6de11a7c,,,2026-10-30T00:15:00Z,69319.06737640001,CAR,GB,draftkings,DraftKings,2026-09-11T20:55:55Z,0.957416,275.0,-345.0,0.26666666666666666,0.7752808988764045,0.04194756554307122,0.7440690150970525,GB,7.0,-110,-7.0,-110,45.5,-110,-110
2026-09-11T20:55:55Z,SCHEDULED_FULL,ab2865e9f2d4b012de8bc6fb6de11a7c,odds_ab2865e9f2d4b012de8bc6fb6de11a7c,,,2026-10-30T00:15:00Z,69319.06737640001,CAR,GB,betus,BetUS,2026-09-11T20:55:53Z,2.9574160000000003,,,,,,,,7.0,-110,-7.0,-110,45.5,-110,-110
2026-09-11T20:55:55Z,SCHEDULED_FULL,9255ca8f32aea590d00aa57de79f6bb6,odds_9255ca8f32aea590d00aa57de79f6bb6,,,2026-11-01T18:00:00Z,73264.06737640001,ARI,DAL,draftkings,DraftKings,2026-09-11T20:55:55Z,0.957416,400.0,-535.0,0.2,0.84251968503937,0.04251968503937009,0.8081570996978852,DAL,10.5,-110,-10.5,-110,47.5,-110,-110
2026-09-11T20:55:55Z,SCHEDULED_FULL,9255ca8f32aea590d00aa57de79f6bb6,odds_9255ca8f32aea590d00aa57de79f6bb6,,,2026-11-01T18:00:00Z,73264.06737640001,ARI,DAL,betus,BetUS,2026-09-11T20:55:53Z,2.9574160000000003,,,,,,,,10.5,-110,-10.5,-110,49.5,-110,-110
2026-09-11T20:55:55Z,SCHEDULED_FULL,921859689f5f8b3b8b1caf4248bdb1ec,odds_921859689f5f8b3b8b1caf4248bdb1ec,,,2026-11-01T18:00:00Z,73264.06737640001,ATL,TB,draftkings,DraftKings,2026-09-11T20:55:55Z,0.957416,180.0,-218.0,0.35714285714285715,0.6855345911949685,0.04267744833782561,0.6574752261956054,TB,4.5,-110,-4.5,-110,46.5,-110,-110
2026-09-11T20:55:55Z,SCHEDULED_FULL,921859689f5f8b3b8b1caf4248bdb1ec,odds_921859689f5f8b3b8b1caf4248bdb1ec,,,2026-11-01T18:00:00Z,73264.06737640001,ATL,TB,betus,BetUS,2026-09-11T20:55:53Z,2.9574160000000003,,,,,,,,4.5,-110,-4.5,-110,46.5,-110,-110
2026-09-11T20:55:55Z,SCHEDULED_FULL,c93c421e5fa46031a43162d111d981d0,odds_c93c421e5fa46031a43162d111d981d0,,,2026-11-01T18:00:00Z,73264.06737640001,BAL,BUF,draftkings,DraftKings,2026-09-11T20:55:55Z,0.957416,114.0,-135.0,0.4672897196261682,0.574468085106383,0.04175780473255131,0.551441114716549,BUF,2.5,-110,-2.5,-110,51.5,-110,-110
2026-09-11T20:55:55Z,SCHEDULED_FULL,9c5d8f57e0ba0fbd9ef436c1f0898f99,odds_9c5d8f57e0ba0fbd9ef436c1f0898f99,,,2026-11-01T18:00:00Z,73264.06737640001,TEN,CIN,draftkings,DraftKings,2026-09-11T20:55:55Z,0.957416,235.0,-290.0,0.29850746268656714,0.7435897435897436,0.04209720627631075,0.7135512302607419,CIN,6.5,-110,-6.5,-110,49.5,-110,-110
2026-09-11T20:55:55Z,SCHEDULED_FULL,9c5d8f57e0ba0fbd9ef436c1f0898f99,odds_9c5d8f57e0ba0fbd9ef436c1f0898f99,,,2026-11-01T18:00:00Z,73264.06737640001,TEN,CIN,betus,BetUS,2026-09-11T20:55:53Z,2.9574160000000003,,,,,,,,6.5,-105,-6.5,-115,49.5,-110,-110
2026-09-11T20:55:55Z,SCHEDULED_FULL,ab5ab731ab655bd6308bc7a922275518,odds_ab5ab731ab655bd6308bc7a922275518,,,2026-11-01T18:00:00Z,73264.06737640001,CLE,PIT,draftkings,DraftKings,2026-09-11T20:55:55Z,0.957416,210.0,-258.0,0.3225806451612903,0.7206703910614525,0.043251036222742734,0.690792883054068,PIT,6.0,-110,-6.0,-110,39.5,-110,-110
2026-09-11T20:55:55Z,SCHEDULED_FULL,52e7ee9c42525e6deec02da32dc2fad8,odds_52e7ee9c42525e6deec02da32dc2fad8,,,2026-11-01T18:00:00Z,73264.06737640001,MIN,DET,draftkings,DraftKings,2026-09-11T20:55:55Z,0.957416,185.0,-225.0,0.3508771929824561,0.6923076923076923,0.04318488529014841,0.6636481241914618,DET,4.5,-110,-4.5,-110,47.5,-110,-110
2026-09-11T20:55:55Z,SCHEDULED_FULL,159dbf0253dd2038eda2212f84387f0c,odds_159dbf0253dd2038eda2212f84387f0c,,,2026-11-01T18:00:00Z,73264.06737640001,IND,JAX,draftkings,DraftKings,2026-09-11T20:55:55Z,0.957416,185.0,-225.0,0.3508771929824561,0.6923076923076923,0.04318488529014841,0.6636481241914618,JAX,4.5,-110,-4.5,-110,49.5,-110,-110
2026-09-11T20:55:55Z,SCHEDULED_FULL,159dbf0253dd2038eda2212f84387f0c,odds_159dbf0253dd2038eda2212f84387f0c,,,2026-11-01T18:00:00Z,73264.06737640001,IND,JAX,betus,BetUS,2026-09-11T20:55:53Z,2.9574160000000003,,,,,,,,4.5,-110,-4.5,-110,49.5,-110,-110
2026-09-11T20:55:55Z,SCHEDULED_FULL,98f1b121b793977434c046e76c707145,odds_98f1b121b793977434c046e76c707145,,,2026-11-01T18:00:00Z,73264.06737640001,LV,NYJ,draftkings,DraftKings,2026-09-11T20:55:55Z,0.957416,102.0,-122.0,0.49504950495049505,0.5495495495495496,0.044599054500044755,0.5260865852617197,NYJ,1.5,-110,-1.5,-110,40.5,-110,-110
2026-09-11T20:55:55Z,SCHEDULED_FULL,f2a036d5edf483a277880014861e78ad,odds_f2a036d5edf483a277880014861e78ad,,,2026-11-01T21:25:00Z,73469.06737640001,KC,DEN,draftkings,DraftKings,2026-09-11T20:55:55Z,0.957416,105.0,-125.0,0.4878048780487805,0.5555555555555556,0.04336043360433606,0.5324675324675325,DEN,1.5,-110,-1.5,-110,43.5,-110,-110
2026-09-11T20:55:55Z,SCHEDULED_FULL,f2a036d5edf483a277880014861e78ad,odds_f2a036d5edf483a277880014861e78ad,,,2026-11-01T21:25:00Z,73469.06737640001,KC,DEN,betus,BetUS,2026-09-11T20:55:53Z,2.9574160000000003,,,,,,,,1.5,-115,-1.5,-105,43.5,-110,-110
2026-09-11T20:55:55Z,SCHEDULED_FULL,b9c60db63b1a19ad319f24b33c0defe8,odds_b9c60db63b1a19ad319f24b33c0defe8,,,2026-11-02T01:20:00Z,73704.06737640001,PHI,WAS,draftkings,DraftKings,2026-09-11T20:55:55Z,0.957416,-125.0,105.0,0.5555555555555556,0.4878048780487805,0.04336043360433606,0.4675324675324675,PHI,-1.5,-110,1.5,-110,46.5,-110,-110
2026-09-11T20:55:55Z,SCHEDULED_FULL,b9c60db63b1a19ad319f24b33c0defe8,odds_b9c60db63b1a19ad319f24b33c0defe8,,,2026-11-02T01:20:00Z,73704.06737640001,PHI,WAS,betus,BetUS,2026-09-11T20:55:53Z,2.9574160000000003,,,,,,,,-2.5,-110,2.5,-110,46.5,-110,-110
2026-09-11T20:55:55Z,SCHEDULED_FULL,c75744790b7acf6260c78ba5e739c0e5,odds_c75744790b7acf6260c78ba5e739c0e5,,,2026-11-06T01:15:00Z,79459.06737640001,JAX,BAL,draftkings,DraftKings,2026-09-11T20:55:55Z,0.957416,170.0,-205.0,0.37037037037037035,0.6721311475409836,0.042501517911353925,0.644729178800233,BAL,4.5,-110,-4.5,-110,49.5,-110,-110
2026-09-11T20:55:55Z,SCHEDULED_FULL,c75744790b7acf6260c78ba5e739c0e5,odds_c75744790b7acf6260c78ba5e739c0e5,,,2026-11-06T01:15:00Z,79459.06737640001,JAX,BAL,betus,BetUS,2026-09-11T20:55:53Z,2.9574160000000003,,,,,,,,4.5,-110,-4.5,-110,49.5,-110,-110
2026-09-11T20:55:55Z,SCHEDULED_FULL,dc56d980f527ffeef89940133b211b13,odds_dc56d980f527ffeef89940133b211b13,,,2026-11-08T14:30:00Z,83134.06737640001,CIN,ATL,draftkings,DraftKings,2026-09-11T20:55:55Z,0.957416,-230.0,190.0,0.696969696969697,0.3448275862068966,0.04179728317659359,0.33099297893681046,CIN,-5.5,-110,5.5,-110,49.5,-110,-110
2026-09-11T20:55:55Z,SCHEDULED_FULL,dc56d980f527ffeef89940133b211b13,odds_dc56d980f527ffeef89940133b211b13,,,2026-11-08T14:30:00Z,83134.06737640001,CIN,ATL,betus,BetUS,2026-09-11T20:55:53Z,2.9574160000000003,,,,,,,,-4.5,-115,4.5,-105,48.5,-110,-110
2026-09-11T20:55:55Z,SCHEDULED_FULL,014282b888c741b7d70c857c09f40aa7,odds_014282b888c741b7d70c857c09f40aa7,,,2026-11-08T18:00:00Z,83344.06737640001,DEN,CAR,draftkings,DraftKings,2026-09-11T20:55:55Z,0.957416,-162.0,136.0,0.6183206106870229,0.423728813559322,0.042049424246344946,0.4066302458405761,DEN,-3.0,-110,3.0,-110,42.5,-110,-110
2026-09-11T20:55:55Z,SCHEDULED_FULL,014282b888c741b7d70c857c09f40aa7,odds_014282b888c741b7d70c857c09f40aa7,,,2026-11-08T18:00:00Z,83344.06737640001,DEN,CAR,betus,BetUS,2026-09-11T20:55:53Z,2.9574160000000003,,,,,,,,-3.0,-110,3.0,-110,42.5,-110,-110
2026-09-11T20:55:55Z,SCHEDULED_FULL,e571bab6736f9338130a78a4f75c3231,odds_e571bab6736f9338130a78a4f75c3231,,,2026-11-08T18:00:00Z,83344.06737640001,CLE,NO,draftkings,DraftKings,2026-09-11T20:55:55Z,0.957416,164.0,-198.0,0.3787878787878788,0.6644295302013423,0.043217408989220996,0.6369041816941223,NO,3.5,-105,-3.5,-115,41.5,-110,-110
2026-09-11T20:55:55Z,SCHEDULED_FULL,415fc42e72888c63e82f7bce24c65391,odds_415fc42e72888c63e82f7bce24c65391,,,2026-11-08T18:00:00Z,83344.06737640001,DAL,IND,draftkings,DraftKings,2026-09-11T20:55:55Z,0.957416,-125.0,105.0,0.5555555555555556,0.4878048780487805,0.04336043360433606,0.4675324675324675,DAL,-1.5,-110,1.5,-110,52.5,-110,-110
2026-09-11T20:55:55Z,SCHEDULED_FULL,415fc42e72888c63e82f7bce24c65391,odds_415fc42e72888c63e82f7bce24c65391,,,2026-11-08T18:00:00Z,83344.06737640001,DAL,IND,betus,BetUS,2026-09-11T20:55:53Z,2.9574160000000003,,,,,,,,-1.5,-110,1.5,-110,52.5,-110,-110
2026-09-11T20:55:55Z,SCHEDULED_FULL,44d8c37868b700e90f816db7c5df5cdd,odds_44d8c37868b700e90f816db7c5df5cdd,,,2026-11-08T18:00:00Z,83344.06737640001,DET,MIA,draftkings,DraftKings,2026-09-11T20:55:55Z,0.957416,-278.0,225.0,0.7354497354497355,0.3076923076923077,0.043142043142043285,0.2949668357393679,DET,-6.5,-110,6.5,-110,47.5,-110,-110
2026-09-11T20:55:55Z,SCHEDULED_FULL,e354e6a04b1cb9c96e549b863debb92e,odds_e354e6a04b1cb9c96e549b863debb92e,,,2026-11-08T18:00:00Z,83344.06737640001,NYJ,KC,draftkings,DraftKings,2026-09-11T20:55:55Z,0.957416,350.0,-455.0,0.2222222222222222,0.8198198198198198,0.04204204204204198,0.7867435158501441,KC,9.5,-110,-9.5,-110,41.5,-110,-110
2026-09-11T20:55:55Z,SCHEDULED_FULL,fe93e6ab1e553c0169936a0a983c324f,odds_fe93e6ab1e553c0169936a0a983c324f,,,2026-11-08T18:00:00Z,83344.06737640001,NYG,PHI,draftkings,DraftKings,2026-09-11T20:55:55Z,0.957416,195.0,-238.0,0.3389830508474576,0.7041420118343196,0.04312506268177718,0.6750312469954812,PHI,5.5,-110,-5.5,-110,44.5,-110,-110
2026-09-11T20:55:55Z,SCHEDULED_FULL,fe93e6ab1e553c0169936a0a983c324f,odds_fe93e6ab1e553c0169936a0a983c324f,,,2026-11-08T18:00:00Z,83344.06737640001,NYG,PHI,betus,BetUS,2026-09-11T20:55:53Z,2.9574160000000003,,,,,,,,5.5,-110,-5.5,-110,44.5,-110,-110
2026-09-11T20:55:55Z,SCHEDULED_FULL,39aeac43cea7b12558b91cdab1255a10,odds_39aeac43cea7b12558b91cdab1255a10,,,2026-11-08T21:05:00Z,83529.06737640001,HOU,LAC,draftkings,DraftKings,2026-09-11T20:55:55Z,0.957416,114.0,-135.0,0.4672897196261682,0.574468085106383,0.04175780473255131,0.551441114716549,LAC,2.5,-110,-2.5,-110,43.5,-110,-110
2026-09-11T20:55:55Z,SCHEDULED_FULL,39aeac43cea7b12558b91cdab1255a10,odds_39aeac43cea7b12558b91cdab1255a10,,,2026-11-08T21:05:00Z,83529.06737640001,HOU,LAC,betus,BetUS,2026-09-11T20:55:53Z,2.9574160000000003,,,,,,,,1.5,-105,-1.5,-115,43.5,-110,-110
2026-09-11T20:55:55Z,SCHEDULED_FULL,9760d8f19f84bfee300a74ceb656c95d,odds_9760d8f19f84bfee300a74ceb656c95d,,,2026-11-09T01:20:00Z,83784.06737640001,TB,CHI,draftkings,DraftKings,2026-09-11T20:55:55Z,0.957416,160.0,-192.0,0.38461538461538464,0.6575342465753424,0.04214963119072701,0.6309403437815976,CHI,3.5,-110,-3.5,-110,48.5,-110,-110
2026-09-11T20:55:55Z,SCHEDULED_FULL,17ad7eff2f7875e20a8109abe40470e3,odds_17ad7eff2f7875e20a8109abe40470e3,,,2026-11-10T01:15:00Z,85219.06737640001,BUF,MIN,draftkings,DraftKings,2026-09-11T20:55:55Z,0.957416,-170.0,142.0,0.6296296296296297,0.4132231404958678,0.042852770125497486,0.3962430290578221,BUF,-3.0,-110,3.0,-110,48.5,-110,-110
2026-09-11T20:55:55Z,SCHEDULED_FULL,74d39e19225caf211ad2c8eb4110179f,odds_74d39e19225caf211ad2c8eb4110179f,,,2026-11-13T01:15:00Z,89539.06737640001,WAS,NYG,draftkings,DraftKings,2026-09-11T20:55:55Z,0.957416,102.0,-122.0,0.49504950495049505,0.5495495495495496,0.044599054500044755,0.5260865852617197,NYG,1.5,-110,-1.5,-110,47.5,-110,-110
2026-09-11T20:55:55Z,SCHEDULED_FULL,3c71d515b726f1096aabb435badb83fd,odds_3c71d515b726f1096aabb435badb83fd,,,2026-11-15T18:00:00Z,93424.06737640001,KC,ATL,draftkings,DraftKings,2026-09-11T20:55:55Z,0.957416,-230.0,190.0,0.696969696969697,0.3448275862068966,0.04179728317659359,0.33099297893681046,KC,-4.5,-110,4.5,-110,45.5,-110,-110
2026-09-11T20:55:55Z,SCHEDULED_FULL,1057d50949844ddf483da9c8c20354be,odds_1057d50949844ddf483da9c8c20354be,,,2026-11-15T18:00:00Z,93424.06737640001,BUF,NYJ,draftkings,DraftKings,2026-09-11T20:55:55Z,0.957416,-345.0,275.0,0.7752808988764045,0.26666666666666666,0.04194756554307122,0.2559309849029475,BUF,-7.0,-115,7.0,-105,46.5,-110,-110
2026-09-11T20:55:55Z,SCHEDULED_FULL,e5aa20e1364dd639f042af1c2281bbe2,odds_e5aa20e1364dd639f042af1c2281bbe2,,,2026-11-15T18:00:00Z,93424.06737640001,CAR,NO,draftkings,DraftKings,2026-09-11T20:55:55Z,0.957416,-102.0,-118.0,0.504950495049505,0.5412844036697247,0.04623489871922981,0.5173641257162701,NO,1.5,-115,-1.5,-105,43.5,-110,-110
2026-09-11T20:55:55Z,SCHEDULED_FULL,e5aa20e1364dd639f042af1c2281bbe2,odds_e5aa20e1364dd639f042af1c2281bbe2,,,2026-11-15T18:00:00Z,93424.06737640001,CAR,NO,betus,BetUS,2026-09-11T20:55:53Z,2.9574160000000003,,,,,,,,1.5,-110,-1.5,-110,43.5,-110,-110
2026-09-11T20:55:55Z,SCHEDULED_FULL,be0e03cc42fbc9b6962467b22c7bf9dd,odds_be0e03cc42fbc9b6962467b22c7bf9dd,,,2026-11-15T18:00:00Z,93424.06737640001,HOU,CLE,draftkings,DraftKings,2026-09-11T20:55:55Z,0.957416,-205.0,170.0,0.6721311475409836,0.37037037037037035,0.042501517911353925,0.35527082119976705,HOU,-4.5,-110,4.5,-110,38.5,-110,-110
2026-09-11T20:55:55Z,SCHEDULED_FULL,5d8d85473b87f772a979ecf294acab94,odds_5d8d85473b87f772a979ecf294acab94,,,2026-11-15T18:00:00Z,93424.06737640001,MIN,GB,draftkings,DraftKings,2026-09-11T20:55:55Z,0.957416,195.0,-238.0,0.3389830508474576,0.7041420118343196,0.04312506268177718,0.6750312469954812,GB,4.5,-110,-4.5,-110,45.5,-110,-110
2026-09-11T20:55:55Z,SCHEDULED_FULL,5d8d85473b87f772a979ecf294acab94,odds_5d8d85473b87f772a979ecf294acab94,,,2026-11-15T18:00:00Z,93424.06737640001,MIN,GB,betus,BetUS,2026-09-11T20:55:53Z,2.9574160000000003,,,,,,,,4.5,-110,-4.5,-110,45.5,-110,-110
2026-09-11T20:55:55Z,SCHEDULED_FULL,b5700b4d938fd94429f60d4622cc9c0a,odds_b5700b4d938fd94429f60d4622cc9c0a,,,2026-11-15T18:00:00Z,93424.06737640001,MIA,IND,draftkings,DraftKings,2026-09-11T20:55:55Z,0.957416,245.0,-305.0,0.2898550724637681,0.7530864197530864,0.042941492216854504,0.7220792588780237,IND,6.5,-110,-6.5,-110,47.5,-110,-110
2026-09-11T20:55:55Z,SCHEDULED_FULL,28800df7e768ecec14f116454d560f9b,odds_28800df7e768ecec14f116454d560f9b,,,2026-11-15T18:00:00Z,93424.06737640001,JAX,TEN,draftkings,DraftKings,2026-09-11T20:55:55Z,0.957416,-135.0,114.0,0.574468085106383,0.4672897196261682,0.04175780473255131,0.448558885283451,JAX,-2.5,-110,2.5,-110,45.5,-110,-110
2026-09-11T20:55:55Z,SCHEDULED_FULL,28800df7e768ecec14f116454d560f9b,odds_28800df7e768ecec14f116454d560f9b,,,2026-11-15T18:00:00Z,93424.06737640001,JAX,TEN,betus,BetUS,2026-09-11T20:55:53Z,2.9574160000000003,,,,,,,,-2.5,-110,2.5,-110,45.5,-110,-110
2026-09-11T20:55:55Z,SCHEDULED_FULL,48e497c230e6c9afcb3b600091d28e17,odds_48e497c230e6c9afcb3b600091d28e17,,,2026-11-16T01:20:00Z,93864.06737640001,PIT,CIN,draftkings,DraftKings,2026-09-11T20:55:55Z,0.957416,164.0,-198.0,0.3787878787878788,0.6644295302013423,0.043217408989220996,0.6369041816941223,CIN,3.5,-110,-3.5,-110,47.5,-110,-110
2026-09-11T20:55:55Z,SCHEDULED_FULL,48e497c230e6c9afcb3b600091d28e17,odds_48e497c230e6c9afcb3b600091d28e17,,,2026-11-16T01:20:00Z,93864.06737640001,PIT,CIN,betus,BetUS,2026-09-11T20:55:53Z,2.9574160000000003,,,,,,,,3.5,-110,-3.5,-110,47.5,-110,-110
2026-09-11T20:55:55Z,SCHEDULED_FULL,35e3bdff558b5d1506251e814986f164,odds_35e3bdff558b5d1506251e814986f164,,,2026-11-17T01:15:00Z,95299.06737640001,LAC,BAL,draftkings,DraftKings,2026-09-11T20:55:55Z,0.957416,150.0,-180.0,0.4,0.6428571428571429,0.04285714285714293,0.6164383561643836,BAL,3.5,-110,-3.5,-110,47.5,-110,-110
2026-09-11T20:55:55Z,SCHEDULED_FULL,35e3bdff558b5d1506251e814986f164,odds_35e3bdff558b5d1506251e814986f164,,,2026-11-17T01:15:00Z,95299.06737640001,LAC,BAL,betus,BetUS,2026-09-11T20:55:53Z,2.9574160000000003,,,,,,,,2.5,-110,-2.5,-110,48.5,-110,-110
2026-09-11T20:55:55Z,SCHEDULED_FULL,66f9e83cf025d58acee12bce18661fb3,odds_66f9e83cf025d58acee12bce18661fb3,,,2026-11-20T01:15:00Z,99619.06737640001,IND,HOU,draftkings,DraftKings,2026-09-11T20:55:55Z,0.957416,195.0,-238.0,0.3389830508474576,0.7041420118343196,0.04312506268177718,0.6750312469954812,HOU,5.5,-110,-5.5,-110,45.5,-110,-110
2026-09-11T20:55:55Z,SCHEDULED_FULL,403a88701352da05b0710a9e883b803e,odds_403a88701352da05b0710a9e883b803e,,,2026-11-22T18:00:00Z,103504.06737640001,ARI,KC,draftkings,DraftKings,2026-09-11T20:55:55Z,0.957416,440.0,-600.0,0.18518518518518517,0.8571428571428571,0.042328042328042326,0.8223350253807106,KC,11.5,-110,-11.5,-110,44.5,-110,-110
2026-09-11T20:55:55Z,SCHEDULED_FULL,403a88701352da05b0710a9e883b803e,odds_403a88701352da05b0710a9e883b803e,,,2026-11-22T18:00:00Z,103504.06737640001,ARI,KC,betus,BetUS,2026-09-11T20:55:53Z,2.9574160000000003,,,,,,,,11.5,-110,-11.5,-110,44.5,-110,-110
2026-09-11T20:55:55Z,SCHEDULED_FULL,4527f57f5bc32742d8194af1ccf7da7e,odds_4527f57f5bc32742d8194af1ccf7da7e,,,2026-11-22T18:00:00Z,103504.06737640001,BAL,CAR,draftkings,DraftKings,2026-09-11T20:55:55Z,0.957416,-218.0,180.0,0.6855345911949685,0.35714285714285715,0.04267744833782561,0.34252477380439467,BAL,-4.5,-110,4.5,-110,46.5,-110,-110
2026-09-11T20:55:55Z,SCHEDULED_FULL,4527f57f5bc32742d8194af1ccf7da7e,odds_4527f57f5bc32742d8194af1ccf7da7e,,,2026-11-22T18:00:00Z,103504.06737640001,BAL,CAR,betus,BetUS,2026-09-11T20:55:53Z,2.9574160000000003,,,,,,,,-4.5,-110,4.5,-110,46.5,-110,-110
2026-09-11T20:55:55Z,SCHEDULED_FULL,4c5b1c0843a260278e95eb93e7787576,odds_4c5b1c0843a260278e95eb93e7787576,,,2026-11-22T18:00:00Z,103504.06737640001,MIA,BUF,draftkings,DraftKings,2026-09-11T20:55:55Z,0.957416,470.0,-650.0,0.17543859649122806,0.8666666666666667,0.04210526315789487,0.8316498316498315,BUF,11.5,-110,-11.5,-110,47.5,-110,-110
2026-09-11T20:55:55Z,SCHEDULED_FULL,3ea90704fb576633bd1e2fa5aafd9ea3,odds_3ea90704fb576633bd1e2fa5aafd9ea3,,,2026-11-22T18:00:00Z,103504.06737640001,NO,CHI,draftkings,DraftKings,2026-09-11T20:55:55Z,0.957416,235.0,-290.0,0.29850746268656714,0.7435897435897436,0.04209720627631075,0.7135512302607419,CHI,6.5,-110,-6.5,-110,46.5,-110,-110
2026-09-11T20:55:55Z,SCHEDULED_FULL,5e63079b678f8c13419adc169fff02d3,odds_5e63079b678f8c13419adc169fff02d3,,,2026-11-22T18:00:00Z,103504.06737640001,TEN,DAL,draftkings,DraftKings,2026-09-11T20:55:55Z,0.957416,230.0,-285.0,0.30303030303030304,0.7402597402597403,0.04329004329004338,0.7095435684647302,DAL,6.5,-110,-6.5,-110,48.5,-110,-110
2026-09-11T20:55:55Z,SCHEDULED_FULL,41e2dd69bddd65d7e823d9ed61cc2afc,odds_41e2dd69bddd65d7e823d9ed61cc2afc,,,2026-11-22T18:00:00Z,103504.06737640001,TB,DET,draftkings,DraftKings,2026-09-11T20:55:55Z,0.957416,180.0,-218.0,0.35714285714285715,0.6855345911949685,0.04267744833782561,0.6574752261956054,DET,4.5,-110,-4.5,-110,49.5,-110,-110
2026-09-11T20:55:55Z,SCHEDULED_FULL,8ba112fabf4e87639338a5f437c5abfe,odds_8ba112fabf4e87639338a5f437c5abfe,,,2026-11-22T18:00:00Z,103504.06737640001,JAX,NYG,draftkings,DraftKings,2026-09-11T20:55:55Z,0.957416,-122.0,102.0,0.5495495495495496,0.49504950495049505,0.044599054500044755,0.4739134147382802,JAX,-1.5,-110,1.5,-110,46.5,-110,-110
2026-09-11T20:55:55Z,SCHEDULED_FULL,4b20b742b6168aaca4f25d87f11b1526,odds_4b20b742b6168aaca4f25d87f11b1526,,,2026-11-22T21:05:00Z,103689.06737640001,NYJ,LAC,draftkings,DraftKings,2026-09-11T20:55:55Z,0.957416,330.0,-425.0,0.23255813953488372,0.8095238095238095,0.042081949058693224,0.7768331562167907,LAC,9.5,-110,-9.5,-110,41.5,-110,-110
2026-09-11T20:55:55Z,SCHEDULED_FULL,1940706a79cbcbafacdcbf231069716b,odds_1940706a79cbcbafacdcbf231069716b,,,2026-11-22T21:25:00Z,103709.06737640001,LV,DEN,draftkings,DraftKings,2026-09-11T20:55:55Z,0.957416,270.0,-340.0,0.2702702702702703,0.7727272727272727,0.0429975429975431,0.740871613663133,DEN,7.5,-110,-7.5,-110,41.5,-110,-110
2026-09-11T20:55:55Z,SCHEDULED_FULL,cbe45bafcc2615fc1d96cbc12840377a,odds_cbe45bafcc2615fc1d96cbc12840377a,,,2026-11-22T21:25:00Z,103709.06737640001,PIT,PHI,draftkings,DraftKings,2026-09-11T20:55:55Z,0.957416,195.0,-238.0,0.3389830508474576,0.7041420118343196,0.04312506268177718,0.6750312469954812,PHI,5.5,-110,-5.5,-110,42.5,-110,-110
2026-09-11T20:55:55Z,SCHEDULED_FULL,cbe45bafcc2615fc1d96cbc12840377a,odds_cbe45bafcc2615fc1d96cbc12840377a,,,2026-11-22T21:25:00Z,103709.06737640001,PIT,PHI,betus,BetUS,2026-09-11T20:55:53Z,2.9574160000000003,,,,,,,,5.5,-110,-5.5,-110,42.5,-110,-110
2026-09-11T20:55:55Z,SCHEDULED_FULL,3a60ed1d20004aa4d4772b2c1a2272e7,odds_3a60ed1d20004aa4d4772b2c1a2272e7,,,2026-11-24T01:15:00Z,105379.06737640001,CIN,WAS,draftkings,DraftKings,2026-09-11T20:55:55Z,0.957416,-122.0,102.0,0.5495495495495496,0.49504950495049505,0.044599054500044755,0.4739134147382802,CIN,-1.5,-110,1.5,-110,52.5,-110,-110
2026-09-11T20:55:55Z,SCHEDULED_FULL,3a60ed1d20004aa4d4772b2c1a2272e7,odds_3a60ed1d20004aa4d4772b2c1a2272e7,,,2026-11-24T01:15:00Z,105379.06737640001,CIN,WAS,betus,BetUS,2026-09-11T20:55:53Z,2.9574160000000003,,,,,,,,-1.5,-110,1.5,-110,52.5,-110,-110
2026-09-11T20:55:55Z,SCHEDULED_FULL,9b825e6518156008da499be041975fdd,odds_9b825e6518156008da499be041975fdd,,,2026-11-26T18:00:00Z,109264.06737640001,CHI,DET,draftkings,DraftKings,2026-09-11T20:55:55Z,0.957416,120.0,-142.0,0.45454545454545453,0.5867768595041323,0.04132231404958686,0.5634920634920635,DET,2.5,-105,-2.5,-115,52.5,-110,-110
2026-09-11T20:55:55Z,SCHEDULED_FULL,ffaa06af56a7137d4b078c5c46c0b730,odds_ffaa06af56a7137d4b078c5c46c0b730,,,2026-11-26T20:30:00Z,109414.06737640001,PHI,DAL,draftkings,DraftKings,2026-09-11T20:55:55Z,0.957416,105.0,-125.0,0.4878048780487805,0.5555555555555556,0.04336043360433606,0.5324675324675325,DAL,1.5,-110,-1.5,-110,49.5,-110,-110
2026-09-11T20:55:55Z,SCHEDULED_FULL,ffaa06af56a7137d4b078c5c46c0b730,odds_ffaa06af56a7137d4b078c5c46c0b730,,,2026-11-26T20:30:00Z,109414.06737640001,PHI,DAL,betonlineag,BetOnline.ag,2026-09-11T20:55:51Z,4.957416,,,,,,,,1.0,-105,-1.0,-115,49.5,-115,-105
2026-09-11T20:55:55Z,SCHEDULED_FULL,ffaa06af56a7137d4b078c5c46c0b730,odds_ffaa06af56a7137d4b078c5c46c0b730,,,2026-11-26T20:30:00Z,109414.06737640001,PHI,DAL,lowvig,LowVig.ag,2026-09-11T20:55:24Z,31.957416,,,,,,,,1.0,100,-1.0,-110,49.5,-113,-102
2026-09-11T20:55:55Z,SCHEDULED_FULL,f36f518585aec40e8cb40e071c0844aa,odds_f36f518585aec40e8cb40e071c0844aa,,,2026-11-27T01:20:00Z,109704.06737640001,KC,BUF,draftkings,DraftKings,2026-09-11T20:55:55Z,0.957416,124.0,-148.0,0.44642857142857145,0.5967741935483871,0.04320276497695863,0.5720596355604638,BUF,2.5,-105,-2.5,-115,50.5,-110,-110
2026-09-11T20:55:55Z,SCHEDULED_FULL,44a3bcf5bd002583ddef2207a92dd977,odds_44a3bcf5bd002583ddef2207a92dd977,,,2026-11-27T20:00:00Z,110824.06737640001,DEN,PIT,draftkings,DraftKings,2026-09-11T20:55:55Z,0.957416,-122.0,102.0,0.5495495495495496,0.49504950495049505,0.044599054500044755,0.4739134147382802,DEN,-1.5,-110,1.5,-110,39.5,-110,-110
2026-09-11T20:55:55Z,SCHEDULED_FULL,6a05021bdb6bab24b9bb381ffff10f0c,odds_6a05021bdb6bab24b9bb381ffff10f0c,,,2026-11-29T18:00:00Z,113584.06737640001,ATL,MIN,draftkings,DraftKings,2026-09-11T20:55:55Z,0.957416,180.0,-218.0,0.35714285714285715,0.6855345911949685,0.04267744833782561,0.6574752261956054,MIN,4.5,-110,-4.5,-110,43.5,-110,-110
2026-09-11T20:55:55Z,SCHEDULED_FULL,60d0c074801985c1062795362a24200e,odds_60d0c074801985c1062795362a24200e,,,2026-11-29T18:00:00Z,113584.06737640001,BAL,HOU,draftkings,DraftKings,2026-09-11T20:55:55Z,0.957416,102.0,-122.0,0.49504950495049505,0.5495495495495496,0.044599054500044755,0.5260865852617197,HOU,1.5,-110,-1.5,-110,45.5,-110,-110
2026-09-11T20:55:55Z,SCHEDULED_FULL,f7d3ae7a8fe2438cef7d7d7bc67e31db,odds_f7d3ae7a8fe2438cef7d7d7bc67e31db,,,2026-11-29T18:00:00Z,113584.06737640001,NO,CIN,draftkings,DraftKings,2026-09-11T20:55:55Z,0.957416,235.0,-290.0,0.29850746268656714,0.7435897435897436,0.04209720627631075,0.7135512302607419,CIN,6.5,-110,-6.5,-110,48.5,-110,-110
2026-09-11T20:55:55Z,SCHEDULED_FULL,f7d3ae7a8fe2438cef7d7d7bc67e31db,odds_f7d3ae7a8fe2438cef7d7d7bc67e31db,,,2026-11-29T18:00:00Z,113584.06737640001,NO,CIN,betus,BetUS,2026-09-11T20:55:53Z,2.9574160000000003,,,,,,,,6.5,-110,-6.5,-110,48.5,-110,-110
2026-09-11T20:55:55Z,SCHEDULED_FULL,eaa993c3d62d6b5aeb6142cdd7862fd5,odds_eaa993c3d62d6b5aeb6142cdd7862fd5,,,2026-11-29T18:00:00Z,113584.06737640001,LV,CLE,draftkings,DraftKings,2026-09-11T20:55:55Z,0.957416,102.0,-122.0,0.49504950495049505,0.5495495495495496,0.044599054500044755,0.5260865852617197,CLE,1.5,-110,-1.5,-110,39.5,-110,-110
2026-09-11T20:55:55Z,SCHEDULED_FULL,e9da808e36e1b7475698a57465ad4519,odds_e9da808e36e1b7475698a57465ad4519,,,2026-11-29T18:00:00Z,113584.06737640001,NYG,IND,draftkings,DraftKings,2026-09-11T20:55:55Z,0.957416,114.0,-135.0,0.4672897196261682,0.574468085106383,0.04175780473255131,0.551441114716549,IND,2.5,-110,-2.5,-110,47.5,-110,-110
2026-09-11T20:55:55Z,SCHEDULED_FULL,81a8fee5b649a3ad5ad59e9528f2f376,odds_81a8fee5b649a3ad5ad59e9528f2f376,,,2026-11-29T18:00:00Z,113584.06737640001,TEN,JAX,draftkings,DraftKings,2026-09-11T20:55:55Z,0.957416,195.0,-238.0,0.3389830508474576,0.7041420118343196,0.04312506268177718,0.6750312469954812,JAX,5.5,-110,-5.5,-110,45.5,-110,-110
2026-09-11T20:55:55Z,SCHEDULED_FULL,81a8fee5b649a3ad5ad59e9528f2f376,odds_81a8fee5b649a3ad5ad59e9528f2f376,,,2026-11-29T18:00:00Z,113584.06737640001,TEN,JAX,betus,BetUS,2026-09-11T20:55:53Z,2.9574160000000003,,,,,,,,5.5,-110,-5.5,-110,45.5,-110,-110
2026-09-11T20:55:55Z,SCHEDULED_FULL,5ea0e3ea5944b0ad5169f21c0787b331,odds_5ea0e3ea5944b0ad5169f21c0787b331,,,2026-11-29T18:00:00Z,113584.06737640001,NYJ,MIA,draftkings,DraftKings,2026-09-11T20:55:55Z,0.957416,105.0,-125.0,0.4878048780487805,0.5555555555555556,0.04336043360433606,0.5324675324675325,MIA,1.5,-110,-1.5,-110,40.5,-110,-110
2026-09-11T20:55:55Z,SCHEDULED_FULL,69a1dbe9de3d3212c3a7a55be5d204ab,odds_69a1dbe9de3d3212c3a7a55be5d204ab,,,2026-11-29T21:25:00Z,113789.06737640001,WAS,ARI,draftkings,DraftKings,2026-09-11T20:55:55Z,0.957416,-218.0,180.0,0.6855345911949685,0.35714285714285715,0.04267744833782561,0.34252477380439467,WAS,-4.5,-110,4.5,-110,47.5,-110,-110
2026-09-11T20:55:55Z,SCHEDULED_FULL,69a1dbe9de3d3212c3a7a55be5d204ab,odds_69a1dbe9de3d3212c3a7a55be5d204ab,,,2026-11-29T21:25:00Z,113789.06737640001,WAS,ARI,betus,BetUS,2026-09-11T20:55:53Z,2.9574160000000003,,,,,,,,-4.5,-110,4.5,-110,47.5,-110,-110
2026-09-11T20:55:55Z,SCHEDULED_FULL,2cdaecba7c0bff9b58a48a82e6ee17a7,odds_2cdaecba7c0bff9b58a48a82e6ee17a7,,,2026-12-01T01:15:00Z,115459.06737640001,CAR,TB,draftkings,DraftKings,2026-09-11T20:55:55Z,0.957416,164.0,-198.0,0.3787878787878788,0.6644295302013423,0.043217408989220996,0.6369041816941223,TB,3.5,-110,-3.5,-110,44.5,-110,-110
2026-09-11T20:55:55Z,SCHEDULED_FULL,2cdaecba7c0bff9b58a48a82e6ee17a7,odds_2cdaecba7c0bff9b58a48a82e6ee17a7,,,2026-12-01T01:15:00Z,115459.06737640001,CAR,TB,betus,BetUS,2026-09-11T20:55:53Z,2.9574160000000003,,,,,,,,3.5,-110,-3.5,-110,44.5,-110,-110
2026-09-11T20:55:55Z,SCHEDULED_FULL,c94419ba8fb818fc36a5b21b526aab75,odds_c94419ba8fb818fc36a5b21b526aab75,,,2026-12-06T18:00:00Z,123664.06737640001,DET,ATL,draftkings,DraftKings,2026-09-11T20:55:55Z,0.957416,-185.0,154.0,0.6491228070175439,0.3937007874015748,0.04282359441911865,0.3775334481388264,DET,-3.5,-110,3.5,-110,48.5,-110,-110
2026-09-11T20:55:55Z,SCHEDULED_FULL,0236f9aa68d65ea03bd1ca025b749c20,odds_0236f9aa68d65ea03bd1ca025b749c20,,,2026-12-06T18:00:00Z,123664.06737640001,JAX,CHI,draftkings,DraftKings,2026-09-11T20:55:55Z,0.957416,130.0,-155.0,0.43478260869565216,0.6078431372549019,0.04262574595055413,0.5829926410466066,CHI,3.0,-115,-3.0,-105,47.5,-110,-110
2026-09-11T20:55:55Z,SCHEDULED_FULL,b447fab53534af892f98a74eae26c1c6,odds_b447fab53534af892f98a74eae26c1c6,,,2026-12-06T18:00:00Z,123664.06737640001,CIN,CLE,draftkings,DraftKings,2026-09-11T20:55:55Z,0.957416,-218.0,180.0,0.6855345911949685,0.35714285714285715,0.04267744833782561,0.34252477380439467,CIN,-4.5,-110,4.5,-110,45.5,-110,-110
2026-09-11T20:55:55Z,SCHEDULED_FULL,9a55467e1cd6310ae2af20d8154612e1,odds_9a55467e1cd6310ae2af20d8154612e1,,,2026-12-06T18:00:00Z,123664.06737640001,MIA,DEN,draftkings,DraftKings,2026-09-11T20:55:55Z,0.957416,360.0,-470.0,0.21739130434782608,0.8245614035087719,0.04195270785659799,0.7913616398243045,DEN,9.5,-110,-9.5,-110,42.5,-110,-110
2026-09-11T20:55:55Z,SCHEDULED_FULL,1ccb61b811b7aae4270df22a67e6459f,odds_1ccb61b811b7aae4270df22a67e6459f,,,2026-12-06T18:00:00Z,123664.06737640001,GB,NO,draftkings,DraftKings,2026-09-11T20:55:55Z,0.957416,-225.0,185.0,0.6923076923076923,0.3508771929824561,0.04318488529014841,0.33635187580853815,GB,-4.5,-110,4.5,-110,45.5,-110,-110
2026-09-11T20:55:55Z,SCHEDULED_FULL,1ccb61b811b7aae4270df22a67e6459f,odds_1ccb61b811b7aae4270df22a67e6459f,,,2026-12-06T18:00:00Z,123664.06737640001,GB,NO,betus,BetUS,2026-09-11T20:55:53Z,2.9574160000000003,,,,,,,,-4.5,-110,4.5,-110,45.5,-110,-110
2026-09-11T20:55:55Z,SCHEDULED_FULL,f8a92363386bd337975650879086cca6,odds_f8a92363386bd337975650879086cca6,,,2026-12-06T18:00:00Z,123664.06737640001,LAC,TB,draftkings,DraftKings,2026-09-11T20:55:55Z,0.957416,-142.0,120.0,0.5867768595041323,0.45454545454545453,0.04132231404958686,0.43650793650793646,LAC,-2.5,-110,2.5,-110,46.5,-110,-110
2026-09-11T20:55:55Z,SCHEDULED_FULL,f8a92363386bd337975650879086cca6,odds_f8a92363386bd337975650879086cca6,,,2026-12-06T18:00:00Z,123664.06737640001,LAC,TB,betus,BetUS,2026-09-11T20:55:53Z,2.9574160000000003,,,,,,,,-1.5,-110,1.5,-110,46.5,-110,-110
2026-09-11T20:55:55Z,SCHEDULED_FULL,ae3429e95ee704c7fd001cade20072d0,odds_ae3429e95ee704c7fd001cade20072d0,,,2026-12-06T18:00:00Z,123664.06737640001,WAS,TEN,draftkings,DraftKings,2026-09-11T20:55:55Z,0.957416,-125.0,105.0,0.5555555555555556,0.4878048780487805,0.04336043360433606,0.4675324675324675,WAS,-1.5,-110,1.5,-110,46.5,-110,-110
2026-09-11T20:55:55Z,SCHEDULED_FULL,ae3429e95ee704c7fd001cade20072d0,odds_ae3429e95ee704c7fd001cade20072d0,,,2026-12-06T18:00:00Z,123664.06737640001,WAS,TEN,betus,BetUS,2026-09-11T20:55:53Z,2.9574160000000003,,,,,,,,-1.5,100,1.5,-120,46.5,-110,-110
2026-09-11T20:55:55Z,SCHEDULED_FULL,f4897f48a5351881280f7598bd826408,odds_f4897f48a5351881280f7598bd826408,,,2026-12-06T21:05:00Z,123849.06737640001,PHI,ARI,draftkings,DraftKings,2026-09-11T20:55:55Z,0.957416,-395.0,310.0,0.797979797979798,0.24390243902439024,0.04188223700418825,0.23409789548356585,PHI,-8.5,-110,8.5,-110,43.5,-110,-110
2026-09-11T20:55:55Z,SCHEDULED_FULL,f4897f48a5351881280f7598bd826408,odds_f4897f48a5351881280f7598bd826408,,,2026-12-06T21:05:00Z,123849.06737640001,PHI,ARI,betus,BetUS,2026-09-11T20:55:53Z,2.9574160000000003,,,,,,,,-8.5,-110,8.5,-110,43.5,-110,-110
2026-09-11T20:55:55Z,SCHEDULED_FULL,c186c605febd6370b292469c9151cfb3,odds_c186c605febd6370b292469c9151cfb3,,,2026-12-06T21:25:00Z,123869.06737640001,CAR,MIN,draftkings,DraftKings,2026-09-11T20:55:55Z,0.957416,160.0,-192.0,0.38461538461538464,0.6575342465753424,0.04214963119072701,0.6309403437815976,MIN,3.5,-110,-3.5,-110,42.5,-110,-110
2026-09-11T20:55:55Z,SCHEDULED_FULL,c186c605febd6370b292469c9151cfb3,odds_c186c605febd6370b292469c9151cfb3,,,2026-12-06T21:25:00Z,123869.06737640001,CAR,MIN,betus,BetUS,2026-09-11T20:55:53Z,2.9574160000000003,,,,,,,,3.5,-110,-3.5,-110,42.5,-110,-110
2026-09-11T20:55:55Z,SCHEDULED_FULL,26bf8e165d2d273ed0772a355f07ab16,odds_26bf8e165d2d273ed0772a355f07ab16,,,2026-12-07T01:20:00Z,124104.06737640001,HOU,PIT,draftkings,DraftKings,2026-09-11T20:55:55Z,0.957416,-122.0,102.0,0.5495495495495496,0.49504950495049505,0.044599054500044755,0.4739134147382802,HOU,-1.5,-110,1.5,-110,41.5,-110,-110
2026-09-11T20:55:55Z,SCHEDULED_FULL,f7fba6b1804e02292ee0ce4738484258,odds_f7fba6b1804e02292ee0ce4738484258,,,2026-12-13T18:00:00Z,133744.0673764,ATL,CLE,draftkings,DraftKings,2026-09-11T20:55:55Z,0.957416,102.0,-122.0,0.49504950495049505,0.5495495495495496,0.044599054500044755,0.5260865852617197,CLE,1.5,-110,-1.5,-110,40.5,-110,-110
2026-09-11T20:55:55Z,SCHEDULED_FULL,bec99e2f2b4c80e345731d69ee38d831,odds_bec99e2f2b4c80e345731d69ee38d831,,,2026-12-13T18:00:00Z,133744.0673764,TB,BAL,draftkings,DraftKings,2026-09-11T20:55:55Z,0.957416,210.0,-258.0,0.3225806451612903,0.7206703910614525,0.043251036222742734,0.690792883054068,BAL,6.0,-110,-6.0,-110,48.5,-110,-110
2026-09-11T20:55:55Z,SCHEDULED_FULL,bec99e2f2b4c80e345731d69ee38d831,odds_bec99e2f2b4c80e345731d69ee38d831,,,2026-12-13T18:00:00Z,133744.0673764,TB,BAL,betus,BetUS,2026-09-11T20:55:53Z,2.9574160000000003,,,,,,,,6.0,-110,-6.0,-110,48.5,-110,-110
2026-09-11T20:55:55Z,SCHEDULED_FULL,dcc7b377d3b3ec990304612bbef47d3d,odds_dcc7b377d3b3ec990304612bbef47d3d,,,2026-12-13T18:00:00Z,133744.0673764,NO,CAR,draftkings,DraftKings,2026-09-11T20:55:55Z,0.957416,120.0,-142.0,0.45454545454545453,0.5867768595041323,0.04132231404958686,0.5634920634920635,CAR,2.5,-110,-2.5,-110,43.5,-110,-110
2026-09-11T20:55:55Z,SCHEDULED_FULL,dcc7b377d3b3ec990304612bbef47d3d,odds_dcc7b377d3b3ec990304612bbef47d3d,,,2026-12-13T18:00:00Z,133744.0673764,NO,CAR,betus,BetUS,2026-09-11T20:55:53Z,2.9574160000000003,,,,,,,,2.5,-110,-2.5,-110,43.5,-110,-110
2026-09-11T20:55:55Z,SCHEDULED_FULL,2c6added7199a59f1e9dae8492c29da4,odds_2c6added7199a59f1e9dae8492c29da4,,,2026-12-13T18:00:00Z,133744.0673764,CHI,MIA,draftkings,DraftKings,2026-09-11T20:55:55Z,0.957416,-250.0,205.0,0.7142857142857143,0.32786885245901637,0.042154566744730726,0.31460674157303364,CHI,-5.5,-110,5.5,-110,46.5,-110,-110
2026-09-11T20:55:55Z,SCHEDULED_FULL,5185ace33aebc87d39074147940f2fa5,odds_5185ace33aebc87d39074147940f2fa5,,,2026-12-13T18:00:00Z,133744.0673764,DEN,NYJ,draftkings,DraftKings,2026-09-11T20:55:55Z,0.957416,-230.0,190.0,0.696969696969697,0.3448275862068966,0.04179728317659359,0.33099297893681046,DEN,-5.5,-110,5.5,-110,39.5,-110,-110
2026-09-11T20:55:55Z,SCHEDULED_FULL,a31f461ccd92e1072f23ccfae281ae9a,odds_a31f461ccd92e1072f23ccfae281ae9a,,,2026-12-13T18:00:00Z,133744.0673764,TEN,DET,draftkings,DraftKings,2026-09-11T20:55:55Z,0.957416,285.0,-360.0,0.2597402597402597,0.782608695652174,0.04234895539243366,0.7508125677139762,DET,7.5,-110,-7.5,-110,47.5,-110,-110
2026-09-11T20:55:55Z,SCHEDULED_FULL,5dc9cb8fba610d682dc670ae4e7d59f3,odds_5dc9cb8fba610d682dc670ae4e7d59f3,,,2026-12-13T18:00:00Z,133744.0673764,HOU,WAS,draftkings,DraftKings,2026-09-11T20:55:55Z,0.957416,-122.0,102.0,0.5495495495495496,0.49504950495049505,0.044599054500044755,0.4739134147382802,HOU,-1.5,-110,1.5,-110,44.5,-110,-110
2026-09-11T20:55:55Z,SCHEDULED_FULL,45203f985f8d1567ad19b0617dd267f8,odds_45203f985f8d1567ad19b0617dd267f8,,,2026-12-13T18:00:00Z,133744.0673764,IND,PHI,draftkings,DraftKings,2026-09-11T20:55:55Z,0.957416,205.0,-250.0,0.32786885245901637,0.7142857142857143,0.042154566744730726,0.6853932584269663,PHI,5.5,-110,-5.5,-110,46.5,-110,-110
2026-09-11T20:55:55Z,SCHEDULED_FULL,45203f985f8d1567ad19b0617dd267f8,odds_45203f985f8d1567ad19b0617dd267f8,,,2026-12-13T18:00:00Z,133744.0673764,IND,PHI,betus,BetUS,2026-09-11T20:55:53Z,2.9574160000000003,,,,,,,,5.5,-110,-5.5,-110,46.5,-110,-110
2026-09-11T20:55:55Z,SCHEDULED_FULL,484c491dc1dee090d740ba077b7d9709,odds_484c491dc1dee090d740ba077b7d9709,,,2026-12-13T21:05:00Z,133929.0673764,LAC,LV,draftkings,DraftKings,2026-09-11T20:55:55Z,0.957416,-230.0,190.0,0.696969696969697,0.3448275862068966,0.04179728317659359,0.33099297893681046,LAC,-5.5,-110,5.5,-110,43.5,-110,-110
2026-09-11T20:55:55Z,SCHEDULED_FULL,180b5fa7ea6bd0d2d9ddb9ba5ee38cc0,odds_180b5fa7ea6bd0d2d9ddb9ba5ee38cc0,,,2026-12-13T21:25:00Z,133949.0673764,KC,CIN,draftkings,DraftKings,2026-09-11T20:55:55Z,0.957416,105.0,-125.0,0.4878048780487805,0.5555555555555556,0.04336043360433606,0.5324675324675325,CIN,1.5,-110,-1.5,-110,48.5,-110,-110
2026-09-11T20:55:55Z,SCHEDULED_FULL,180b5fa7ea6bd0d2d9ddb9ba5ee38cc0,odds_180b5fa7ea6bd0d2d9ddb9ba5ee38cc0,,,2026-12-13T21:25:00Z,133949.0673764,KC,CIN,betus,BetUS,2026-09-11T20:55:53Z,2.9574160000000003,,,,,,,,1.5,-120,-1.5,100,48.5,-110,-110
2026-09-11T20:55:55Z,SCHEDULED_FULL,c4877c048defcb80e0ab37c0688f37f6,odds_c4877c048defcb80e0ab37c0688f37f6,,,2026-12-14T01:20:00Z,134184.0673764,BUF,GB,draftkings,DraftKings,2026-09-11T20:55:55Z,0.957416,105.0,-125.0,0.4878048780487805,0.5555555555555556,0.04336043360433606,0.5324675324675325,GB,1.5,-110,-1.5,-110,49.5,-110,-110
2026-09-11T20:55:55Z,SCHEDULED_FULL,690e2ee2ed5f0875f7cbaecdc51373f5,odds_690e2ee2ed5f0875f7cbaecdc51373f5,,,2026-12-15T01:15:00Z,135619.0673764,PIT,JAX,draftkings,DraftKings,2026-09-11T20:55:55Z,0.957416,136.0,-162.0,0.423728813559322,0.6183206106870229,0.042049424246344946,0.593369754159424,JAX,3.0,-110,-3.0,-110,44.5,-110,-110
2026-09-11T20:55:55Z,SCHEDULED_FULL,690e2ee2ed5f0875f7cbaecdc51373f5,odds_690e2ee2ed5f0875f7cbaecdc51373f5,,,2026-12-15T01:15:00Z,135619.0673764,PIT,JAX,betus,BetUS,2026-09-11T20:55:53Z,2.9574160000000003,,,,,,,,3.0,-110,-3.0,-110,44.5,-110,-110
2026-09-11T20:55:55Z,SCHEDULED_FULL,784568b1df055bf7eb8780c110d5e910,odds_784568b1df055bf7eb8780c110d5e910,,,2026-12-20T01:20:00Z,142824.0673764,CHI,BUF,draftkings,DraftKings,2026-09-11T20:55:55Z,0.957416,154.0,-185.0,0.3937007874015748,0.6491228070175439,0.04282359441911865,0.6224665518611737,BUF,3.5,-110,-3.5,-110,51.5,-110,-110
2026-09-11T20:55:55Z,SCHEDULED_FULL,5931eee49f5f2656a5344e1388a68816,odds_5931eee49f5f2656a5344e1388a68816,,,2026-12-20T18:00:00Z,143824.0673764,ATL,WAS,draftkings,DraftKings,2026-09-11T20:55:55Z,0.957416,154.0,-185.0,0.3937007874015748,0.6491228070175439,0.04282359441911865,0.6224665518611737,WAS,3.5,-110,-3.5,-110,46.5,-110,-110
2026-09-11T20:55:55Z,SCHEDULED_FULL,2f4b1899c1c278947920e0254b682d90,odds_2f4b1899c1c278947920e0254b682d90,,,2026-12-20T18:00:00Z,143824.0673764,BAL,PIT,draftkings,DraftKings,2026-09-11T20:55:55Z,0.957416,-148.0,124.0,0.5967741935483871,0.44642857142857145,0.04320276497695863,0.42794036443953615,BAL,-2.5,-120,2.5,100,46.5,-110,-110
2026-09-11T20:55:55Z,SCHEDULED_FULL,2f4b1899c1c278947920e0254b682d90,odds_2f4b1899c1c278947920e0254b682d90,,,2026-12-20T18:00:00Z,143824.0673764,BAL,PIT,betus,BetUS,2026-09-11T20:55:53Z,2.9574160000000003,,,,,,,,-2.5,-110,2.5,-110,45.5,-110,-110
2026-09-11T20:55:55Z,SCHEDULED_FULL,000fc688beb4fc004ecdad115d9adb1c,odds_000fc688beb4fc004ecdad115d9adb1c,,,2026-12-20T18:00:00Z,143824.0673764,CIN,CAR,draftkings,DraftKings,2026-09-11T20:55:55Z,0.957416,-148.0,124.0,0.5967741935483871,0.44642857142857145,0.04320276497695863,0.42794036443953615,CIN,-2.5,-120,2.5,100,47.5,-110,-110
2026-09-11T20:55:55Z,SCHEDULED_FULL,000fc688beb4fc004ecdad115d9adb1c,odds_000fc688beb4fc004ecdad115d9adb1c,,,2026-12-20T18:00:00Z,143824.0673764,CIN,CAR,betus,BetUS,2026-09-11T20:55:53Z,2.9574160000000003,,,,,,,,-2.5,-110,2.5,-110,47.5,-110,-110
2026-09-11T20:55:55Z,SCHEDULED_FULL,1cb23c83ae4af84cffcdae6b31d06e83,odds_1cb23c83ae4af84cffcdae6b31d06e83,,,2026-12-20T18:00:00Z,143824.0673764,CLE,NYG,draftkings,DraftKings,2026-09-11T20:55:55Z,0.957416,180.0,-218.0,0.35714285714285715,0.6855345911949685,0.04267744833782561,0.6574752261956054,NYG,4.5,-110,-4.5,-110,40.5,-110,-110
2026-09-11T20:55:55Z,SCHEDULED_FULL,99719df35bc2efdcc72096f865ed8841,odds_99719df35bc2efdcc72096f865ed8841,,,2026-12-20T18:00:00Z,143824.0673764,MIA,GB,draftkings,DraftKings,2026-09-11T20:55:55Z,0.957416,470.0,-650.0,0.17543859649122806,0.8666666666666667,0.04210526315789487,0.8316498316498315,GB,10.5,-110,-10.5,-110,45.5,-110,-110
2026-09-11T20:55:55Z,SCHEDULED_FULL,29211b6e78461220a2833184233f70e5,odds_29211b6e78461220a2833184233f70e5,,,2026-12-20T18:00:00Z,143824.0673764,JAX,HOU,draftkings,DraftKings,2026-09-11T20:55:55Z,0.957416,130.0,-155.0,0.43478260869565216,0.6078431372549019,0.04262574595055413,0.5829926410466066,HOU,3.0,-110,-3.0,-110,43.5,-110,-110
2026-09-11T20:55:55Z,SCHEDULED_FULL,3b696c07ff6a1ef461d023a73db17584,odds_3b696c07ff6a1ef461d023a73db17584,,,2026-12-20T18:00:00Z,143824.0673764,IND,TEN,draftkings,DraftKings,2026-09-11T20:55:55Z,0.957416,-125.0,105.0,0.5555555555555556,0.4878048780487805,0.04336043360433606,0.4675324675324675,IND,-1.5,-110,1.5,-110,47.5,-110,-110
2026-09-11T20:55:55Z,SCHEDULED_FULL,3b696c07ff6a1ef461d023a73db17584,odds_3b696c07ff6a1ef461d023a73db17584,,,2026-12-20T18:00:00Z,143824.0673764,IND,TEN,betus,BetUS,2026-09-11T20:55:53Z,2.9574160000000003,,,,,,,,-1.5,-110,1.5,-110,47.5,-110,-110
2026-09-11T20:55:55Z,SCHEDULED_FULL,e15a91cebf3480ff0b93b4fbacb09797,odds_e15a91cebf3480ff0b93b4fbacb09797,,,2026-12-20T18:00:00Z,143824.0673764,NO,TB,draftkings,DraftKings,2026-09-11T20:55:55Z,0.957416,160.0,-192.0,0.38461538461538464,0.6575342465753424,0.04214963119072701,0.6309403437815976,TB,3.5,-110,-3.5,-110,45.5,-110,-110
2026-09-11T20:55:55Z,SCHEDULED_FULL,e15a91cebf3480ff0b93b4fbacb09797,odds_e15a91cebf3480ff0b93b4fbacb09797,,,2026-12-20T18:00:00Z,143824.0673764,NO,TB,betus,BetUS,2026-09-11T20:55:53Z,2.9574160000000003,,,,,,,,3.5,-105,-3.5,-115,45.5,-110,-110
2026-09-11T20:55:55Z,SCHEDULED_FULL,d8cd12e7684fa2aa39f5b188ef6e62e0,odds_d8cd12e7684fa2aa39f5b188ef6e62e0,,,2026-12-20T21:05:00Z,144009.0673764,NYJ,ARI,draftkings,DraftKings,2026-09-11T20:55:55Z,0.957416,-110.0,-110.0,0.5238095238095238,0.5238095238095238,0.04761904761904767,0.5,ARI,1.5,-125,-1.5,105,41.5,-110,-110
2026-09-11T20:55:55Z,SCHEDULED_FULL,9f507007b9c0a7082c1471a5fa841336,odds_9f507007b9c0a7082c1471a5fa841336,,,2026-12-20T21:25:00Z,144029.0673764,DEN,LV,draftkings,DraftKings,2026-09-11T20:55:55Z,0.957416,-205.0,170.0,0.6721311475409836,0.37037037037037035,0.042501517911353925,0.35527082119976705,DEN,-4.5,-110,4.5,-110,41.5,-110,-110
2026-09-11T20:55:55Z,SCHEDULED_FULL,b34897a0368d570291d44e176c0c2331,odds_b34897a0368d570291d44e176c0c2331,,,2026-12-21T01:20:00Z,144264.0673764,DET,MIN,draftkings,DraftKings,2026-09-11T20:55:55Z,0.957416,-122.0,102.0,0.5495495495495496,0.49504950495049505,0.044599054500044755,0.4739134147382802,DET,-1.5,-110,1.5,-110,46.5,-110,-110
2026-09-11T20:55:55Z,SCHEDULED_FULL,3f226ec5402c6ec4d84a59be80c2fa67,odds_3f226ec5402c6ec4d84a59be80c2fa67,,,2026-12-25T01:15:00Z,150019.0673764,HOU,PHI,draftkings,DraftKings,2026-09-11T20:55:55Z,0.957416,114.0,-135.0,0.4672897196261682,0.574468085106383,0.04175780473255131,0.551441114716549,PHI,2.5,-112,-2.5,-108,37.5,-110,-110
2026-09-11T20:55:55Z,SCHEDULED_FULL,2828c07018dfafbe96aba205809cc7ac,odds_2828c07018dfafbe96aba205809cc7ac,,,2026-12-25T18:00:00Z,151024.0673764,GB,CHI,draftkings,DraftKings,2026-09-11T20:55:55Z,0.957416,-102.0,-118.0,0.504950495049505,0.5412844036697247,0.04623489871922981,0.5173641257162701,CHI,1.5,-115,-1.5,-105,47.5,-110,-110
2026-09-11T20:55:55Z,SCHEDULED_FULL,126f27c71e8130ef87de0d137e833d9b,odds_126f27c71e8130ef87de0d137e833d9b,,,2026-12-25T21:30:00Z,151234.0673764,BUF,DEN,draftkings,DraftKings,2026-09-11T20:55:55Z,0.957416,-130.0,110.0,0.5652173913043478,0.47619047619047616,0.04140786749482395,0.4572564612326044,BUF,-1.5,-115,1.5,-105,46.5,-110,-110
2026-09-11T20:55:55Z,SCHEDULED_FULL,8fd00347b6d77ce384d83cba814430d7,odds_8fd00347b6d77ce384d83cba814430d7,,,2026-12-27T18:00:00Z,153904.0673764,ARI,NO,draftkings,DraftKings,2026-09-11T20:55:55Z,0.957416,200.0,-245.0,0.3333333333333333,0.7101449275362319,0.04347826086956519,0.6805555555555556,NO,5.5,-110,-5.5,-110,44.5,-110,-110
2026-09-11T20:55:55Z,SCHEDULED_FULL,8fd00347b6d77ce384d83cba814430d7,odds_8fd00347b6d77ce384d83cba814430d7,,,2026-12-27T18:00:00Z,153904.0673764,ARI,NO,betus,BetUS,2026-09-11T20:55:53Z,2.9574160000000003,,,,,,,,5.5,-110,-5.5,-110,44.5,-110,-110
2026-09-11T20:55:55Z,SCHEDULED_FULL,bd13d00f06ad222b0a1b6ea4d0add763,odds_bd13d00f06ad222b0a1b6ea4d0add763,,,2026-12-27T18:00:00Z,153904.0673764,TB,ATL,draftkings,DraftKings,2026-09-11T20:55:55Z,0.957416,-125.0,105.0,0.5555555555555556,0.4878048780487805,0.04336043360433606,0.4675324675324675,TB,-1.5,-110,1.5,-110,45.5,-110,-110
2026-09-11T20:55:55Z,SCHEDULED_FULL,0f23afce92c2f0af28973c0a7533763e,odds_0f23afce92c2f0af28973c0a7533763e,,,2026-12-27T18:00:00Z,153904.0673764,CLE,BAL,draftkings,DraftKings,2026-09-11T20:55:55Z,0.957416,330.0,-425.0,0.23255813953488372,0.8095238095238095,0.042081949058693224,0.7768331562167907,BAL,10.0,-110,-10.0,-110,43.5,-110,-110
2026-09-11T20:55:55Z,SCHEDULED_FULL,0f23afce92c2f0af28973c0a7533763e,odds_0f23afce92c2f0af28973c0a7533763e,,,2026-12-27T18:00:00Z,153904.0673764,CLE,BAL,betus,BetUS,2026-09-11T20:55:53Z,2.9574160000000003,,,,,,,,9.5,-110,-9.5,-110,43.5,-110,-110
2026-09-11T20:55:55Z,SCHEDULED_FULL,74cb0e112d069cdbda1671ae85531f43,odds_74cb0e112d069cdbda1671ae85531f43,,,2026-12-27T18:00:00Z,153904.0673764,CAR,PIT,draftkings,DraftKings,2026-09-11T20:55:55Z,0.957416,160.0,-192.0,0.38461538461538464,0.6575342465753424,0.04214963119072701,0.6309403437815976,PIT,3.5,-110,-3.5,-110,41.5,-110,-110
2026-09-11T20:55:55Z,SCHEDULED_FULL,74cb0e112d069cdbda1671ae85531f43,odds_74cb0e112d069cdbda1671ae85531f43,,,2026-12-27T18:00:00Z,153904.0673764,CAR,PIT,betus,BetUS,2026-09-11T20:55:53Z,2.9574160000000003,,,,,,,,3.5,-110,-3.5,-110,41.5,-110,-110
2026-09-11T20:55:55Z,SCHEDULED_FULL,ca8982dccb6c3ae01525800317287f02,odds_ca8982dccb6c3ae01525800317287f02,,,2026-12-27T18:00:00Z,153904.0673764,CIN,IND,draftkings,DraftKings,2026-09-11T20:55:55Z,0.957416,-125.0,105.0,0.5555555555555556,0.4878048780487805,0.04336043360433606,0.4675324675324675,CIN,-1.5,-110,1.5,-110,52.5,-110,-110
2026-09-11T20:55:55Z,SCHEDULED_FULL,ca8982dccb6c3ae01525800317287f02,odds_ca8982dccb6c3ae01525800317287f02,,,2026-12-27T18:00:00Z,153904.0673764,CIN,IND,betus,BetUS,2026-09-11T20:55:53Z,2.9574160000000003,,,,,,,,-1.5,-110,1.5,-110,52.5,-110,-110
2026-09-11T20:55:55Z,SCHEDULED_FULL,29425f5c68826d615277cf9be2b82e00,odds_29425f5c68826d615277cf9be2b82e00,,,2026-12-27T18:00:00Z,153904.0673764,TEN,LV,draftkings,DraftKings,2026-09-11T20:55:55Z,0.957416,105.0,-125.0,0.4878048780487805,0.5555555555555556,0.04336043360433606,0.5324675324675325,LV,1.5,-110,-1.5,-110,42.5,-110,-110
2026-09-11T20:55:55Z,SCHEDULED_FULL,fe2eb511d4c2da3a8e88b85b4f4e9f7e,odds_fe2eb511d4c2da3a8e88b85b4f4e9f7e,,,2026-12-27T18:00:00Z,153904.0673764,LAC,MIA,draftkings,DraftKings,2026-09-11T20:55:55Z,0.957416,-360.0,285.0,0.782608695652174,0.2597402597402597,0.04234895539243366,0.2491874322860238,LAC,-7.0,-112,7.0,-108,45.5,-110,-110
2026-09-11T20:55:55Z,SCHEDULED_FULL,cf5cefa5556bcd0156bd394171ef6c8e,odds_cf5cefa5556bcd0156bd394171ef6c8e,,,2026-12-27T18:00:00Z,153904.0673764,WAS,MIN,draftkings,DraftKings,2026-09-11T20:55:55Z,0.957416,114.0,-135.0,0.4672897196261682,0.574468085106383,0.04175780473255131,0.551441114716549,MIN,2.5,-110,-2.5,-110,46.5,-110,-110
2026-09-11T20:55:55Z,SCHEDULED_FULL,cf5cefa5556bcd0156bd394171ef6c8e,odds_cf5cefa5556bcd0156bd394171ef6c8e,,,2026-12-27T18:00:00Z,153904.0673764,WAS,MIN,betus,BetUS,2026-09-11T20:55:53Z,2.9574160000000003,,,,,,,,2.5,-110,-2.5,-110,46.5,-110,-110
2026-09-11T20:55:55Z,SCHEDULED_FULL,b1c4ec04c3398a9efa25492000858384,odds_b1c4ec04c3398a9efa25492000858384,,,2026-12-28T01:20:00Z,154344.0673764,JAX,DAL,draftkings,DraftKings,2026-09-11T20:55:55Z,0.957416,136.0,-162.0,0.423728813559322,0.6183206106870229,0.042049424246344946,0.593369754159424,DAL,3.0,-118,-3.0,-102,51.5,-110,-110
2026-09-11T20:55:55Z,SCHEDULED_FULL,ca92c191ebf7361ea56f9bbc09a5f51b,odds_ca92c191ebf7361ea56f9bbc09a5f51b,,,2026-12-29T01:15:00Z,155779.0673764,NYG,DET,draftkings,DraftKings,2026-09-11T20:55:55Z,0.957416,170.0,-205.0,0.37037037037037035,0.6721311475409836,0.042501517911353925,0.644729178800233,DET,4.5,-110,-4.5,-110,49.5,-110,-110
2026-09-11T20:55:55Z,SCHEDULED_FULL,be268ce293cf4fad1c0c867a3ca4c257,odds_be268ce293cf4fad1c0c867a3ca4c257,,,2027-01-01T01:15:00Z,160099.0673764,BAL,CIN,draftkings,DraftKings,2026-09-11T20:55:55Z,0.957416,114.0,-135.0,0.4672897196261682,0.574468085106383,0.04175780473255131,0.551441114716549,CIN,2.5,-110,-2.5,-110,51.5,-110,-110
2026-09-11T20:55:55Z,SCHEDULED_FULL,be268ce293cf4fad1c0c867a3ca4c257,odds_be268ce293cf4fad1c0c867a3ca4c257,,,2027-01-01T01:15:00Z,160099.0673764,BAL,CIN,betus,BetUS,2026-09-11T20:55:53Z,2.9574160000000003,,,,,,,,2.5,-115,-2.5,-105,51.5,-110,-110
2026-09-11T20:55:55Z,SCHEDULED_FULL,e5dd9cc3fd5452d55c250949e946743d,odds_e5dd9cc3fd5452d55c250949e946743d,,,2027-01-03T18:00:00Z,163984.0673764,NO,ATL,draftkings,DraftKings,2026-09-11T20:55:55Z,0.957416,102.0,-122.0,0.49504950495049505,0.5495495495495496,0.044599054500044755,0.5260865852617197,ATL,1.5,-110,-1.5,-110,44.5,-110,-110
2026-09-11T20:55:55Z,SCHEDULED_FULL,d9a186d988a3ede2a33e504f4890fe52,odds_d9a186d988a3ede2a33e504f4890fe52,,,2027-01-03T18:00:00Z,163984.0673764,BUF,MIA,draftkings,DraftKings,2026-09-11T20:55:55Z,0.957416,-380.0,300.0,0.7916666666666666,0.25,0.04166666666666652,0.24000000000000005,BUF,-7.5,-110,7.5,-110,47.5,-110,-110
2026-09-11T20:55:55Z,SCHEDULED_FULL,f2e03f9b857485bb13211ee0f5eb5935,odds_f2e03f9b857485bb13211ee0f5eb5935,,,2027-01-03T18:00:00Z,163984.0673764,IND,CLE,draftkings,DraftKings,2026-09-11T20:55:55Z,0.957416,-135.0,114.0,0.574468085106383,0.4672897196261682,0.04175780473255131,0.448558885283451,IND,-2.5,-110,2.5,-110,43.5,-110,-110
2026-09-11T20:55:55Z,SCHEDULED_FULL,c8945d476449633912cf51a346ac98ca,odds_c8945d476449633912cf51a346ac98ca,,,2027-01-03T18:00:00Z,163984.0673764,NYG,DAL,draftkings,DraftKings,2026-09-11T20:55:55Z,0.957416,180.0,-218.0,0.35714285714285715,0.6855345911949685,0.04267744833782561,0.6574752261956054,DAL,4.5,-110,-4.5,-110,49.5,-110,-110
2026-09-11T20:55:55Z,SCHEDULED_FULL,c96a3e9e40569b4ed5a546dff131c61d,odds_c96a3e9e40569b4ed5a546dff131c61d,,,2027-01-03T18:00:00Z,163984.0673764,WAS,JAX,draftkings,DraftKings,2026-09-11T20:55:55Z,0.957416,154.0,-185.0,0.3937007874015748,0.6491228070175439,0.04282359441911865,0.6224665518611737,JAX,3.5,-110,-3.5,-110,48.5,-110,-110
2026-09-11T20:55:55Z,SCHEDULED_FULL,c96a3e9e40569b4ed5a546dff131c61d,odds_c96a3e9e40569b4ed5a546dff131c61d,,,2027-01-03T18:00:00Z,163984.0673764,WAS,JAX,betus,BetUS,2026-09-11T20:55:53Z,2.9574160000000003,,,,,,,,3.5,-110,-3.5,-110,48.5,-110,-110
2026-09-11T20:55:55Z,SCHEDULED_FULL,bfe51fa0034c9d22a69ffd80e2d717f5,odds_bfe51fa0034c9d22a69ffd80e2d717f5,,,2027-01-03T18:00:00Z,163984.0673764,MIN,NYJ,draftkings,DraftKings,2026-09-11T20:55:55Z,0.957416,-192.0,160.0,0.6575342465753424,0.38461538461538464,0.04214963119072701,0.3690596562184025,MIN,-3.5,-110,3.5,-110,39.5,-110,-110
2026-09-11T20:55:55Z,SCHEDULED_FULL,d0ffa5ed13cbd7610f9176041464404a,odds_d0ffa5ed13cbd7610f9176041464404a,,,2027-01-03T18:00:00Z,163984.0673764,PIT,TEN,draftkings,DraftKings,2026-09-11T20:55:55Z,0.957416,-125.0,105.0,0.5555555555555556,0.4878048780487805,0.04336043360433606,0.4675324675324675,PIT,-1.5,-110,1.5,-110,42.5,-110,-110
2026-09-11T20:55:55Z,SCHEDULED_FULL,d0ffa5ed13cbd7610f9176041464404a,odds_d0ffa5ed13cbd7610f9176041464404a,,,2027-01-03T18:00:00Z,163984.0673764,PIT,TEN,betus,BetUS,2026-09-11T20:55:53Z,2.9574160000000003,,,,,,,,-1.5,-110,1.5,-110,42.5,-110,-110
2026-09-11T20:55:55Z,SCHEDULED_FULL,08abdb683fcb6d77f66baed136f47283,odds_08abdb683fcb6d77f66baed136f47283,,,2027-01-03T21:05:00Z,164169.0673764,LV,ARI,draftkings,DraftKings,2026-09-11T20:55:55Z,0.957416,-130.0,110.0,0.5652173913043478,0.47619047619047616,0.04140786749482395,0.4572564612326044,LV,-1.5,-115,1.5,-105,42.5,-110,-110
2026-09-11T20:55:55Z,SCHEDULED_FULL,12089441cea51add4694cdde98b4a5b7,odds_12089441cea51add4694cdde98b4a5b7,,,2027-01-03T21:25:00Z,164189.0673764,DET,CHI,draftkings,DraftKings,2026-09-11T20:55:55Z,0.957416,102.0,-122.0,0.49504950495049505,0.5495495495495496,0.044599054500044755,0.5260865852617197,CHI,1.5,-110,-1.5,-110,49.5,-110,-110
2026-09-11T20:55:55Z,SCHEDULED_FULL,67d842cb73300ef923959105698b63bb,odds_67d842cb73300ef923959105698b63bb,,,2027-01-03T21:25:00Z,164189.0673764,KC,LAC,draftkings,DraftKings,2026-09-11T20:55:55Z,0.957416,105.0,-125.0,0.4878048780487805,0.5555555555555556,0.04336043360433606,0.5324675324675325,LAC,1.5,-110,-1.5,-110,45.5,-110,-110
2026-09-11T20:55:55Z,SCHEDULED_FULL,67d842cb73300ef923959105698b63bb,odds_67d842cb73300ef923959105698b63bb,,,2027-01-03T21:25:00Z,164189.0673764,KC,LAC,betus,BetUS,2026-09-11T20:55:53Z,2.9574160000000003,,,,,,,,1.5,-110,-1.5,-110,45.5,-110,-110
2026-09-11T20:55:55Z,SCHEDULED_FULL,37bc346543da471e067b695b862ccfe9,odds_37bc346543da471e067b695b862ccfe9,,,2027-01-05T01:15:00Z,165859.0673764,HOU,GB,draftkings,DraftKings,2026-09-11T20:55:55Z,0.957416,114.0,-135.0,0.4672897196261682,0.574468085106383,0.04175780473255131,0.551441114716549,GB,2.5,-110,-2.5,-110,42.5,-110,-110
2026-09-11T20:55:55Z,SCHEDULED_FULL,7f809a45bc8baedf0cb0259e7da7cd29,odds_7f809a45bc8baedf0cb0259e7da7cd29,,,2027-01-10T18:00:00Z,174064.0673764,ATL,CAR,draftkings,DraftKings,2026-09-11T20:55:55Z,0.957416,114.0,-135.0,0.4672897196261682,0.574468085106383,0.04175780473255131,0.551441114716549,CAR,2.5,-110,-2.5,-110,41.5,-110,-110
2026-09-11T20:55:55Z,SCHEDULED_FULL,d7da5587a88a7fc35c36b453d3264d5a,odds_d7da5587a88a7fc35c36b453d3264d5a,,,2027-01-10T18:00:00Z,174064.0673764,PIT,BAL,draftkings,DraftKings,2026-09-11T20:55:55Z,0.957416,190.0,-230.0,0.3448275862068966,0.696969696969697,0.04179728317659359,0.6690070210631895,BAL,5.5,-110,-5.5,-110,43.5,-110,-110
2026-09-11T20:55:55Z,SCHEDULED_FULL,d7da5587a88a7fc35c36b453d3264d5a,odds_d7da5587a88a7fc35c36b453d3264d5a,,,2027-01-10T18:00:00Z,174064.0673764,PIT,BAL,betus,BetUS,2026-09-11T20:55:53Z,2.9574160000000003,,,,,,,,5.5,-110,-5.5,-110,43.5,-110,-110
2026-09-11T20:55:55Z,SCHEDULED_FULL,97cbd9ad26dff1af47192120defe112d,odds_97cbd9ad26dff1af47192120defe112d,,,2027-01-10T18:00:00Z,174064.0673764,NYJ,BUF,draftkings,DraftKings,2026-09-11T20:55:55Z,0.957416,360.0,-470.0,0.21739130434782608,0.8245614035087719,0.04195270785659799,0.7913616398243045,BUF,10.0,-110,-10.0,-110,43.5,-110,-110
2026-09-11T20:55:55Z,SCHEDULED_FULL,d190fb7ea85c33b96a495041dad22142,odds_d190fb7ea85c33b96a495041dad22142,,,2027-01-10T18:00:00Z,174064.0673764,CHI,MIN,draftkings,DraftKings,2026-09-11T20:55:55Z,0.957416,102.0,-122.0,0.49504950495049505,0.5495495495495496,0.044599054500044755,0.5260865852617197,MIN,1.5,-110,-1.5,-110,43.5,-110,-110
2026-09-11T20:55:55Z,SCHEDULED_FULL,8c16104c8afc72b583531508b2aa1c33,odds_8c16104c8afc72b583531508b2aa1c33,,,2027-01-10T18:00:00Z,174064.0673764,CLE,CIN,draftkings,DraftKings,2026-09-11T20:55:55Z,0.957416,285.0,-360.0,0.2597402597402597,0.782608695652174,0.04234895539243366,0.7508125677139762,CIN,7.5,-110,-7.5,-110,43.5,-110,-110
2026-09-11T20:55:55Z,SCHEDULED_FULL,3f460f14b810d7bf642bdf7b658530c0,odds_3f460f14b810d7bf642bdf7b658530c0,,,2027-01-10T18:00:00Z,174064.0673764,DAL,WAS,draftkings,DraftKings,2026-09-11T20:55:55Z,0.957416,-122.0,102.0,0.5495495495495496,0.49504950495049505,0.044599054500044755,0.4739134147382802,DAL,-1.5,-110,1.5,-110,49.5,-110,-110
2026-09-11T20:55:55Z,SCHEDULED_FULL,71d0d10e384393c1e071c39dd3931c19,odds_71d0d10e384393c1e071c39dd3931c19,,,2027-01-10T18:00:00Z,174064.0673764,LAC,DEN,draftkings,DraftKings,2026-09-11T20:55:55Z,0.957416,102.0,-122.0,0.49504950495049505,0.5495495495495496,0.044599054500044755,0.5260865852617197,DEN,1.5,-110,-1.5,-110,41.5,-110,-110
2026-09-11T20:55:55Z,SCHEDULED_FULL,8f81778bbdb984be44e24a3d55a49b4d,odds_8f81778bbdb984be44e24a3d55a49b4d,,,2027-01-10T18:00:00Z,174064.0673764,DET,GB,draftkings,DraftKings,2026-09-11T20:55:55Z,0.957416,114.0,-135.0,0.4672897196261682,0.574468085106383,0.04175780473255131,0.551441114716549,GB,2.5,-110,-2.5,-110,47.5,-110,-110
2026-09-11T20:55:55Z,SCHEDULED_FULL,9bb63096709ba607443c454d2a813b14,odds_9bb63096709ba607443c454d2a813b14,,,2027-01-10T18:00:00Z,174064.0673764,TEN,HOU,draftkings,DraftKings,2026-09-11T20:55:55Z,0.957416,240.0,-298.0,0.29411764705882354,0.7487437185929648,0.04286136565178844,0.7179705215419501,HOU,7.0,-110,-7.0,-110,39.5,-110,-110
2026-09-11T20:55:55Z,SCHEDULED_FULL,bea47af467e217653bba8d69888e4d95,odds_bea47af467e217653bba8d69888e4d95,,,2027-01-10T18:00:00Z,174064.0673764,JAX,IND,draftkings,DraftKings,2026-09-11T20:55:55Z,0.957416,102.0,-122.0,0.49504950495049505,0.5495495495495496,0.044599054500044755,0.5260865852617197,IND,1.5,-110,-1.5,-110,46.5,-110,-110
2026-09-11T20:55:55Z,SCHEDULED_FULL,bea47af467e217653bba8d69888e4d95,odds_bea47af467e217653bba8d69888e4d95,,,2027-01-10T18:00:00Z,174064.0673764,JAX,IND,betus,BetUS,2026-09-11T20:55:53Z,2.9574160000000003,,,,,,,,1.5,-120,-1.5,100,46.5,-110,-110
2026-09-11T20:55:55Z,SCHEDULED_FULL,bb66a6f02c535c0cd8b9c689a5513687,odds_bb66a6f02c535c0cd8b9c689a5513687,,,2027-01-10T18:00:00Z,174064.0673764,LV,KC,draftkings,DraftKings,2026-09-11T20:55:55Z,0.957416,320.0,-410.0,0.23809523809523808,0.803921568627451,0.04201680672268915,0.771505376344086,KC,8.5,-110,-8.5,-110,40.5,-110,-110
2026-09-11T20:55:55Z,SCHEDULED_FULL,7b8ce34c0e173e4ff6ccf8e8caa09113,odds_7b8ce34c0e173e4ff6ccf8e8caa09113,,,2027-01-10T18:00:00Z,174064.0673764,TB,NO,draftkings,DraftKings,2026-09-11T20:55:55Z,0.957416,-125.0,105.0,0.5555555555555556,0.4878048780487805,0.04336043360433606,0.4675324675324675,TB,-1.5,-110,1.5,-110,43.5,-110,-110
2026-09-11T20:55:55Z,SCHEDULED_FULL,7b8ce34c0e173e4ff6ccf8e8caa09113,odds_7b8ce34c0e173e4ff6ccf8e8caa09113,,,2027-01-10T18:00:00Z,174064.0673764,TB,NO,betus,BetUS,2026-09-11T20:55:53Z,2.9574160000000003,,,,,,,,-1.5,-105,1.5,-115,43.5,-110,-110
2026-09-11T20:55:55Z,SCHEDULED_FULL,01baed6f9d6482c5d89d37379c7c63c7,odds_01baed6f9d6482c5d89d37379c7c63c7,,,2027-01-10T18:00:00Z,174064.0673764,PHI,NYG,draftkings,DraftKings,2026-09-11T20:55:55Z,0.957416,-162.0,136.0,0.6183206106870229,0.423728813559322,0.042049424246344946,0.4066302458405761,PHI,-3.0,-110,3.0,-110,41.5,-110,-110
