snapshot_utc,snapshot_role,api_event_id,game_id,season,week,kickoff_utc,lead_minutes,away_team,home_team,bookmaker_key,bookmaker_title,bookmaker_last_update,book_age_seconds,h2h_away_price,h2h_home_price,h2h_away_raw_prob,h2h_home_raw_prob,h2h_hold,h2h_home_no_vig_prob,book_market_pick,spread_away_point,spread_away_price,spread_home_point,spread_home_price,total_point,total_over_price,total_under_price
2026-09-09T07:21:35Z,SCHEDULED_FULL,8c94552d022acec4a0458d70c19d3da9,2026_01_NE_SEA,2026.0,1.0,2026-09-10T00:20:00Z,1018.40961535,NE,SEA,draftkings,DraftKings,2026-09-09T07:20:51Z,44.423079,142.0,-170.0,0.4132231404958678,0.6296296296296297,0.042852770125497486,0.6037569709421778,SEA,3.0,-102,-3.0,-118,44.5,-108,-112
2026-09-09T07:21:35Z,SCHEDULED_FULL,8c94552d022acec4a0458d70c19d3da9,2026_01_NE_SEA,2026.0,1.0,2026-09-10T00:20:00Z,1018.40961535,NE,SEA,betus,BetUS,2026-09-09T07:21:33Z,2.423079,155.0,-180.0,0.39215686274509803,0.6428571428571429,0.035014005602240994,0.6211096075778079,SEA,3.0,100,-3.0,-120,44.5,-110,-110
2026-09-09T07:21:35Z,SCHEDULED_FULL,8c94552d022acec4a0458d70c19d3da9,2026_01_NE_SEA,2026.0,1.0,2026-09-10T00:20:00Z,1018.40961535,NE,SEA,fanduel,FanDuel,2026-09-09T07:20:39Z,56.423079,152.0,-180.0,0.3968253968253968,0.6428571428571429,0.039682539682539764,0.6183206106870229,SEA,3.5,-118,-3.5,-104,44.5,-110,-110
2026-09-09T07:21:35Z,SCHEDULED_FULL,8c94552d022acec4a0458d70c19d3da9,2026_01_NE_SEA,2026.0,1.0,2026-09-10T00:20:00Z,1018.40961535,NE,SEA,lowvig,LowVig.ag,2026-09-09T07:21:00Z,35.423079,155.0,-177.0,0.39215686274509803,0.6389891696750902,0.031146032420188208,0.6196883366513353,SEA,3.0,101,-3.0,-112,44.5,-110,-104
2026-09-09T07:21:35Z,SCHEDULED_FULL,8c94552d022acec4a0458d70c19d3da9,2026_01_NE_SEA,2026.0,1.0,2026-09-10T00:20:00Z,1018.40961535,NE,SEA,betonlineag,BetOnline.ag,2026-09-09T07:20:59Z,36.423079,155.0,-177.0,0.39215686274509803,0.6389891696750902,0.031146032420188208,0.6196883366513353,SEA,3.0,-103,-3.0,-117,44.5,-113,-107
2026-09-09T07:21:35Z,SCHEDULED_FULL,8c94552d022acec4a0458d70c19d3da9,2026_01_NE_SEA,2026.0,1.0,2026-09-10T00:20:00Z,1018.40961535,NE,SEA,betrivers,BetRivers,2026-09-09T07:20:38Z,57.423079,155.0,-195.0,0.39215686274509803,0.6610169491525424,0.053173811897640366,0.627642789523509,SEA,3.5,-118,-3.5,-104,44.5,-112,-109
2026-09-09T07:21:35Z,SCHEDULED_FULL,8c94552d022acec4a0458d70c19d3da9,2026_01_NE_SEA,2026.0,1.0,2026-09-10T00:20:00Z,1018.40961535,NE,SEA,betmgm,BetMGM,2026-09-09T07:21:01Z,34.423079,150.0,-185.0,0.4,0.6491228070175439,0.04912280701754401,0.6187290969899665,SEA,3.5,-125,-3.5,-105,44.5,-108,-110
2026-09-09T07:21:35Z,SCHEDULED_FULL,8c94552d022acec4a0458d70c19d3da9,2026_01_NE_SEA,2026.0,1.0,2026-09-10T00:20:00Z,1018.40961535,NE,SEA,bovada,Bovada,2026-09-09T07:21:32Z,3.423079,150.0,-175.0,0.4,0.6363636363636364,0.036363636363636376,0.6140350877192983,SEA,3.0,100,-3.0,-120,44.5,-110,-110
2026-09-09T07:21:35Z,SCHEDULED_FULL,8c94552d022acec4a0458d70c19d3da9,2026_01_NE_SEA,2026.0,1.0,2026-09-10T00:20:00Z,1018.40961535,NE,SEA,pinnacle,Pinnacle,2026-09-09T07:21:29Z,6.4230789999999995,149.0,-170.0,0.40160642570281124,0.6296296296296297,0.031236055332440893,0.6105581999134574,SEA,3.0,101,-3.0,-114,44.5,-106,-108
2026-09-09T07:21:35Z,SCHEDULED_FULL,8c94552d022acec4a0458d70c19d3da9,2026_01_NE_SEA,2026.0,1.0,2026-09-10T00:20:00Z,1018.40961535,NE,SEA,mybookieag,MyBookie.ag,2026-09-09T07:20:16Z,79.423079,147.0,-181.0,0.4048582995951417,0.6441281138790036,0.04898641347414534,0.6140480997706265,SEA,3.0,100,-3.0,-120,44.5,-110,-110
2026-09-09T07:21:35Z,SCHEDULED_FULL,acc580d74344ea3b31bbcdd057fe6a9c,2026_01_SF_LA,2026.0,1.0,2026-09-11T00:35:00Z,2473.40961535,SF,LA,draftkings,DraftKings,2026-09-09T07:20:51Z,44.423079,170.0,-205.0,0.37037037037037035,0.6721311475409836,0.042501517911353925,0.644729178800233,LA,3.5,-102,-3.5,-118,48.5,-108,-112
2026-09-09T07:21:35Z,SCHEDULED_FULL,acc580d74344ea3b31bbcdd057fe6a9c,2026_01_SF_LA,2026.0,1.0,2026-09-11T00:35:00Z,2473.40961535,SF,LA,betmgm,BetMGM,2026-09-09T07:21:01Z,34.423079,165.0,-200.0,0.37735849056603776,0.6666666666666666,0.04402515723270439,0.6385542168674698,LA,3.5,-105,-3.5,-112,48.5,-108,-110
2026-09-09T07:21:35Z,SCHEDULED_FULL,acc580d74344ea3b31bbcdd057fe6a9c,2026_01_SF_LA,2026.0,1.0,2026-09-11T00:35:00Z,2473.40961535,SF,LA,fanduel,FanDuel,2026-09-09T07:20:39Z,56.423079,172.0,-205.0,0.36764705882352944,0.6721311475409836,0.039778206364513125,0.6464178066311151,LA,3.5,-102,-3.5,-120,48.5,-105,-115
2026-09-09T07:21:35Z,SCHEDULED_FULL,acc580d74344ea3b31bbcdd057fe6a9c,2026_01_SF_LA,2026.0,1.0,2026-09-11T00:35:00Z,2473.40961535,SF,LA,betonlineag,BetOnline.ag,2026-09-09T07:20:59Z,36.423079,180.0,-210.0,0.35714285714285715,0.6774193548387096,0.034562211981566726,0.6547884187082406,LA,3.5,-102,-3.5,-118,48.0,-113,-107
2026-09-09T07:21:35Z,SCHEDULED_FULL,acc580d74344ea3b31bbcdd057fe6a9c,2026_01_SF_LA,2026.0,1.0,2026-09-11T00:35:00Z,2473.40961535,SF,LA,lowvig,LowVig.ag,2026-09-09T07:21:00Z,35.423079,180.0,-210.0,0.35714285714285715,0.6774193548387096,0.034562211981566726,0.6547884187082406,LA,3.5,103,-3.5,-114,48.0,-110,-104
2026-09-09T07:21:35Z,SCHEDULED_FULL,acc580d74344ea3b31bbcdd057fe6a9c,2026_01_SF_LA,2026.0,1.0,2026-09-11T00:35:00Z,2473.40961535,SF,LA,betrivers,BetRivers,2026-09-09T07:20:38Z,57.423079,160.0,-205.0,0.38461538461538464,0.6721311475409836,0.05674653215636827,0.6360381861575178,LA,3.5,-108,-3.5,-113,48.5,-109,-112
2026-09-09T07:21:35Z,SCHEDULED_FULL,acc580d74344ea3b31bbcdd057fe6a9c,2026_01_SF_LA,2026.0,1.0,2026-09-11T00:35:00Z,2473.40961535,SF,LA,bovada,Bovada,2026-09-09T07:21:32Z,3.423079,175.0,-210.0,0.36363636363636365,0.6774193548387096,0.04105571847507328,0.6507042253521127,LA,4.0,-115,-4.0,-105,48.0,-115,-105
2026-09-09T07:21:35Z,SCHEDULED_FULL,acc580d74344ea3b31bbcdd057fe6a9c,2026_01_SF_LA,2026.0,1.0,2026-09-11T00:35:00Z,2473.40961535,SF,LA,betus,BetUS,2026-09-09T07:21:33Z,2.423079,183.0,-215.0,0.35335689045936397,0.6825396825396826,0.03589657299904658,0.658887866154096,LA,3.5,-105,-3.5,-115,48.0,-115,-105
2026-09-09T07:21:35Z,SCHEDULED_FULL,acc580d74344ea3b31bbcdd057fe6a9c,2026_01_SF_LA,2026.0,1.0,2026-09-11T00:35:00Z,2473.40961535,SF,LA,pinnacle,Pinnacle,2026-09-09T07:21:29Z,6.4230789999999995,178.0,-205.0,0.3597122302158273,0.6721311475409836,0.03184337775681101,0.6513887301405874,LA,3.5,100,-3.5,-112,48.0,-111,-105
2026-09-09T07:21:35Z,SCHEDULED_FULL,acc580d74344ea3b31bbcdd057fe6a9c,2026_01_SF_LA,2026.0,1.0,2026-09-11T00:35:00Z,2473.40961535,SF,LA,mybookieag,MyBookie.ag,2026-09-09T07:20:16Z,79.423079,166.0,-206.0,0.37593984962406013,0.673202614379085,0.04914246400314504,0.6416693990350837,LA,4.0,-110,-4.0,-110,48.5,-110,-110
2026-09-09T07:21:35Z,SCHEDULED_FULL,95c01d1bb797d6df14824b106c5a9130,2026_01_ATL_PIT,2026.0,1.0,2026-09-13T17:00:00Z,6338.40961535,ATL,PIT,draftkings,DraftKings,2026-09-09T07:20:51Z,44.423079,154.0,-185.0,0.3937007874015748,0.6491228070175439,0.04282359441911865,0.6224665518611737,PIT,3.5,-108,-3.5,-112,42.5,-105,-115
2026-09-09T07:21:35Z,SCHEDULED_FULL,95c01d1bb797d6df14824b106c5a9130,2026_01_ATL_PIT,2026.0,1.0,2026-09-13T17:00:00Z,6338.40961535,ATL,PIT,betrivers,BetRivers,2026-09-09T07:20:38Z,57.423079,140.0,-177.0,0.4166666666666667,0.6389891696750902,0.05565583634175697,0.6053006554573952,PIT,3.5,-118,-3.5,-104,41.5,-109,-112
2026-09-09T07:21:35Z,SCHEDULED_FULL,95c01d1bb797d6df14824b106c5a9130,2026_01_ATL_PIT,2026.0,1.0,2026-09-13T17:00:00Z,6338.40961535,ATL,PIT,betonlineag,BetOnline.ag,2026-09-09T07:20:59Z,36.423079,157.0,-180.0,0.38910505836575876,0.6428571428571429,0.03196220122290172,0.6229464045246431,PIT,3.5,-116,-3.5,-104,41.5,-115,-105
2026-09-09T07:21:35Z,SCHEDULED_FULL,95c01d1bb797d6df14824b106c5a9130,2026_01_ATL_PIT,2026.0,1.0,2026-09-13T17:00:00Z,6338.40961535,ATL,PIT,fanduel,FanDuel,2026-09-09T07:20:39Z,56.423079,150.0,-178.0,0.4,0.6402877697841727,0.04028776978417259,0.6154910096818811,PIT,3.5,-118,-3.5,-104,41.5,-115,-105
2026-09-09T07:21:35Z,SCHEDULED_FULL,95c01d1bb797d6df14824b106c5a9130,2026_01_ATL_PIT,2026.0,1.0,2026-09-13T17:00:00Z,6338.40961535,ATL,PIT,lowvig,LowVig.ag,2026-09-09T07:21:00Z,35.423079,157.0,-180.0,0.38910505836575876,0.6428571428571429,0.03196220122290172,0.6229464045246431,PIT,3.5,-112,-3.5,101,41.5,-113,-102
2026-09-09T07:21:35Z,SCHEDULED_FULL,95c01d1bb797d6df14824b106c5a9130,2026_01_ATL_PIT,2026.0,1.0,2026-09-13T17:00:00Z,6338.40961535,ATL,PIT,betus,BetUS,2026-09-09T07:21:33Z,2.423079,155.0,-180.0,0.39215686274509803,0.6428571428571429,0.035014005602240994,0.6211096075778079,PIT,3.5,-115,-3.5,-105,41.5,-110,-110
2026-09-09T07:21:35Z,SCHEDULED_FULL,95c01d1bb797d6df14824b106c5a9130,2026_01_ATL_PIT,2026.0,1.0,2026-09-13T17:00:00Z,6338.40961535,ATL,PIT,betmgm,BetMGM,2026-09-09T07:21:01Z,34.423079,155.0,-190.0,0.39215686274509803,0.6551724137931034,0.047329276538201404,0.6255648805681084,PIT,3.5,-112,-3.5,-105,42.0,-108,-110
2026-09-09T07:21:35Z,SCHEDULED_FULL,95c01d1bb797d6df14824b106c5a9130,2026_01_ATL_PIT,2026.0,1.0,2026-09-13T17:00:00Z,6338.40961535,ATL,PIT,bovada,Bovada,2026-09-09T07:21:32Z,3.423079,160.0,-185.0,0.38461538461538464,0.6491228070175439,0.03373819163292846,0.6279373368146214,PIT,3.5,-120,-3.5,100,42.5,-105,-115
2026-09-09T07:21:35Z,SCHEDULED_FULL,95c01d1bb797d6df14824b106c5a9130,2026_01_ATL_PIT,2026.0,1.0,2026-09-13T17:00:00Z,6338.40961535,ATL,PIT,pinnacle,Pinnacle,2026-09-09T07:21:29Z,6.4230789999999995,159.0,-181.0,0.3861003861003861,0.6441281138790036,0.03022849997938959,0.6252283972845731,PIT,3.5,-114,-3.5,101,42.5,-105,-111
2026-09-09T07:21:35Z,SCHEDULED_FULL,95c01d1bb797d6df14824b106c5a9130,2026_01_ATL_PIT,2026.0,1.0,2026-09-13T17:00:00Z,6338.40961535,ATL,PIT,mybookieag,MyBookie.ag,2026-09-09T07:20:16Z,79.423079,150.0,-194.0,0.4,0.6598639455782312,0.05986394557823127,0.6225930680359435,PIT,3.5,-110,-3.5,-110,42.0,-110,-110
2026-09-09T07:21:35Z,SCHEDULED_FULL,b6cfdcbafa61ce220ba87dc2d9b80c77,2026_01_BAL_IND,2026.0,1.0,2026-09-13T17:00:00Z,6338.40961535,BAL,IND,draftkings,DraftKings,2026-09-09T07:20:51Z,44.423079,-175.0,145.0,0.6363636363636364,0.40816326530612246,0.0445269016697587,0.39076376554174075,BAL,-3.5,-105,3.5,-115,47.5,-115,-105
2026-09-09T07:21:35Z,SCHEDULED_FULL,b6cfdcbafa61ce220ba87dc2d9b80c77,2026_01_BAL_IND,2026.0,1.0,2026-09-13T17:00:00Z,6338.40961535,BAL,IND,betus,BetUS,2026-09-09T07:21:33Z,2.423079,-180.0,155.0,0.6428571428571429,0.39215686274509803,0.035014005602240994,0.37889039242219213,BAL,-3.5,100,3.5,-120,48.0,-110,-110
2026-09-09T07:21:35Z,SCHEDULED_FULL,b6cfdcbafa61ce220ba87dc2d9b80c77,2026_01_BAL_IND,2026.0,1.0,2026-09-13T17:00:00Z,6338.40961535,BAL,IND,lowvig,LowVig.ag,2026-09-09T07:21:00Z,35.423079,-175.0,153.0,0.6363636363636364,0.3952569169960474,0.031620553359683834,0.38314176245210724,BAL,-3.5,104,3.5,-115,48.0,-102,-113
2026-09-09T07:21:35Z,SCHEDULED_FULL,b6cfdcbafa61ce220ba87dc2d9b80c77,2026_01_BAL_IND,2026.0,1.0,2026-09-13T17:00:00Z,6338.40961535,BAL,IND,betrivers,BetRivers,2026-09-09T07:20:38Z,57.423079,-177.0,140.0,0.6389891696750902,0.4166666666666667,0.05565583634175697,0.39469934454260475,BAL,-3.5,-106,3.5,-115,48.0,-110,-109
2026-09-09T07:21:35Z,SCHEDULED_FULL,b6cfdcbafa61ce220ba87dc2d9b80c77,2026_01_BAL_IND,2026.0,1.0,2026-09-13T17:00:00Z,6338.40961535,BAL,IND,betonlineag,BetOnline.ag,2026-09-09T07:20:59Z,36.423079,-175.0,153.0,0.6363636363636364,0.3952569169960474,0.031620553359683834,0.38314176245210724,BAL,-3.5,-102,3.5,-118,48.0,-105,-115
2026-09-09T07:21:35Z,SCHEDULED_FULL,b6cfdcbafa61ce220ba87dc2d9b80c77,2026_01_BAL_IND,2026.0,1.0,2026-09-13T17:00:00Z,6338.40961535,BAL,IND,fanduel,FanDuel,2026-09-09T07:20:39Z,56.423079,-180.0,152.0,0.6428571428571429,0.3968253968253968,0.039682539682539764,0.38167938931297707,BAL,-3.5,-104,3.5,-118,47.5,-115,-105
2026-09-09T07:21:35Z,SCHEDULED_FULL,b6cfdcbafa61ce220ba87dc2d9b80c77,2026_01_BAL_IND,2026.0,1.0,2026-09-13T17:00:00Z,6338.40961535,BAL,IND,betmgm,BetMGM,2026-09-09T07:21:01Z,34.423079,-185.0,150.0,0.6491228070175439,0.4,0.04912280701754401,0.3812709030100334,BAL,-3.5,-108,3.5,-110,47.5,-110,-108
2026-09-09T07:21:35Z,SCHEDULED_FULL,b6cfdcbafa61ce220ba87dc2d9b80c77,2026_01_BAL_IND,2026.0,1.0,2026-09-13T17:00:00Z,6338.40961535,BAL,IND,bovada,Bovada,2026-09-09T07:21:32Z,3.423079,-175.0,150.0,0.6363636363636364,0.4,0.036363636363636376,0.3859649122807018,BAL,-3.0,-120,3.0,100,48.0,-105,-115
2026-09-09T07:21:35Z,SCHEDULED_FULL,b6cfdcbafa61ce220ba87dc2d9b80c77,2026_01_BAL_IND,2026.0,1.0,2026-09-13T17:00:00Z,6338.40961535,BAL,IND,pinnacle,Pinnacle,2026-09-09T07:21:29Z,6.4230789999999995,-174.0,153.0,0.635036496350365,0.3952569169960474,0.030293413346412335,0.38363529444708916,BAL,-3.5,105,3.5,-118,47.5,-117,100
2026-09-09T07:21:35Z,SCHEDULED_FULL,b6cfdcbafa61ce220ba87dc2d9b80c77,2026_01_BAL_IND,2026.0,1.0,2026-09-13T17:00:00Z,6338.40961535,BAL,IND,mybookieag,MyBookie.ag,2026-09-09T07:20:16Z,79.423079,-183.0,142.0,0.6466431095406361,0.4132231404958678,0.05986625003650392,0.38988234645799463,BAL,-3.5,100,3.5,-120,48.0,-110,-110
2026-09-09T07:21:35Z,SCHEDULED_FULL,7e09efed7e12c659b82740b67ce2f9a1,2026_01_BUF_HOU,2026.0,1.0,2026-09-13T17:00:00Z,6338.40961535,BUF,HOU,draftkings,DraftKings,2026-09-09T07:20:51Z,44.423079,-118.0,-102.0,0.5412844036697247,0.504950495049505,0.04623489871922981,0.4826358742837298,BUF,-1.5,-102,1.5,-118,44.5,-115,-105
2026-09-09T07:21:35Z,SCHEDULED_FULL,7e09efed7e12c659b82740b67ce2f9a1,2026_01_BUF_HOU,2026.0,1.0,2026-09-13T17:00:00Z,6338.40961535,BUF,HOU,betus,BetUS,2026-09-09T07:21:33Z,2.423079,,,,,,,,0.0,-120,0.0,100,45.0,-110,-110
2026-09-09T07:21:35Z,SCHEDULED_FULL,7e09efed7e12c659b82740b67ce2f9a1,2026_01_BUF_HOU,2026.0,1.0,2026-09-13T17:00:00Z,6338.40961535,BUF,HOU,lowvig,LowVig.ag,2026-09-09T07:21:00Z,35.423079,-121.0,101.0,0.5475113122171946,0.4975124378109453,0.04502375002813985,0.47607763727623276,BUF,-1.0,-105,1.0,-105,45.0,-107,-107
2026-09-09T07:21:35Z,SCHEDULED_FULL,7e09efed7e12c659b82740b67ce2f9a1,2026_01_BUF_HOU,2026.0,1.0,2026-09-13T17:00:00Z,6338.40961535,BUF,HOU,betrivers,BetRivers,2026-09-09T07:20:38Z,57.423079,-117.0,-107.0,0.5391705069124424,0.5169082125603864,0.05607871947282872,0.48945992664108945,BUF,-1.0,-108,1.0,-113,44.5,-110,-110
2026-09-09T07:21:35Z,SCHEDULED_FULL,7e09efed7e12c659b82740b67ce2f9a1,2026_01_BUF_HOU,2026.0,1.0,2026-09-13T17:00:00Z,6338.40961535,BUF,HOU,betonlineag,BetOnline.ag,2026-09-09T07:20:59Z,36.423079,-121.0,101.0,0.5475113122171946,0.4975124378109453,0.04502375002813985,0.47607763727623276,BUF,-1.0,-110,1.0,-110,45.0,-110,-110
2026-09-09T07:21:35Z,SCHEDULED_FULL,7e09efed7e12c659b82740b67ce2f9a1,2026_01_BUF_HOU,2026.0,1.0,2026-09-13T17:00:00Z,6338.40961535,BUF,HOU,fanduel,FanDuel,2026-09-09T07:20:39Z,56.423079,-120.0,102.0,0.5454545454545454,0.49504950495049505,0.04050405040504046,0.4757785467128028,BUF,-1.5,-106,1.5,-114,44.5,-118,-104
2026-09-09T07:21:35Z,SCHEDULED_FULL,7e09efed7e12c659b82740b67ce2f9a1,2026_01_BUF_HOU,2026.0,1.0,2026-09-13T17:00:00Z,6338.40961535,BUF,HOU,betmgm,BetMGM,2026-09-09T07:21:01Z,34.423079,-120.0,100.0,0.5454545454545454,0.5,0.045454545454545414,0.4782608695652174,BUF,-1.0,-110,1.0,-108,44.5,-110,-108
2026-09-09T07:21:35Z,SCHEDULED_FULL,7e09efed7e12c659b82740b67ce2f9a1,2026_01_BUF_HOU,2026.0,1.0,2026-09-13T17:00:00Z,6338.40961535,BUF,HOU,bovada,Bovada,2026-09-09T07:21:32Z,3.423079,-120.0,100.0,0.5454545454545454,0.5,0.045454545454545414,0.4782608695652174,BUF,-1.0,-110,1.0,-110,45.0,-110,-110
2026-09-09T07:21:35Z,SCHEDULED_FULL,7e09efed7e12c659b82740b67ce2f9a1,2026_01_BUF_HOU,2026.0,1.0,2026-09-13T17:00:00Z,6338.40961535,BUF,HOU,pinnacle,Pinnacle,2026-09-09T07:21:29Z,6.4230789999999995,-114.0,101.0,0.5327102803738317,0.4975124378109453,0.030222718184776953,0.48291736245881667,BUF,-1.0,-106,1.0,-106,45.0,-106,-110
2026-09-09T07:21:35Z,SCHEDULED_FULL,7e09efed7e12c659b82740b67ce2f9a1,2026_01_BUF_HOU,2026.0,1.0,2026-09-13T17:00:00Z,6338.40961535,BUF,HOU,mybookieag,MyBookie.ag,2026-09-09T07:20:16Z,79.423079,-119.0,-107.0,0.54337899543379,0.5169082125603864,0.060287207994176306,0.487517163899638,BUF,-1.0,-110,1.0,-110,45.0,-110,-110
2026-09-09T07:21:35Z,SCHEDULED_FULL,fc362aff0d889ec52d358307a70c32ed,2026_01_CHI_CAR,2026.0,1.0,2026-09-13T17:00:00Z,6338.40961535,CHI,CAR,draftkings,DraftKings,2026-09-09T07:20:51Z,44.423079,-166.0,140.0,0.6240601503759399,0.4166666666666667,0.0407268170426065,0.4003612281757977,CHI,-3.0,-120,3.0,100,46.5,-115,-105
2026-09-09T07:21:35Z,SCHEDULED_FULL,fc362aff0d889ec52d358307a70c32ed,2026_01_CHI_CAR,2026.0,1.0,2026-09-13T17:00:00Z,6338.40961535,CHI,CAR,fanduel,FanDuel,2026-09-09T07:20:39Z,56.423079,-164.0,138.0,0.6212121212121212,0.42016806722689076,0.04138018843901192,0.4034723071280108,CHI,-3.0,-106,3.0,-114,47.5,-102,-120
2026-09-09T07:21:35Z,SCHEDULED_FULL,fc362aff0d889ec52d358307a70c32ed,2026_01_CHI_CAR,2026.0,1.0,2026-09-13T17:00:00Z,6338.40961535,CHI,CAR,lowvig,LowVig.ag,2026-09-09T07:21:00Z,35.423079,-165.0,145.0,0.6226415094339622,0.40816326530612246,0.030804774740084806,0.39596563317146055,CHI,-3.0,-110,3.0,100,47.0,-107,-107
2026-09-09T07:21:35Z,SCHEDULED_FULL,fc362aff0d889ec52d358307a70c32ed,2026_01_CHI_CAR,2026.0,1.0,2026-09-13T17:00:00Z,6338.40961535,CHI,CAR,betus,BetUS,2026-09-09T07:21:33Z,2.423079,-165.0,142.0,0.6226415094339622,0.4132231404958678,0.03586464992983007,0.39891615234080985,CHI,-3.0,-115,3.0,-105,47.0,-110,-110
2026-09-09T07:21:35Z,SCHEDULED_FULL,fc362aff0d889ec52d358307a70c32ed,2026_01_CHI_CAR,2026.0,1.0,2026-09-13T17:00:00Z,6338.40961535,CHI,CAR,betonlineag,BetOnline.ag,2026-09-09T07:20:59Z,36.423079,-165.0,145.0,0.6226415094339622,0.40816326530612246,0.030804774740084806,0.39596563317146055,CHI,-3.0,-115,3.0,-105,47.0,-110,-110
2026-09-09T07:21:35Z,SCHEDULED_FULL,fc362aff0d889ec52d358307a70c32ed,2026_01_CHI_CAR,2026.0,1.0,2026-09-13T17:00:00Z,6338.40961535,CHI,CAR,betrivers,BetRivers,2026-09-09T07:20:38Z,57.423079,-157.0,128.0,0.6108949416342413,0.43859649122807015,0.0494914328623115,0.41791336021855074,CHI,-3.0,-104,3.0,-118,47.0,-114,-107
2026-09-09T07:21:35Z,SCHEDULED_FULL,fc362aff0d889ec52d358307a70c32ed,2026_01_CHI_CAR,2026.0,1.0,2026-09-13T17:00:00Z,6338.40961535,CHI,CAR,betmgm,BetMGM,2026-09-09T07:21:01Z,34.423079,-165.0,140.0,0.6226415094339622,0.4166666666666667,0.03930817610062887,0.40090771558245086,CHI,-3.0,-118,3.0,-102,47.0,-108,-110
2026-09-09T07:21:35Z,SCHEDULED_FULL,fc362aff0d889ec52d358307a70c32ed,2026_01_CHI_CAR,2026.0,1.0,2026-09-13T17:00:00Z,6338.40961535,CHI,CAR,bovada,Bovada,2026-09-09T07:21:32Z,3.423079,-170.0,145.0,0.6296296296296297,0.40816326530612246,0.03779289493575222,0.39329934450109244,CHI,-3.0,-110,3.0,-110,46.5,-115,-105
2026-09-09T07:21:35Z,SCHEDULED_FULL,fc362aff0d889ec52d358307a70c32ed,2026_01_CHI_CAR,2026.0,1.0,2026-09-13T17:00:00Z,6338.40961535,CHI,CAR,pinnacle,Pinnacle,2026-09-09T07:21:29Z,6.4230789999999995,-165.0,145.0,0.6226415094339622,0.40816326530612246,0.030804774740084806,0.39596563317146055,CHI,-2.5,-128,2.5,114,47.5,103,-121
2026-09-09T07:21:35Z,SCHEDULED_FULL,fc362aff0d889ec52d358307a70c32ed,2026_01_CHI_CAR,2026.0,1.0,2026-09-13T17:00:00Z,6338.40961535,CHI,CAR,mybookieag,MyBookie.ag,2026-09-09T07:20:16Z,79.423079,-172.0,134.0,0.6323529411764706,0.42735042735042733,0.05970336852689795,0.40327363302099395,CHI,-3.0,-110,3.0,-110,47.0,-110,-110
2026-09-09T07:21:35Z,SCHEDULED_FULL,ed6d24ff979f9c71979fead577b0b3f7,2026_01_TB_CIN,2026.0,1.0,2026-09-13T17:00:00Z,6338.40961535,TB,CIN,draftkings,DraftKings,2026-09-09T07:20:51Z,44.423079,170.0,-205.0,0.37037037037037035,0.6721311475409836,0.042501517911353925,0.644729178800233,CIN,3.5,-108,-3.5,-112,50.5,-108,-112
2026-09-09T07:21:35Z,SCHEDULED_FULL,ed6d24ff979f9c71979fead577b0b3f7,2026_01_TB_CIN,2026.0,1.0,2026-09-13T17:00:00Z,6338.40961535,TB,CIN,fanduel,FanDuel,2026-09-09T07:20:39Z,56.423079,176.0,-210.0,0.36231884057971014,0.6774193548387096,0.03973819541841972,0.6515287769784173,CIN,3.5,-105,-3.5,-115,50.5,-112,-108
2026-09-09T07:21:35Z,SCHEDULED_FULL,ed6d24ff979f9c71979fead577b0b3f7,2026_01_TB_CIN,2026.0,1.0,2026-09-13T17:00:00Z,6338.40961535,TB,CIN,lowvig,LowVig.ag,2026-09-09T07:21:00Z,35.423079,177.0,-205.0,0.36101083032490977,0.6721311475409836,0.033141977865893235,0.6505699719310306,CIN,4.0,-108,-4.0,-102,50.5,-102,-113
2026-09-09T07:21:35Z,SCHEDULED_FULL,ed6d24ff979f9c71979fead577b0b3f7,2026_01_TB_CIN,2026.0,1.0,2026-09-13T17:00:00Z,6338.40961535,TB,CIN,betus,BetUS,2026-09-09T07:21:33Z,2.423079,175.0,-205.0,0.36363636363636365,0.6721311475409836,0.03576751117734722,0.6489208633093525,CIN,4.0,-110,-4.0,-110,50.5,-105,-115
2026-09-09T07:21:35Z,SCHEDULED_FULL,ed6d24ff979f9c71979fead577b0b3f7,2026_01_TB_CIN,2026.0,1.0,2026-09-13T17:00:00Z,6338.40961535,TB,CIN,betonlineag,BetOnline.ag,2026-09-09T07:20:59Z,36.423079,177.0,-205.0,0.36101083032490977,0.6721311475409836,0.033141977865893235,0.6505699719310306,CIN,4.0,-113,-4.0,-107,50.5,-105,-115
2026-09-09T07:21:35Z,SCHEDULED_FULL,ed6d24ff979f9c71979fead577b0b3f7,2026_01_TB_CIN,2026.0,1.0,2026-09-13T17:00:00Z,6338.40961535,TB,CIN,betrivers,BetRivers,2026-09-09T07:20:38Z,57.423079,170.0,-215.0,0.37037037037037035,0.6825396825396826,0.05291005291005302,0.6482412060301507,CIN,4.0,-114,-4.0,-107,50.5,-110,-110
2026-09-09T07:21:35Z,SCHEDULED_FULL,ed6d24ff979f9c71979fead577b0b3f7,2026_01_TB_CIN,2026.0,1.0,2026-09-13T17:00:00Z,6338.40961535,TB,CIN,betmgm,BetMGM,2026-09-09T07:21:01Z,34.423079,170.0,-210.0,0.37037037037037035,0.6774193548387096,0.04778972520907998,0.6465222348916762,CIN,3.5,-108,-3.5,-112,50.5,-108,-110
2026-09-09T07:21:35Z,SCHEDULED_FULL,ed6d24ff979f9c71979fead577b0b3f7,2026_01_TB_CIN,2026.0,1.0,2026-09-13T17:00:00Z,6338.40961535,TB,CIN,bovada,Bovada,2026-09-09T07:21:32Z,3.423079,180.0,-220.0,0.35714285714285715,0.6875,0.044642857142857206,0.6581196581196581,CIN,4.0,-115,-4.0,-105,50.5,-105,-115
2026-09-09T07:21:35Z,SCHEDULED_FULL,ed6d24ff979f9c71979fead577b0b3f7,2026_01_TB_CIN,2026.0,1.0,2026-09-13T17:00:00Z,6338.40961535,TB,CIN,pinnacle,Pinnacle,2026-09-09T07:21:29Z,6.4230789999999995,175.0,-202.0,0.36363636363636365,0.6688741721854304,0.032510535821794084,0.6478134110787171,CIN,4.0,-109,-4.0,-103,50.0,-111,-105
2026-09-09T07:21:35Z,SCHEDULED_FULL,ed6d24ff979f9c71979fead577b0b3f7,2026_01_TB_CIN,2026.0,1.0,2026-09-13T17:00:00Z,6338.40961535,TB,CIN,mybookieag,MyBookie.ag,2026-09-09T07:20:16Z,79.423079,164.0,-214.0,0.3787878787878788,0.6815286624203821,0.06031654120826091,0.6427596250113771,CIN,4.0,-110,-4.0,-110,50.5,-110,-110
2026-09-09T07:21:35Z,SCHEDULED_FULL,e55c6fe19fce094ce214c8b0e5b504e9,2026_01_CLE_JAX,2026.0,1.0,2026-09-13T17:00:00Z,6338.40961535,CLE,JAX,draftkings,DraftKings,2026-09-09T07:20:51Z,44.423079,360.0,-470.0,0.21739130434782608,0.8245614035087719,0.04195270785659799,0.7913616398243045,JAX,8.5,-110,-8.5,-110,40.5,-110,-110
2026-09-09T07:21:35Z,SCHEDULED_FULL,e55c6fe19fce094ce214c8b0e5b504e9,2026_01_CLE_JAX,2026.0,1.0,2026-09-13T17:00:00Z,6338.40961535,CLE,JAX,fanduel,FanDuel,2026-09-09T07:20:39Z,56.423079,350.0,-450.0,0.2222222222222222,0.8181818181818182,0.04040404040404044,0.7864077669902912,JAX,8.5,-112,-8.5,-108,40.5,-108,-112
2026-09-09T07:21:35Z,SCHEDULED_FULL,e55c6fe19fce094ce214c8b0e5b504e9,2026_01_CLE_JAX,2026.0,1.0,2026-09-13T17:00:00Z,6338.40961535,CLE,JAX,betus,BetUS,2026-09-09T07:21:33Z,2.423079,320.0,-400.0,0.23809523809523808,0.8,0.03809523809523818,0.7706422018348623,JAX,9.0,-115,-9.0,-105,40.5,-110,-110
2026-09-09T07:21:35Z,SCHEDULED_FULL,e55c6fe19fce094ce214c8b0e5b504e9,2026_01_CLE_JAX,2026.0,1.0,2026-09-13T17:00:00Z,6338.40961535,CLE,JAX,betrivers,BetRivers,2026-09-09T07:20:38Z,57.423079,295.0,-400.0,0.25316455696202533,0.8,0.05316455696202538,0.7596153846153846,JAX,8.0,-112,-8.0,-109,40.5,-109,-112
2026-09-09T07:21:35Z,SCHEDULED_FULL,e55c6fe19fce094ce214c8b0e5b504e9,2026_01_CLE_JAX,2026.0,1.0,2026-09-13T17:00:00Z,6338.40961535,CLE,JAX,betonlineag,BetOnline.ag,2026-09-09T07:20:59Z,36.423079,316.0,-400.0,0.2403846153846154,0.8,0.04038461538461546,0.7689463955637708,JAX,9.0,-115,-9.0,-105,40.5,-112,-108
2026-09-09T07:21:35Z,SCHEDULED_FULL,e55c6fe19fce094ce214c8b0e5b504e9,2026_01_CLE_JAX,2026.0,1.0,2026-09-13T17:00:00Z,6338.40961535,CLE,JAX,lowvig,LowVig.ag,2026-09-09T07:21:00Z,35.423079,316.0,-400.0,0.2403846153846154,0.8,0.04038461538461546,0.7689463955637708,JAX,9.0,-110,-9.0,100,40.5,-109,-105
2026-09-09T07:21:35Z,SCHEDULED_FULL,e55c6fe19fce094ce214c8b0e5b504e9,2026_01_CLE_JAX,2026.0,1.0,2026-09-13T17:00:00Z,6338.40961535,CLE,JAX,betmgm,BetMGM,2026-09-09T07:21:01Z,34.423079,340.0,-450.0,0.22727272727272727,0.8181818181818182,0.045454545454545414,0.782608695652174,JAX,8.5,-110,-8.5,-108,40.5,-110,-108
2026-09-09T07:21:35Z,SCHEDULED_FULL,e55c6fe19fce094ce214c8b0e5b504e9,2026_01_CLE_JAX,2026.0,1.0,2026-09-13T17:00:00Z,6338.40961535,CLE,JAX,bovada,Bovada,2026-09-09T07:21:32Z,3.423079,305.0,-410.0,0.24691358024691357,0.803921568627451,0.05083514887436458,0.7650310988251555,JAX,8.5,-115,-8.5,-105,40.5,-115,-105
2026-09-09T07:21:35Z,SCHEDULED_FULL,e55c6fe19fce094ce214c8b0e5b504e9,2026_01_CLE_JAX,2026.0,1.0,2026-09-13T17:00:00Z,6338.40961535,CLE,JAX,pinnacle,Pinnacle,2026-09-09T07:21:29Z,6.4230789999999995,319.0,-395.0,0.2386634844868735,0.797979797979798,0.03664328246667159,0.7697727959814887,JAX,9.5,-114,-9.5,101,40.5,-111,-105
2026-09-09T07:21:35Z,SCHEDULED_FULL,e55c6fe19fce094ce214c8b0e5b504e9,2026_01_CLE_JAX,2026.0,1.0,2026-09-13T17:00:00Z,6338.40961535,CLE,JAX,mybookieag,MyBookie.ag,2026-09-09T07:20:16Z,79.423079,340.0,-500.0,0.22727272727272727,0.8333333333333334,0.06060606060606055,0.7857142857142858,JAX,9.0,-110,-9.0,-110,40.5,-110,-110
2026-09-09T07:21:35Z,SCHEDULED_FULL,c1d3fcec25aaeb06ebd2244d33d338e0,2026_01_NO_DET,2026.0,1.0,2026-09-13T17:00:00Z,6338.40961535,NO,DET,draftkings,DraftKings,2026-09-09T07:20:51Z,44.423079,250.0,-310.0,0.2857142857142857,0.7560975609756098,0.04181184668989557,0.725752508361204,DET,7.0,-112,-7.0,-108,49.5,-118,-102
2026-09-09T07:21:35Z,SCHEDULED_FULL,c1d3fcec25aaeb06ebd2244d33d338e0,2026_01_NO_DET,2026.0,1.0,2026-09-13T17:00:00Z,6338.40961535,NO,DET,fanduel,FanDuel,2026-09-09T07:20:39Z,56.423079,270.0,-335.0,0.2702702702702703,0.7701149425287356,0.040385212799005865,0.7402209614810391,DET,6.5,100,-6.5,-122,49.5,-115,-105
2026-09-09T07:21:35Z,SCHEDULED_FULL,c1d3fcec25aaeb06ebd2244d33d338e0,2026_01_NO_DET,2026.0,1.0,2026-09-13T17:00:00Z,6338.40961535,NO,DET,lowvig,LowVig.ag,2026-09-09T07:21:00Z,35.423079,252.0,-310.0,0.2840909090909091,0.7560975609756098,0.04018847006651893,0.7268851585398347,DET,7.0,-112,-7.0,101,50.0,-107,-107
2026-09-09T07:21:35Z,SCHEDULED_FULL,c1d3fcec25aaeb06ebd2244d33d338e0,2026_01_NO_DET,2026.0,1.0,2026-09-13T17:00:00Z,6338.40961535,NO,DET,betonlineag,BetOnline.ag,2026-09-09T07:20:59Z,36.423079,252.0,-310.0,0.2840909090909091,0.7560975609756098,0.04018847006651893,0.7268851585398347,DET,7.0,-116,-7.0,-104,50.0,-110,-110
2026-09-09T07:21:35Z,SCHEDULED_FULL,c1d3fcec25aaeb06ebd2244d33d338e0,2026_01_NO_DET,2026.0,1.0,2026-09-13T17:00:00Z,6338.40961535,NO,DET,betus,BetUS,2026-09-09T07:21:33Z,2.423079,255.0,-310.0,0.28169014084507044,0.7560975609756098,0.03778770182068025,0.7285666997682886,DET,7.0,-115,-7.0,-105,50.0,-110,-110
2026-09-09T07:21:35Z,SCHEDULED_FULL,c1d3fcec25aaeb06ebd2244d33d338e0,2026_01_NO_DET,2026.0,1.0,2026-09-13T17:00:00Z,6338.40961535,NO,DET,betrivers,BetRivers,2026-09-09T07:20:38Z,57.423079,265.0,-345.0,0.273972602739726,0.7752808988764045,0.049253501616130624,0.738888073932815,DET,7.0,-113,-7.0,-108,50.0,-113,-108
2026-09-09T07:21:35Z,SCHEDULED_FULL,c1d3fcec25aaeb06ebd2244d33d338e0,2026_01_NO_DET,2026.0,1.0,2026-09-13T17:00:00Z,6338.40961535,NO,DET,betmgm,BetMGM,2026-09-09T07:21:01Z,34.423079,260.0,-325.0,0.2777777777777778,0.7647058823529411,0.0424836601307188,0.7335423197492164,DET,7.0,-110,-7.0,-108,49.5,-118,-110
2026-09-09T07:21:35Z,SCHEDULED_FULL,c1d3fcec25aaeb06ebd2244d33d338e0,2026_01_NO_DET,2026.0,1.0,2026-09-13T17:00:00Z,6338.40961535,NO,DET,bovada,Bovada,2026-09-09T07:21:32Z,3.423079,265.0,-330.0,0.273972602739726,0.7674418604651163,0.04141446320484232,0.7369226063016213,DET,7.0,-110,-7.0,-110,49.5,-110,-110
2026-09-09T07:21:35Z,SCHEDULED_FULL,c1d3fcec25aaeb06ebd2244d33d338e0,2026_01_NO_DET,2026.0,1.0,2026-09-13T17:00:00Z,6338.40961535,NO,DET,pinnacle,Pinnacle,2026-09-09T07:21:29Z,6.4230789999999995,267.0,-321.0,0.2724795640326976,0.7624703087885986,0.034949872821296246,0.7367219696448559,DET,7.0,-108,-7.0,-105,49.5,-111,-105
2026-09-09T07:21:35Z,SCHEDULED_FULL,c1d3fcec25aaeb06ebd2244d33d338e0,2026_01_NO_DET,2026.0,1.0,2026-09-13T17:00:00Z,6338.40961535,NO,DET,mybookieag,MyBookie.ag,2026-09-09T07:20:16Z,79.423079,248.0,-340.0,0.28735632183908044,0.7727272727272727,0.06008359456635315,0.7289305076392312,DET,7.0,-110,-7.0,-110,50.0,-110,-110
2026-09-09T07:21:35Z,SCHEDULED_FULL,7dddb296a42e7a41a774b24bd1709ce1,2026_01_NYJ_TEN,2026.0,1.0,2026-09-13T17:00:00Z,6338.40961535,NYJ,TEN,draftkings,DraftKings,2026-09-09T07:20:51Z,44.423079,102.0,-122.0,0.49504950495049505,0.5495495495495496,0.044599054500044755,0.5260865852617197,TEN,1.5,-110,-1.5,-110,39.5,-110,-110
2026-09-09T07:21:35Z,SCHEDULED_FULL,7dddb296a42e7a41a774b24bd1709ce1,2026_01_NYJ_TEN,2026.0,1.0,2026-09-13T17:00:00Z,6338.40961535,NYJ,TEN,fanduel,FanDuel,2026-09-09T07:20:39Z,56.423079,104.0,-122.0,0.49019607843137253,0.5495495495495496,0.03974562798092207,0.5285423037716617,TEN,1.5,-110,-1.5,-110,39.5,-110,-110
2026-09-09T07:21:35Z,SCHEDULED_FULL,7dddb296a42e7a41a774b24bd1709ce1,2026_01_NYJ_TEN,2026.0,1.0,2026-09-13T17:00:00Z,6338.40961535,NYJ,TEN,lowvig,LowVig.ag,2026-09-09T07:21:00Z,35.423079,,,,,,,,0.0,101,0.0,-112,39.5,-102,-113
2026-09-09T07:21:35Z,SCHEDULED_FULL,7dddb296a42e7a41a774b24bd1709ce1,2026_01_NYJ_TEN,2026.0,1.0,2026-09-13T17:00:00Z,6338.40961535,NYJ,TEN,betus,BetUS,2026-09-09T07:21:33Z,2.423079,,,,,,,,0.0,100,0.0,-120,39.5,-105,-115
2026-09-09T07:21:35Z,SCHEDULED_FULL,7dddb296a42e7a41a774b24bd1709ce1,2026_01_NYJ_TEN,2026.0,1.0,2026-09-13T17:00:00Z,6338.40961535,NYJ,TEN,betonlineag,BetOnline.ag,2026-09-09T07:20:59Z,36.423079,,,,,,,,0.0,-104,0.0,-116,39.5,-105,-115
2026-09-09T07:21:35Z,SCHEDULED_FULL,7dddb296a42e7a41a774b24bd1709ce1,2026_01_NYJ_TEN,2026.0,1.0,2026-09-13T17:00:00Z,6338.40961535,NYJ,TEN,betrivers,BetRivers,2026-09-09T07:20:38Z,57.423079,106.0,-130.0,0.4854368932038835,0.5652173913043478,0.050654284508231395,0.5379670550421856,TEN,1.5,-110,-1.5,-110,39.5,-110,-110
2026-09-09T07:21:35Z,SCHEDULED_FULL,7dddb296a42e7a41a774b24bd1709ce1,2026_01_NYJ_TEN,2026.0,1.0,2026-09-13T17:00:00Z,6338.40961535,NYJ,TEN,betmgm,BetMGM,2026-09-09T07:21:01Z,34.423079,105.0,-125.0,0.4878048780487805,0.5555555555555556,0.04336043360433606,0.5324675324675325,TEN,1.5,-110,-1.5,-108,39.5,-108,-110
2026-09-09T07:21:35Z,SCHEDULED_FULL,7dddb296a42e7a41a774b24bd1709ce1,2026_01_NYJ_TEN,2026.0,1.0,2026-09-13T17:00:00Z,6338.40961535,NYJ,TEN,bovada,Bovada,2026-09-09T07:21:32Z,3.423079,100.0,-120.0,0.5,0.5454545454545454,0.045454545454545414,0.5217391304347826,TEN,1.0,-110,-1.0,-110,39.0,-115,-105
2026-09-09T07:21:35Z,SCHEDULED_FULL,7dddb296a42e7a41a774b24bd1709ce1,2026_01_NYJ_TEN,2026.0,1.0,2026-09-13T17:00:00Z,6338.40961535,NYJ,TEN,pinnacle,Pinnacle,2026-09-09T07:21:29Z,6.4230789999999995,104.0,-117.0,0.49019607843137253,0.5391705069124424,0.029366585343814977,0.5237886235955056,TEN,1.0,-105,-1.0,-107,39.0,-111,-105
2026-09-09T07:21:35Z,SCHEDULED_FULL,7dddb296a42e7a41a774b24bd1709ce1,2026_01_NYJ_TEN,2026.0,1.0,2026-09-13T17:00:00Z,6338.40961535,NYJ,TEN,mybookieag,MyBookie.ag,2026-09-09T07:20:16Z,79.423079,101.0,-128.0,0.4975124378109453,0.5614035087719298,0.05891594658287502,0.5301681503461919,TEN,1.5,-110,-1.5,-110,39.5,-110,-110
2026-09-09T07:21:35Z,SCHEDULED_FULL,1edfa5ceaa1ad2cb57df1c1b908731f6,2026_01_ARI_LAC,2026.0,1.0,2026-09-13T20:25:00Z,6543.40961535,ARI,LAC,draftkings,DraftKings,2026-09-09T07:20:51Z,44.423079,390.0,-520.0,0.20408163265306123,0.8387096774193549,0.04279131007241599,0.8042929292929294,LAC,9.5,-105,-9.5,-115,47.5,-102,-118
2026-09-09T07:21:35Z,SCHEDULED_FULL,1edfa5ceaa1ad2cb57df1c1b908731f6,2026_01_ARI_LAC,2026.0,1.0,2026-09-13T20:25:00Z,6543.40961535,ARI,LAC,lowvig,LowVig.ag,2026-09-09T07:21:00Z,35.423079,393.0,-515.0,0.2028397565922921,0.8373983739837398,0.04023813057603198,0.8050064205202999,LAC,9.5,-105,-9.5,-105,47.0,-113,-102
2026-09-09T07:21:35Z,SCHEDULED_FULL,1edfa5ceaa1ad2cb57df1c1b908731f6,2026_01_ARI_LAC,2026.0,1.0,2026-09-13T20:25:00Z,6543.40961535,ARI,LAC,betonlineag,BetOnline.ag,2026-09-09T07:20:59Z,36.423079,393.0,-515.0,0.2028397565922921,0.8373983739837398,0.04023813057603198,0.8050064205202999,LAC,9.5,-110,-9.5,-110,47.0,-115,-105
2026-09-09T07:21:35Z,SCHEDULED_FULL,1edfa5ceaa1ad2cb57df1c1b908731f6,2026_01_ARI_LAC,2026.0,1.0,2026-09-13T20:25:00Z,6543.40961535,ARI,LAC,betus,BetUS,2026-09-09T07:21:33Z,2.423079,400.0,-515.0,0.2,0.8373983739837398,0.0373983739837398,0.8072100313479624,LAC,9.5,-110,-9.5,-110,47.0,-110,-110
2026-09-09T07:21:35Z,SCHEDULED_FULL,1edfa5ceaa1ad2cb57df1c1b908731f6,2026_01_ARI_LAC,2026.0,1.0,2026-09-13T20:25:00Z,6543.40961535,ARI,LAC,betrivers,BetRivers,2026-09-09T07:20:38Z,57.423079,380.0,-560.0,0.20833333333333334,0.8484848484848485,0.05681818181818188,0.8028673835125448,LAC,9.5,-106,-9.5,-115,47.0,-114,-107
2026-09-09T07:21:35Z,SCHEDULED_FULL,1edfa5ceaa1ad2cb57df1c1b908731f6,2026_01_ARI_LAC,2026.0,1.0,2026-09-13T20:25:00Z,6543.40961535,ARI,LAC,fanduel,FanDuel,2026-09-09T07:20:39Z,56.423079,410.0,-550.0,0.19607843137254902,0.8461538461538461,0.042232277526395245,0.8118668596237336,LAC,9.5,-106,-9.5,-114,47.5,-104,-118
2026-09-09T07:21:35Z,SCHEDULED_FULL,1edfa5ceaa1ad2cb57df1c1b908731f6,2026_01_ARI_LAC,2026.0,1.0,2026-09-13T20:25:00Z,6543.40961535,ARI,LAC,betmgm,BetMGM,2026-09-09T07:21:01Z,34.423079,400.0,-525.0,0.2,0.84,0.040000000000000036,0.8076923076923076,LAC,9.5,-108,-9.5,-110,47.0,-112,-105
2026-09-09T07:21:35Z,SCHEDULED_FULL,1edfa5ceaa1ad2cb57df1c1b908731f6,2026_01_ARI_LAC,2026.0,1.0,2026-09-13T20:25:00Z,6543.40961535,ARI,LAC,bovada,Bovada,2026-09-09T07:21:32Z,3.423079,360.0,-500.0,0.21739130434782608,0.8333333333333334,0.050724637681159424,0.7931034482758621,LAC,9.0,-110,-9.0,-110,47.0,-115,-105
2026-09-09T07:21:35Z,SCHEDULED_FULL,1edfa5ceaa1ad2cb57df1c1b908731f6,2026_01_ARI_LAC,2026.0,1.0,2026-09-13T20:25:00Z,6543.40961535,ARI,LAC,pinnacle,Pinnacle,2026-09-09T07:21:29Z,6.4230789999999995,373.0,-475.0,0.21141649048625794,0.8260869565217391,0.037503447007997126,0.7962257464339505,LAC,10.5,-133,-10.5,118,47.0,-111,-105
2026-09-09T07:21:35Z,SCHEDULED_FULL,1edfa5ceaa1ad2cb57df1c1b908731f6,2026_01_ARI_LAC,2026.0,1.0,2026-09-13T20:25:00Z,6543.40961535,ARI,LAC,mybookieag,MyBookie.ag,2026-09-09T07:20:16Z,79.423079,350.0,-500.0,0.2222222222222222,0.8333333333333334,0.05555555555555558,0.7894736842105263,LAC,10.0,-110,-10.0,-110,47.0,-110,-110
2026-09-09T07:21:35Z,SCHEDULED_FULL,cb77efed7e711d25a72c1a2a0a1af119,2026_01_GB_MIN,2026.0,1.0,2026-09-13T20:25:00Z,6543.40961535,GB,MIN,draftkings,DraftKings,2026-09-09T07:20:51Z,44.423079,102.0,-122.0,0.49504950495049505,0.5495495495495496,0.044599054500044755,0.5260865852617197,MIN,1.5,-108,-1.5,-112,46.5,-108,-112
2026-09-09T07:21:35Z,SCHEDULED_FULL,cb77efed7e711d25a72c1a2a0a1af119,2026_01_GB_MIN,2026.0,1.0,2026-09-13T20:25:00Z,6543.40961535,GB,MIN,lowvig,LowVig.ag,2026-09-09T07:21:00Z,35.423079,103.0,-123.0,0.49261083743842365,0.5515695067264574,0.04418034416488115,0.5282320336795786,MIN,1.0,100,-1.0,-110,46.0,-113,-102
2026-09-09T07:21:35Z,SCHEDULED_FULL,cb77efed7e711d25a72c1a2a0a1af119,2026_01_GB_MIN,2026.0,1.0,2026-09-13T20:25:00Z,6543.40961535,GB,MIN,betonlineag,BetOnline.ag,2026-09-09T07:20:59Z,36.423079,103.0,-123.0,0.49261083743842365,0.5515695067264574,0.04418034416488115,0.5282320336795786,MIN,1.0,-105,-1.0,-115,46.0,-115,-105
2026-09-09T07:21:35Z,SCHEDULED_FULL,cb77efed7e711d25a72c1a2a0a1af119,2026_01_GB_MIN,2026.0,1.0,2026-09-13T20:25:00Z,6543.40961535,GB,MIN,betus,BetUS,2026-09-09T07:21:33Z,2.423079,,,,,,,,1.0,-105,-1.0,-115,46.0,-115,-105
2026-09-09T07:21:35Z,SCHEDULED_FULL,cb77efed7e711d25a72c1a2a0a1af119,2026_01_GB_MIN,2026.0,1.0,2026-09-13T20:25:00Z,6543.40961535,GB,MIN,betrivers,BetRivers,2026-09-09T07:20:38Z,57.423079,-104.0,-121.0,0.5098039215686274,0.5475113122171946,0.05731523378582204,0.5178316690442226,MIN,1.0,-109,-1.0,-112,46.0,-109,-112
2026-09-09T07:21:35Z,SCHEDULED_FULL,cb77efed7e711d25a72c1a2a0a1af119,2026_01_GB_MIN,2026.0,1.0,2026-09-13T20:25:00Z,6543.40961535,GB,MIN,fanduel,FanDuel,2026-09-09T07:20:39Z,56.423079,100.0,-118.0,0.5,0.5412844036697247,0.041284403669724856,0.5198237885462554,MIN,1.5,-115,-1.5,-105,46.5,-110,-110
2026-09-09T07:21:35Z,SCHEDULED_FULL,cb77efed7e711d25a72c1a2a0a1af119,2026_01_GB_MIN,2026.0,1.0,2026-09-13T20:25:00Z,6543.40961535,GB,MIN,betmgm,BetMGM,2026-09-09T07:21:01Z,34.423079,100.0,-120.0,0.5,0.5454545454545454,0.045454545454545414,0.5217391304347826,MIN,1.5,-110,-1.5,-108,46.5,-108,-110
2026-09-09T07:21:35Z,SCHEDULED_FULL,cb77efed7e711d25a72c1a2a0a1af119,2026_01_GB_MIN,2026.0,1.0,2026-09-13T20:25:00Z,6543.40961535,GB,MIN,bovada,Bovada,2026-09-09T07:21:32Z,3.423079,105.0,-125.0,0.4878048780487805,0.5555555555555556,0.04336043360433606,0.5324675324675325,MIN,1.5,-110,-1.5,-110,46.0,-115,-105
2026-09-09T07:21:35Z,SCHEDULED_FULL,cb77efed7e711d25a72c1a2a0a1af119,2026_01_GB_MIN,2026.0,1.0,2026-09-13T20:25:00Z,6543.40961535,GB,MIN,pinnacle,Pinnacle,2026-09-09T07:21:29Z,6.4230789999999995,109.0,-123.0,0.4784688995215311,0.5515695067264574,0.03003840624798859,0.5354844085237569,MIN,1.0,101,-1.0,-113,46.0,-111,-105
2026-09-09T07:21:35Z,SCHEDULED_FULL,cb77efed7e711d25a72c1a2a0a1af119,2026_01_GB_MIN,2026.0,1.0,2026-09-13T20:25:00Z,6543.40961535,GB,MIN,mybookieag,MyBookie.ag,2026-09-09T07:20:16Z,79.423079,-101.0,-126.0,0.5024875621890548,0.5575221238938053,0.06000968608286006,0.5259594617046021,MIN,1.5,-110,-1.5,-110,46.5,-110,-110
2026-09-09T07:21:35Z,SCHEDULED_FULL,c5d95f48a16849ab6bebc68fbbfcb74a,2026_01_MIA_LV,2026.0,1.0,2026-09-13T20:25:00Z,6543.40961535,MIA,LV,draftkings,DraftKings,2026-09-09T07:20:51Z,44.423079,154.0,-185.0,0.3937007874015748,0.6491228070175439,0.04282359441911865,0.6224665518611737,LV,3.5,-115,-3.5,-105,40.5,-115,-105
2026-09-09T07:21:35Z,SCHEDULED_FULL,c5d95f48a16849ab6bebc68fbbfcb74a,2026_01_MIA_LV,2026.0,1.0,2026-09-13T20:25:00Z,6543.40961535,MIA,LV,betus,BetUS,2026-09-09T07:21:33Z,2.423079,155.0,-180.0,0.39215686274509803,0.6428571428571429,0.035014005602240994,0.6211096075778079,LV,3.5,-115,-3.5,-105,41.0,-110,-110
2026-09-09T07:21:35Z,SCHEDULED_FULL,c5d95f48a16849ab6bebc68fbbfcb74a,2026_01_MIA_LV,2026.0,1.0,2026-09-13T20:25:00Z,6543.40961535,MIA,LV,betrivers,BetRivers,2026-09-09T07:20:38Z,57.423079,155.0,-195.0,0.39215686274509803,0.6610169491525424,0.053173811897640366,0.627642789523509,LV,3.5,-112,-3.5,-109,40.5,-110,-110
2026-09-09T07:21:35Z,SCHEDULED_FULL,c5d95f48a16849ab6bebc68fbbfcb74a,2026_01_MIA_LV,2026.0,1.0,2026-09-13T20:25:00Z,6543.40961535,MIA,LV,fanduel,FanDuel,2026-09-09T07:20:39Z,56.423079,148.0,-178.0,0.4032258064516129,0.6402877697841727,0.04351357623578567,0.6135883464917158,LV,3.5,-114,-3.5,-106,40.5,-114,-106
2026-09-09T07:21:35Z,SCHEDULED_FULL,c5d95f48a16849ab6bebc68fbbfcb74a,2026_01_MIA_LV,2026.0,1.0,2026-09-13T20:25:00Z,6543.40961535,MIA,LV,betonlineag,BetOnline.ag,2026-09-09T07:20:59Z,36.423079,157.0,-180.0,0.38910505836575876,0.6428571428571429,0.03196220122290172,0.6229464045246431,LV,3.5,-114,-3.5,-106,41.0,-110,-110
2026-09-09T07:21:35Z,SCHEDULED_FULL,c5d95f48a16849ab6bebc68fbbfcb74a,2026_01_MIA_LV,2026.0,1.0,2026-09-13T20:25:00Z,6543.40961535,MIA,LV,lowvig,LowVig.ag,2026-09-09T07:21:00Z,35.423079,157.0,-180.0,0.38910505836575876,0.6428571428571429,0.03196220122290172,0.6229464045246431,LV,3.5,-109,-3.5,-101,41.0,-107,-107
2026-09-09T07:21:35Z,SCHEDULED_FULL,c5d95f48a16849ab6bebc68fbbfcb74a,2026_01_MIA_LV,2026.0,1.0,2026-09-13T20:25:00Z,6543.40961535,MIA,LV,betmgm,BetMGM,2026-09-09T07:21:01Z,34.423079,150.0,-185.0,0.4,0.6491228070175439,0.04912280701754401,0.6187290969899665,LV,3.5,-110,-3.5,-108,40.5,-112,-105
2026-09-09T07:21:35Z,SCHEDULED_FULL,c5d95f48a16849ab6bebc68fbbfcb74a,2026_01_MIA_LV,2026.0,1.0,2026-09-13T20:25:00Z,6543.40961535,MIA,LV,bovada,Bovada,2026-09-09T07:21:32Z,3.423079,165.0,-195.0,0.37735849056603776,0.6610169491525424,0.03837543971858004,0.6365876193409301,LV,3.5,-110,-3.5,-110,41.0,-105,-115
2026-09-09T07:21:35Z,SCHEDULED_FULL,c5d95f48a16849ab6bebc68fbbfcb74a,2026_01_MIA_LV,2026.0,1.0,2026-09-13T20:25:00Z,6543.40961535,MIA,LV,pinnacle,Pinnacle,2026-09-09T07:21:29Z,6.4230789999999995,164.0,-188.0,0.3787878787878788,0.6527777777777778,0.031565656565656575,0.6328029375764994,LV,3.5,-108,-3.5,-104,40.5,-114,-103
2026-09-09T07:21:35Z,SCHEDULED_FULL,c5d95f48a16849ab6bebc68fbbfcb74a,2026_01_MIA_LV,2026.0,1.0,2026-09-13T20:25:00Z,6543.40961535,MIA,LV,mybookieag,MyBookie.ag,2026-09-09T07:20:16Z,79.423079,149.0,-193.0,0.40160642570281124,0.658703071672355,0.06030949737516611,0.6212366043150588,LV,3.5,-110,-3.5,-110,40.5,-110,-110
2026-09-09T07:21:35Z,SCHEDULED_FULL,17885cb8dcade8f6c3bce14b2de805e8,2026_01_WAS_PHI,2026.0,1.0,2026-09-13T20:25:00Z,6543.40961535,WAS,PHI,draftkings,DraftKings,2026-09-09T07:20:51Z,44.423079,180.0,-218.0,0.35714285714285715,0.6855345911949685,0.04267744833782561,0.6574752261956054,PHI,5.5,-112,-5.5,-108,44.5,-105,-115
2026-09-09T07:21:35Z,SCHEDULED_FULL,17885cb8dcade8f6c3bce14b2de805e8,2026_01_WAS_PHI,2026.0,1.0,2026-09-13T20:25:00Z,6543.40961535,WAS,PHI,fanduel,FanDuel,2026-09-09T07:20:39Z,56.423079,194.0,-235.0,0.3401360544217687,0.7014925373134329,0.0416285917352015,0.6734574519933717,PHI,5.5,-115,-5.5,-105,44.5,-112,-108
2026-09-09T07:21:35Z,SCHEDULED_FULL,17885cb8dcade8f6c3bce14b2de805e8,2026_01_WAS_PHI,2026.0,1.0,2026-09-13T20:25:00Z,6543.40961535,WAS,PHI,betus,BetUS,2026-09-09T07:21:33Z,2.423079,190.0,-225.0,0.3448275862068966,0.6923076923076923,0.037135278514588865,0.6675191815856777,PHI,4.5,-105,-4.5,-115,44.5,-105,-115
2026-09-09T07:21:35Z,SCHEDULED_FULL,17885cb8dcade8f6c3bce14b2de805e8,2026_01_WAS_PHI,2026.0,1.0,2026-09-13T20:25:00Z,6543.40961535,WAS,PHI,betrivers,BetRivers,2026-09-09T07:20:38Z,57.423079,170.0,-220.0,0.37037037037037035,0.6875,0.05787037037037024,0.6498905908096281,PHI,5.0,-110,-5.0,-110,44.5,-110,-110
2026-09-09T07:21:35Z,SCHEDULED_FULL,17885cb8dcade8f6c3bce14b2de805e8,2026_01_WAS_PHI,2026.0,1.0,2026-09-13T20:25:00Z,6543.40961535,WAS,PHI,betonlineag,BetOnline.ag,2026-09-09T07:20:59Z,36.423079,189.0,-225.0,0.3460207612456747,0.6923076923076923,0.038328453553367,0.6667521148423481,PHI,4.5,-107,-4.5,-113,44.5,-105,-115
2026-09-09T07:21:35Z,SCHEDULED_FULL,17885cb8dcade8f6c3bce14b2de805e8,2026_01_WAS_PHI,2026.0,1.0,2026-09-13T20:25:00Z,6543.40961535,WAS,PHI,lowvig,LowVig.ag,2026-09-09T07:21:00Z,35.423079,189.0,-225.0,0.3460207612456747,0.6923076923076923,0.038328453553367,0.6667521148423481,PHI,4.5,-102,-4.5,-108,44.5,-102,-113
2026-09-09T07:21:35Z,SCHEDULED_FULL,17885cb8dcade8f6c3bce14b2de805e8,2026_01_WAS_PHI,2026.0,1.0,2026-09-13T20:25:00Z,6543.40961535,WAS,PHI,betmgm,BetMGM,2026-09-09T07:21:01Z,34.423079,188.0,-225.0,0.3472222222222222,0.6923076923076923,0.03952991452991439,0.6659815005138747,PHI,5.0,-110,-5.0,-108,44.5,-110,-120
2026-09-09T07:21:35Z,SCHEDULED_FULL,17885cb8dcade8f6c3bce14b2de805e8,2026_01_WAS_PHI,2026.0,1.0,2026-09-13T20:25:00Z,6543.40961535,WAS,PHI,bovada,Bovada,2026-09-09T07:21:32Z,3.423079,190.0,-230.0,0.3448275862068966,0.696969696969697,0.04179728317659359,0.6690070210631895,PHI,4.5,-110,-4.5,-110,44.0,-115,-105
2026-09-09T07:21:35Z,SCHEDULED_FULL,17885cb8dcade8f6c3bce14b2de805e8,2026_01_WAS_PHI,2026.0,1.0,2026-09-13T20:25:00Z,6543.40961535,WAS,PHI,pinnacle,Pinnacle,2026-09-09T07:21:29Z,6.4230789999999995,193.0,-224.0,0.3412969283276451,0.691358024691358,0.03265495301900301,0.6694956748816713,PHI,4.5,-107,-4.5,-105,44.5,-103,-114
2026-09-09T07:21:35Z,SCHEDULED_FULL,17885cb8dcade8f6c3bce14b2de805e8,2026_01_WAS_PHI,2026.0,1.0,2026-09-13T20:25:00Z,6543.40961535,WAS,PHI,mybookieag,MyBookie.ag,2026-09-09T07:20:16Z,79.423079,181.0,-238.0,0.35587188612099646,0.7041420118343196,0.060013897955315976,0.6642762073144084,PHI,5.0,-110,-5.0,-110,44.5,-110,-110
2026-09-09T07:21:35Z,SCHEDULED_FULL,3e646c7479c57f5d9752d8c7dfe7059b,2026_01_DAL_NYG,2026.0,1.0,2026-09-14T00:20:00Z,6778.40961535,DAL,NYG,draftkings,DraftKings,2026-09-09T07:20:51Z,44.423079,-162.0,136.0,0.6183206106870229,0.423728813559322,0.042049424246344946,0.4066302458405761,DAL,-3.0,-108,3.0,-112,48.5,-105,-115
2026-09-09T07:21:35Z,SCHEDULED_FULL,3e646c7479c57f5d9752d8c7dfe7059b,2026_01_DAL_NYG,2026.0,1.0,2026-09-14T00:20:00Z,6778.40961535,DAL,NYG,fanduel,FanDuel,2026-09-09T07:20:39Z,56.423079,-154.0,130.0,0.6062992125984252,0.43478260869565216,0.041081821294077336,0.4176257809930944,DAL,-2.5,-115,2.5,-105,48.5,-105,-115
2026-09-09T07:21:35Z,SCHEDULED_FULL,3e646c7479c57f5d9752d8c7dfe7059b,2026_01_DAL_NYG,2026.0,1.0,2026-09-14T00:20:00Z,6778.40961535,DAL,NYG,betonlineag,BetOnline.ag,2026-09-09T07:20:59Z,36.423079,-158.0,138.0,0.6124031007751938,0.42016806722689076,0.032571168002084594,0.4069143902592896,DAL,-3.0,-107,3.0,-113,48.0,-110,-110
2026-09-09T07:21:35Z,SCHEDULED_FULL,3e646c7479c57f5d9752d8c7dfe7059b,2026_01_DAL_NYG,2026.0,1.0,2026-09-14T00:20:00Z,6778.40961535,DAL,NYG,betmgm,BetMGM,2026-09-09T07:21:01Z,34.423079,-160.0,138.0,0.6153846153846154,0.42016806722689076,0.03555268261150624,0.40574282147315854,DAL,-3.0,-108,3.0,-110,48.0,-110,-108
2026-09-09T07:21:35Z,SCHEDULED_FULL,3e646c7479c57f5d9752d8c7dfe7059b,2026_01_DAL_NYG,2026.0,1.0,2026-09-14T00:20:00Z,6778.40961535,DAL,NYG,lowvig,LowVig.ag,2026-09-09T07:21:00Z,35.423079,-158.0,138.0,0.6124031007751938,0.42016806722689076,0.032571168002084594,0.4069143902592896,DAL,-3.0,-102,3.0,-108,48.0,-107,-107
2026-09-09T07:21:35Z,SCHEDULED_FULL,3e646c7479c57f5d9752d8c7dfe7059b,2026_01_DAL_NYG,2026.0,1.0,2026-09-14T00:20:00Z,6778.40961535,DAL,NYG,betrivers,BetRivers,2026-09-09T07:20:38Z,57.423079,-159.0,130.0,0.6138996138996139,0.43478260869565216,0.04868222259526611,0.4145990075236113,DAL,-3.0,-108,3.0,-113,48.0,-112,-109
2026-09-09T07:21:35Z,SCHEDULED_FULL,3e646c7479c57f5d9752d8c7dfe7059b,2026_01_DAL_NYG,2026.0,1.0,2026-09-14T00:20:00Z,6778.40961535,DAL,NYG,bovada,Bovada,2026-09-09T07:21:32Z,3.423079,-165.0,140.0,0.6226415094339622,0.4166666666666667,0.03930817610062887,0.40090771558245086,DAL,-3.0,-105,3.0,-115,48.0,-110,-110
2026-09-09T07:21:35Z,SCHEDULED_FULL,3e646c7479c57f5d9752d8c7dfe7059b,2026_01_DAL_NYG,2026.0,1.0,2026-09-14T00:20:00Z,6778.40961535,DAL,NYG,betus,BetUS,2026-09-09T07:21:33Z,2.423079,-160.0,138.0,0.6153846153846154,0.42016806722689076,0.03555268261150624,0.40574282147315854,DAL,-3.0,-105,3.0,-115,48.0,-110,-110
2026-09-09T07:21:35Z,SCHEDULED_FULL,3e646c7479c57f5d9752d8c7dfe7059b,2026_01_DAL_NYG,2026.0,1.0,2026-09-14T00:20:00Z,6778.40961535,DAL,NYG,pinnacle,Pinnacle,2026-09-09T07:21:29Z,6.4230789999999995,-159.0,140.0,0.6138996138996139,0.4166666666666667,0.030566280566280524,0.40430846081798316,DAL,-2.5,-124,2.5,110,47.5,-116,100
2026-09-09T07:21:35Z,SCHEDULED_FULL,3e646c7479c57f5d9752d8c7dfe7059b,2026_01_DAL_NYG,2026.0,1.0,2026-09-14T00:20:00Z,6778.40961535,DAL,NYG,mybookieag,MyBookie.ag,2026-09-09T07:20:16Z,79.423079,-164.0,128.0,0.6212121212121212,0.43859649122807015,0.05980861244019131,0.41384499623777277,DAL,-3.0,100,3.0,-120,48.5,-110,-110
2026-09-09T07:21:35Z,SCHEDULED_FULL,5ad8135dc2b5f27de0b777acd317855a,2026_01_DEN_KC,2026.0,1.0,2026-09-15T00:15:00Z,8213.409615350001,DEN,KC,draftkings,DraftKings,2026-09-09T07:20:51Z,44.423079,130.0,-155.0,0.43478260869565216,0.6078431372549019,0.04262574595055413,0.5829926410466066,KC,2.5,100,-2.5,-120,43.5,-110,-110
2026-09-09T07:21:35Z,SCHEDULED_FULL,5ad8135dc2b5f27de0b777acd317855a,2026_01_DEN_KC,2026.0,1.0,2026-09-15T00:15:00Z,8213.409615350001,DEN,KC,fanduel,FanDuel,2026-09-09T07:20:39Z,56.423079,120.0,-142.0,0.45454545454545453,0.5867768595041323,0.04132231404958686,0.5634920634920635,KC,2.5,-105,-2.5,-115,43.5,-108,-112
2026-09-09T07:21:35Z,SCHEDULED_FULL,5ad8135dc2b5f27de0b777acd317855a,2026_01_DEN_KC,2026.0,1.0,2026-09-15T00:15:00Z,8213.409615350001,DEN,KC,lowvig,LowVig.ag,2026-09-09T07:21:00Z,35.423079,125.0,-145.0,0.4444444444444444,0.5918367346938775,0.03628117913832196,0.5711159737417943,KC,2.5,101,-2.5,-112,43.5,-107,-107
2026-09-09T07:21:35Z,SCHEDULED_FULL,5ad8135dc2b5f27de0b777acd317855a,2026_01_DEN_KC,2026.0,1.0,2026-09-15T00:15:00Z,8213.409615350001,DEN,KC,betonlineag,BetOnline.ag,2026-09-09T07:20:59Z,36.423079,125.0,-145.0,0.4444444444444444,0.5918367346938775,0.03628117913832196,0.5711159737417943,KC,2.5,-104,-2.5,-116,43.5,-110,-110
2026-09-09T07:21:35Z,SCHEDULED_FULL,5ad8135dc2b5f27de0b777acd317855a,2026_01_DEN_KC,2026.0,1.0,2026-09-15T00:15:00Z,8213.409615350001,DEN,KC,betmgm,BetMGM,2026-09-09T07:21:01Z,34.423079,125.0,-145.0,0.4444444444444444,0.5918367346938775,0.03628117913832196,0.5711159737417943,KC,2.5,-102,-2.5,-118,43.5,-110,-108
2026-09-09T07:21:35Z,SCHEDULED_FULL,5ad8135dc2b5f27de0b777acd317855a,2026_01_DEN_KC,2026.0,1.0,2026-09-15T00:15:00Z,8213.409615350001,DEN,KC,bovada,Bovada,2026-09-09T07:21:32Z,3.423079,125.0,-145.0,0.4444444444444444,0.5918367346938775,0.03628117913832196,0.5711159737417943,KC,2.5,100,-2.5,-120,44.0,-105,-115
2026-09-09T07:21:35Z,SCHEDULED_FULL,5ad8135dc2b5f27de0b777acd317855a,2026_01_DEN_KC,2026.0,1.0,2026-09-15T00:15:00Z,8213.409615350001,DEN,KC,betus,BetUS,2026-09-09T07:21:33Z,2.423079,125.0,-145.0,0.4444444444444444,0.5918367346938775,0.03628117913832196,0.5711159737417943,KC,2.0,100,-2.0,-120,43.5,-110,-110
2026-09-09T07:21:35Z,SCHEDULED_FULL,5ad8135dc2b5f27de0b777acd317855a,2026_01_DEN_KC,2026.0,1.0,2026-09-15T00:15:00Z,8213.409615350001,DEN,KC,betrivers,BetRivers,2026-09-09T07:20:38Z,57.423079,114.0,-143.0,0.4672897196261682,0.588477366255144,0.055767085881312184,0.5573931732905906,KC,2.5,-107,-2.5,-114,43.5,-109,-112
2026-09-09T07:21:35Z,SCHEDULED_FULL,5ad8135dc2b5f27de0b777acd317855a,2026_01_DEN_KC,2026.0,1.0,2026-09-15T00:15:00Z,8213.409615350001,DEN,KC,pinnacle,Pinnacle,2026-09-09T07:21:29Z,6.4230789999999995,128.0,-145.0,0.43859649122807015,0.5918367346938775,0.03043322592194775,0.574357192494788,KC,3.0,-121,-3.0,107,44.0,-105,-111
2026-09-09T07:21:35Z,SCHEDULED_FULL,5ad8135dc2b5f27de0b777acd317855a,2026_01_DEN_KC,2026.0,1.0,2026-09-15T00:15:00Z,8213.409615350001,DEN,KC,mybookieag,MyBookie.ag,2026-09-09T07:20:16Z,79.423079,120.0,-153.0,0.45454545454545453,0.6047430830039525,0.059288537549406994,0.5708955223880597,KC,2.5,-105,-2.5,-115,43.5,-110,-110
2026-09-09T07:21:35Z,SCHEDULED_FULL,56e8897681915f7ec92baeee952bb1ae,odds_56e8897681915f7ec92baeee952bb1ae,,,2026-09-18T00:15:00Z,12533.409615350001,DET,BUF,draftkings,DraftKings,2026-09-09T07:20:51Z,44.423079,136.0,-162.0,0.423728813559322,0.6183206106870229,0.042049424246344946,0.593369754159424,BUF,3.0,-110,-3.0,-110,52.5,-105,-115
2026-09-09T07:21:35Z,SCHEDULED_FULL,56e8897681915f7ec92baeee952bb1ae,odds_56e8897681915f7ec92baeee952bb1ae,,,2026-09-18T00:15:00Z,12533.409615350001,DET,BUF,fanduel,FanDuel,2026-09-09T07:20:39Z,56.423079,164.0,-196.0,0.3787878787878788,0.6621621621621622,0.040950040950040956,0.6361132966168371,BUF,3.5,-110,-3.5,-110,52.5,-110,-110
2026-09-09T07:21:35Z,SCHEDULED_FULL,56e8897681915f7ec92baeee952bb1ae,odds_56e8897681915f7ec92baeee952bb1ae,,,2026-09-18T00:15:00Z,12533.409615350001,DET,BUF,betonlineag,BetOnline.ag,2026-09-09T07:20:59Z,36.423079,,,,,,,,3.0,-110,-3.0,-110,51.5,-110,-110
2026-09-09T07:21:35Z,SCHEDULED_FULL,56e8897681915f7ec92baeee952bb1ae,odds_56e8897681915f7ec92baeee952bb1ae,,,2026-09-18T00:15:00Z,12533.409615350001,DET,BUF,lowvig,LowVig.ag,2026-09-09T07:21:00Z,35.423079,,,,,,,,3.0,-105,-3.0,-105,51.5,-107,-107
2026-09-09T07:21:35Z,SCHEDULED_FULL,56e8897681915f7ec92baeee952bb1ae,odds_56e8897681915f7ec92baeee952bb1ae,,,2026-09-18T00:15:00Z,12533.409615350001,DET,BUF,betrivers,BetRivers,2026-09-09T07:20:38Z,57.423079,138.0,-175.0,0.42016806722689076,0.6363636363636364,0.05653170359052706,0.6023138105567607,BUF,3.0,-109,-3.0,-112,52.5,-109,-112
2026-09-09T07:21:35Z,SCHEDULED_FULL,56e8897681915f7ec92baeee952bb1ae,odds_56e8897681915f7ec92baeee952bb1ae,,,2026-09-18T00:15:00Z,12533.409615350001,DET,BUF,betus,BetUS,2026-09-09T07:21:33Z,2.423079,,,,,,,,3.0,-110,-3.0,-110,51.5,-110,-110
2026-09-09T07:21:35Z,SCHEDULED_FULL,aee7eae1849ebb103b9bf233e9741392,odds_aee7eae1849ebb103b9bf233e9741392,,,2026-09-20T17:00:00Z,16418.40961535,CAR,ATL,draftkings,DraftKings,2026-09-09T07:20:51Z,44.423079,105.0,-125.0,0.4878048780487805,0.5555555555555556,0.04336043360433606,0.5324675324675325,ATL,1.5,-110,-1.5,-110,44.5,-102,-118
2026-09-09T07:21:35Z,SCHEDULED_FULL,aee7eae1849ebb103b9bf233e9741392,odds_aee7eae1849ebb103b9bf233e9741392,,,2026-09-20T17:00:00Z,16418.40961535,CAR,ATL,betus,BetUS,2026-09-09T07:21:33Z,2.423079,,,,,,,,1.5,-110,-1.5,-110,44.0,-110,-110
2026-09-09T07:21:35Z,SCHEDULED_FULL,aee7eae1849ebb103b9bf233e9741392,odds_aee7eae1849ebb103b9bf233e9741392,,,2026-09-20T17:00:00Z,16418.40961535,CAR,ATL,lowvig,LowVig.ag,2026-09-09T07:21:00Z,35.423079,,,,,,,,1.5,-105,-1.5,-105,44.0,-107,-107
2026-09-09T07:21:35Z,SCHEDULED_FULL,aee7eae1849ebb103b9bf233e9741392,odds_aee7eae1849ebb103b9bf233e9741392,,,2026-09-20T17:00:00Z,16418.40961535,CAR,ATL,betonlineag,BetOnline.ag,2026-09-09T07:20:59Z,36.423079,,,,,,,,1.5,-110,-1.5,-110,44.0,-110,-110
2026-09-09T07:21:35Z,SCHEDULED_FULL,aee7eae1849ebb103b9bf233e9741392,odds_aee7eae1849ebb103b9bf233e9741392,,,2026-09-20T17:00:00Z,16418.40961535,CAR,ATL,fanduel,FanDuel,2026-09-09T07:20:39Z,56.423079,102.0,-120.0,0.49504950495049505,0.5454545454545454,0.04050405040504046,0.5242214532871973,ATL,1.5,-114,-1.5,-106,43.5,-110,-110
2026-09-09T07:21:35Z,SCHEDULED_FULL,2143ade9684fd876b68a4e8cbf451f05,odds_2143ade9684fd876b68a4e8cbf451f05,,,2026-09-20T17:00:00Z,16418.40961535,NO,BAL,draftkings,DraftKings,2026-09-09T07:20:51Z,44.423079,280.0,-355.0,0.2631578947368421,0.7802197802197802,0.04337767495662237,0.7477827050997783,BAL,7.5,-110,-7.5,-110,46.5,-110,-110
2026-09-09T07:21:35Z,SCHEDULED_FULL,2143ade9684fd876b68a4e8cbf451f05,odds_2143ade9684fd876b68a4e8cbf451f05,,,2026-09-20T17:00:00Z,16418.40961535,NO,BAL,betus,BetUS,2026-09-09T07:21:33Z,2.423079,,,,,,,,7.5,-110,-7.5,-110,46.5,-110,-110
2026-09-09T07:21:35Z,SCHEDULED_FULL,2143ade9684fd876b68a4e8cbf451f05,odds_2143ade9684fd876b68a4e8cbf451f05,,,2026-09-20T17:00:00Z,16418.40961535,NO,BAL,lowvig,LowVig.ag,2026-09-09T07:21:00Z,35.423079,,,,,,,,7.5,-105,-7.5,-105,46.5,-107,-107
2026-09-09T07:21:35Z,SCHEDULED_FULL,2143ade9684fd876b68a4e8cbf451f05,odds_2143ade9684fd876b68a4e8cbf451f05,,,2026-09-20T17:00:00Z,16418.40961535,NO,BAL,betonlineag,BetOnline.ag,2026-09-09T07:20:59Z,36.423079,,,,,,,,7.5,-110,-7.5,-110,46.5,-110,-110
2026-09-09T07:21:35Z,SCHEDULED_FULL,2143ade9684fd876b68a4e8cbf451f05,odds_2143ade9684fd876b68a4e8cbf451f05,,,2026-09-20T17:00:00Z,16418.40961535,NO,BAL,fanduel,FanDuel,2026-09-09T07:20:39Z,56.423079,360.0,-460.0,0.21739130434782608,0.8214285714285714,0.03881987577639756,0.7907324364723467,BAL,8.5,-118,-8.5,-104,46.5,-118,-104
2026-09-09T07:21:35Z,SCHEDULED_FULL,0283a29e1b38ef78b29b904fd56a16dd,odds_0283a29e1b38ef78b29b904fd56a16dd,,,2026-09-20T17:00:00Z,16418.40961535,MIN,CHI,draftkings,DraftKings,2026-09-09T07:20:51Z,44.423079,140.0,-166.0,0.4166666666666667,0.6240601503759399,0.0407268170426065,0.5996387718242023,CHI,3.0,-110,-3.0,-110,45.5,-110,-110
2026-09-09T07:21:35Z,SCHEDULED_FULL,0283a29e1b38ef78b29b904fd56a16dd,odds_0283a29e1b38ef78b29b904fd56a16dd,,,2026-09-20T17:00:00Z,16418.40961535,MIN,CHI,lowvig,LowVig.ag,2026-09-09T07:21:00Z,35.423079,,,,,,,,3.5,-110,-3.5,100,45.5,-107,-107
2026-09-09T07:21:35Z,SCHEDULED_FULL,0283a29e1b38ef78b29b904fd56a16dd,odds_0283a29e1b38ef78b29b904fd56a16dd,,,2026-09-20T17:00:00Z,16418.40961535,MIN,CHI,betonlineag,BetOnline.ag,2026-09-09T07:20:59Z,36.423079,,,,,,,,3.5,-115,-3.5,-105,45.5,-110,-110
2026-09-09T07:21:35Z,SCHEDULED_FULL,0283a29e1b38ef78b29b904fd56a16dd,odds_0283a29e1b38ef78b29b904fd56a16dd,,,2026-09-20T17:00:00Z,16418.40961535,MIN,CHI,betus,BetUS,2026-09-09T07:21:33Z,2.423079,,,,,,,,3.5,-115,-3.5,-105,45.5,-110,-110
2026-09-09T07:21:35Z,SCHEDULED_FULL,0283a29e1b38ef78b29b904fd56a16dd,odds_0283a29e1b38ef78b29b904fd56a16dd,,,2026-09-20T17:00:00Z,16418.40961535,MIN,CHI,fanduel,FanDuel,2026-09-09T07:20:39Z,56.423079,138.0,-164.0,0.42016806722689076,0.6212121212121212,0.04138018843901192,0.5965276928719893,CHI,3.0,-110,-3.0,-110,46.5,-110,-110
2026-09-09T07:21:35Z,SCHEDULED_FULL,36ad2fa722f4915ef23d2c81351261de,odds_36ad2fa722f4915ef23d2c81351261de,,,2026-09-20T17:00:00Z,16418.40961535,CIN,HOU,draftkings,DraftKings,2026-09-09T07:20:51Z,44.423079,124.0,-148.0,0.44642857142857145,0.5967741935483871,0.04320276497695863,0.5720596355604638,HOU,2.5,-102,-2.5,-118,45.5,-110,-110
2026-09-09T07:21:35Z,SCHEDULED_FULL,36ad2fa722f4915ef23d2c81351261de,odds_36ad2fa722f4915ef23d2c81351261de,,,2026-09-20T17:00:00Z,16418.40961535,CIN,HOU,betus,BetUS,2026-09-09T07:21:33Z,2.423079,,,,,,,,3.0,-115,-3.0,-105,45.5,-110,-110
2026-09-09T07:21:35Z,SCHEDULED_FULL,36ad2fa722f4915ef23d2c81351261de,odds_36ad2fa722f4915ef23d2c81351261de,,,2026-09-20T17:00:00Z,16418.40961535,CIN,HOU,lowvig,LowVig.ag,2026-09-09T07:21:00Z,35.423079,,,,,,,,3.0,-108,-3.0,-102,46.5,-107,-107
2026-09-09T07:21:35Z,SCHEDULED_FULL,36ad2fa722f4915ef23d2c81351261de,odds_36ad2fa722f4915ef23d2c81351261de,,,2026-09-20T17:00:00Z,16418.40961535,CIN,HOU,betonlineag,BetOnline.ag,2026-09-09T07:20:59Z,36.423079,,,,,,,,3.0,-113,-3.0,-107,46.5,-110,-110
2026-09-09T07:21:35Z,SCHEDULED_FULL,36ad2fa722f4915ef23d2c81351261de,odds_36ad2fa722f4915ef23d2c81351261de,,,2026-09-20T17:00:00Z,16418.40961535,CIN,HOU,fanduel,FanDuel,2026-09-09T07:20:39Z,56.423079,116.0,-136.0,0.46296296296296297,0.576271186440678,0.039234149403641005,0.5545152521896708,HOU,2.5,-110,-2.5,-110,46.5,-110,-110
2026-09-09T07:21:35Z,SCHEDULED_FULL,0636ebff776d43f8c829a36713c80b22,odds_0636ebff776d43f8c829a36713c80b22,,,2026-09-20T17:00:00Z,16418.40961535,CLE,TB,draftkings,DraftKings,2026-09-09T07:20:51Z,44.423079,225.0,-278.0,0.3076923076923077,0.7354497354497355,0.043142043142043285,0.705033164260632,TB,6.5,-110,-6.5,-110,42.5,-110,-110
2026-09-09T07:21:35Z,SCHEDULED_FULL,0636ebff776d43f8c829a36713c80b22,odds_0636ebff776d43f8c829a36713c80b22,,,2026-09-20T17:00:00Z,16418.40961535,CLE,TB,betus,BetUS,2026-09-09T07:21:33Z,2.423079,,,,,,,,6.5,-110,-6.5,-110,41.5,-110,-110
2026-09-09T07:21:35Z,SCHEDULED_FULL,0636ebff776d43f8c829a36713c80b22,odds_0636ebff776d43f8c829a36713c80b22,,,2026-09-20T17:00:00Z,16418.40961535,CLE,TB,lowvig,LowVig.ag,2026-09-09T07:21:00Z,35.423079,,,,,,,,6.5,-105,-6.5,-105,42.0,-102,-113
2026-09-09T07:21:35Z,SCHEDULED_FULL,0636ebff776d43f8c829a36713c80b22,odds_0636ebff776d43f8c829a36713c80b22,,,2026-09-20T17:00:00Z,16418.40961535,CLE,TB,betonlineag,BetOnline.ag,2026-09-09T07:20:59Z,36.423079,,,,,,,,6.5,-110,-6.5,-110,42.0,-105,-115
2026-09-09T07:21:35Z,SCHEDULED_FULL,0636ebff776d43f8c829a36713c80b22,odds_0636ebff776d43f8c829a36713c80b22,,,2026-09-20T17:00:00Z,16418.40961535,CLE,TB,fanduel,FanDuel,2026-09-09T07:20:39Z,56.423079,265.0,-330.0,0.273972602739726,0.7674418604651163,0.04141446320484232,0.7369226063016213,TB,6.5,-105,-6.5,-115,40.5,-105,-115
2026-09-09T07:21:35Z,SCHEDULED_FULL,4aeee070bb6ec60bdfae4dede61b9014,odds_4aeee070bb6ec60bdfae4dede61b9014,,,2026-09-20T17:00:00Z,16418.40961535,GB,NYJ,draftkings,DraftKings,2026-09-09T07:20:51Z,44.423079,-245.0,200.0,0.7101449275362319,0.3333333333333333,0.04347826086956519,0.3194444444444444,GB,-5.5,-110,5.5,-110,42.5,-110,-110
2026-09-09T07:21:35Z,SCHEDULED_FULL,4aeee070bb6ec60bdfae4dede61b9014,odds_4aeee070bb6ec60bdfae4dede61b9014,,,2026-09-20T17:00:00Z,16418.40961535,GB,NYJ,lowvig,LowVig.ag,2026-09-09T07:21:00Z,35.423079,,,,,,,,-5.5,-105,5.5,-105,42.5,-107,-107
2026-09-09T07:21:35Z,SCHEDULED_FULL,4aeee070bb6ec60bdfae4dede61b9014,odds_4aeee070bb6ec60bdfae4dede61b9014,,,2026-09-20T17:00:00Z,16418.40961535,GB,NYJ,betonlineag,BetOnline.ag,2026-09-09T07:20:59Z,36.423079,,,,,,,,-5.5,-110,5.5,-110,42.5,-110,-110
2026-09-09T07:21:35Z,SCHEDULED_FULL,4aeee070bb6ec60bdfae4dede61b9014,odds_4aeee070bb6ec60bdfae4dede61b9014,,,2026-09-20T17:00:00Z,16418.40961535,GB,NYJ,betus,BetUS,2026-09-09T07:21:33Z,2.423079,,,,,,,,-5.5,-110,5.5,-110,42.5,-110,-110
2026-09-09T07:21:35Z,SCHEDULED_FULL,4aeee070bb6ec60bdfae4dede61b9014,odds_4aeee070bb6ec60bdfae4dede61b9014,,,2026-09-20T17:00:00Z,16418.40961535,GB,NYJ,fanduel,FanDuel,2026-09-09T07:20:39Z,56.423079,-245.0,200.0,0.7101449275362319,0.3333333333333333,0.04347826086956519,0.3194444444444444,GB,-5.5,-110,5.5,-110,42.5,-118,-104
2026-09-09T07:21:35Z,SCHEDULED_FULL,9d14f87600f6edc74dbcb5c74edf6246,odds_9d14f87600f6edc74dbcb5c74edf6246,,,2026-09-20T17:00:00Z,16418.40961535,PIT,NE,draftkings,DraftKings,2026-09-09T07:20:51Z,44.423079,180.0,-218.0,0.35714285714285715,0.6855345911949685,0.04267744833782561,0.6574752261956054,NE,4.5,-110,-4.5,-110,43.5,-110,-110
2026-09-09T07:21:35Z,SCHEDULED_FULL,9d14f87600f6edc74dbcb5c74edf6246,odds_9d14f87600f6edc74dbcb5c74edf6246,,,2026-09-20T17:00:00Z,16418.40961535,PIT,NE,betus,BetUS,2026-09-09T07:21:33Z,2.423079,,,,,,,,5.0,-105,-5.0,-115,43.0,-110,-110
2026-09-09T07:21:35Z,SCHEDULED_FULL,9d14f87600f6edc74dbcb5c74edf6246,odds_9d14f87600f6edc74dbcb5c74edf6246,,,2026-09-20T17:00:00Z,16418.40961535,PIT,NE,lowvig,LowVig.ag,2026-09-09T07:21:00Z,35.423079,,,,,,,,5.0,100,-5.0,-110,43.0,-107,-107
2026-09-09T07:21:35Z,SCHEDULED_FULL,9d14f87600f6edc74dbcb5c74edf6246,odds_9d14f87600f6edc74dbcb5c74edf6246,,,2026-09-20T17:00:00Z,16418.40961535,PIT,NE,betonlineag,BetOnline.ag,2026-09-09T07:20:59Z,36.423079,,,,,,,,5.0,-105,-5.0,-115,43.0,-110,-110
2026-09-09T07:21:35Z,SCHEDULED_FULL,9d14f87600f6edc74dbcb5c74edf6246,odds_9d14f87600f6edc74dbcb5c74edf6246,,,2026-09-20T17:00:00Z,16418.40961535,PIT,NE,fanduel,FanDuel,2026-09-09T07:20:39Z,56.423079,198.0,-240.0,0.33557046979865773,0.7058823529411765,0.041452822739834305,0.6777862016679302,NE,5.5,-110,-5.5,-110,43.5,-105,-115
2026-09-09T07:21:35Z,SCHEDULED_FULL,fafc649c455e32a0f2ba1bd06e2039bc,odds_fafc649c455e32a0f2ba1bd06e2039bc,,,2026-09-20T17:00:00Z,16418.40961535,PHI,TEN,draftkings,DraftKings,2026-09-09T07:20:51Z,44.423079,-230.0,190.0,0.696969696969697,0.3448275862068966,0.04179728317659359,0.33099297893681046,PHI,-5.5,-110,5.5,-110,42.5,-110,-110
2026-09-09T07:21:35Z,SCHEDULED_FULL,fafc649c455e32a0f2ba1bd06e2039bc,odds_fafc649c455e32a0f2ba1bd06e2039bc,,,2026-09-20T17:00:00Z,16418.40961535,PHI,TEN,betus,BetUS,2026-09-09T07:21:33Z,2.423079,,,,,,,,-4.5,-110,4.5,-110,42.5,-110,-110
2026-09-09T07:21:35Z,SCHEDULED_FULL,fafc649c455e32a0f2ba1bd06e2039bc,odds_fafc649c455e32a0f2ba1bd06e2039bc,,,2026-09-20T17:00:00Z,16418.40961535,PHI,TEN,lowvig,LowVig.ag,2026-09-09T07:21:00Z,35.423079,,,,,,,,-4.5,-105,4.5,-105,42.5,-107,-107
2026-09-09T07:21:35Z,SCHEDULED_FULL,fafc649c455e32a0f2ba1bd06e2039bc,odds_fafc649c455e32a0f2ba1bd06e2039bc,,,2026-09-20T17:00:00Z,16418.40961535,PHI,TEN,betonlineag,BetOnline.ag,2026-09-09T07:20:59Z,36.423079,,,,,,,,-4.5,-110,4.5,-110,42.5,-110,-110
2026-09-09T07:21:35Z,SCHEDULED_FULL,fafc649c455e32a0f2ba1bd06e2039bc,odds_fafc649c455e32a0f2ba1bd06e2039bc,,,2026-09-20T17:00:00Z,16418.40961535,PHI,TEN,fanduel,FanDuel,2026-09-09T07:20:39Z,56.423079,-255.0,210.0,0.7183098591549296,0.3225806451612903,0.04089050431621999,0.3099083369707551,PHI,-5.5,-110,5.5,-110,41.5,-115,-105
2026-09-09T07:21:35Z,SCHEDULED_FULL,1fd6628c781f556a7a19638e97d7107f,odds_1fd6628c781f556a7a19638e97d7107f,,,2026-09-20T20:05:00Z,16603.40961535,JAX,DEN,draftkings,DraftKings,2026-09-09T07:20:51Z,44.423079,130.0,-155.0,0.43478260869565216,0.6078431372549019,0.04262574595055413,0.5829926410466066,DEN,3.0,-110,-3.0,-110,43.5,-110,-110
2026-09-09T07:21:35Z,SCHEDULED_FULL,1fd6628c781f556a7a19638e97d7107f,odds_1fd6628c781f556a7a19638e97d7107f,,,2026-09-20T20:05:00Z,16603.40961535,JAX,DEN,betus,BetUS,2026-09-09T07:21:33Z,2.423079,,,,,,,,3.0,-105,-3.0,-115,44.5,-110,-110
2026-09-09T07:21:35Z,SCHEDULED_FULL,1fd6628c781f556a7a19638e97d7107f,odds_1fd6628c781f556a7a19638e97d7107f,,,2026-09-20T20:05:00Z,16603.40961535,JAX,DEN,lowvig,LowVig.ag,2026-09-09T07:21:00Z,35.423079,,,,,,,,3.0,100,-3.0,-110,44.5,-107,-107
2026-09-09T07:21:35Z,SCHEDULED_FULL,1fd6628c781f556a7a19638e97d7107f,odds_1fd6628c781f556a7a19638e97d7107f,,,2026-09-20T20:05:00Z,16603.40961535,JAX,DEN,betonlineag,BetOnline.ag,2026-09-09T07:20:59Z,36.423079,,,,,,,,3.0,-105,-3.0,-115,44.5,-110,-110
2026-09-09T07:21:35Z,SCHEDULED_FULL,1fd6628c781f556a7a19638e97d7107f,odds_1fd6628c781f556a7a19638e97d7107f,,,2026-09-20T20:05:00Z,16603.40961535,JAX,DEN,fanduel,FanDuel,2026-09-09T07:20:39Z,56.423079,120.0,-142.0,0.45454545454545453,0.5867768595041323,0.04132231404958686,0.5634920634920635,DEN,2.5,-106,-2.5,-114,44.5,-118,-104
2026-09-09T07:21:35Z,SCHEDULED_FULL,71b3b83747589efdc5baef2c5cf811bf,odds_71b3b83747589efdc5baef2c5cf811bf,,,2026-09-20T20:05:00Z,16603.40961535,LV,LAC,draftkings,DraftKings,2026-09-09T07:20:51Z,44.423079,285.0,-360.0,0.2597402597402597,0.782608695652174,0.04234895539243366,0.7508125677139762,LAC,8.5,-110,-8.5,-110,42.5,-110,-110
2026-09-09T07:21:35Z,SCHEDULED_FULL,71b3b83747589efdc5baef2c5cf811bf,odds_71b3b83747589efdc5baef2c5cf811bf,,,2026-09-20T20:05:00Z,16603.40961535,LV,LAC,betus,BetUS,2026-09-09T07:21:33Z,2.423079,,,,,,,,8.5,-110,-8.5,-110,42.5,-110,-110
2026-09-09T07:21:35Z,SCHEDULED_FULL,71b3b83747589efdc5baef2c5cf811bf,odds_71b3b83747589efdc5baef2c5cf811bf,,,2026-09-20T20:05:00Z,16603.40961535,LV,LAC,lowvig,LowVig.ag,2026-09-09T07:21:00Z,35.423079,,,,,,,,8.5,-105,-8.5,-105,42.5,-107,-107
2026-09-09T07:21:35Z,SCHEDULED_FULL,71b3b83747589efdc5baef2c5cf811bf,odds_71b3b83747589efdc5baef2c5cf811bf,,,2026-09-20T20:05:00Z,16603.40961535,LV,LAC,betonlineag,BetOnline.ag,2026-09-09T07:20:59Z,36.423079,,,,,,,,8.5,-110,-8.5,-110,42.5,-110,-110
2026-09-09T07:21:35Z,SCHEDULED_FULL,71b3b83747589efdc5baef2c5cf811bf,odds_71b3b83747589efdc5baef2c5cf811bf,,,2026-09-20T20:05:00Z,16603.40961535,LV,LAC,fanduel,FanDuel,2026-09-09T07:20:39Z,56.423079,370.0,-480.0,0.2127659574468085,0.8275862068965517,0.0403521643433602,0.7954866008462623,LAC,8.5,-115,-8.5,-105,42.5,-118,-104
2026-09-09T07:21:35Z,SCHEDULED_FULL,4dd8020192a544385db42374e5555303,odds_4dd8020192a544385db42374e5555303,,,2026-09-20T20:25:00Z,16623.40961535,SEA,ARI,draftkings,DraftKings,2026-09-09T07:20:51Z,44.423079,-550.0,410.0,0.8461538461538461,0.19607843137254902,0.042232277526395245,0.18813314037626627,SEA,-10.0,-110,10.0,-110,44.5,-110,-110
2026-09-09T07:21:35Z,SCHEDULED_FULL,4dd8020192a544385db42374e5555303,odds_4dd8020192a544385db42374e5555303,,,2026-09-20T20:25:00Z,16623.40961535,SEA,ARI,betus,BetUS,2026-09-09T07:21:33Z,2.423079,,,,,,,,-10.0,-105,10.0,-115,44.5,-110,-110
2026-09-09T07:21:35Z,SCHEDULED_FULL,4dd8020192a544385db42374e5555303,odds_4dd8020192a544385db42374e5555303,,,2026-09-20T20:25:00Z,16623.40961535,SEA,ARI,lowvig,LowVig.ag,2026-09-09T07:21:00Z,35.423079,,,,,,,,-10.0,100,10.0,-110,44.5,-107,-107
2026-09-09T07:21:35Z,SCHEDULED_FULL,4dd8020192a544385db42374e5555303,odds_4dd8020192a544385db42374e5555303,,,2026-09-20T20:25:00Z,16623.40961535,SEA,ARI,betonlineag,BetOnline.ag,2026-09-09T07:20:59Z,36.423079,,,,,,,,-10.0,-105,10.0,-115,44.5,-110,-110
2026-09-09T07:21:35Z,SCHEDULED_FULL,4dd8020192a544385db42374e5555303,odds_4dd8020192a544385db42374e5555303,,,2026-09-20T20:25:00Z,16623.40961535,SEA,ARI,fanduel,FanDuel,2026-09-09T07:20:39Z,56.423079,-500.0,385.0,0.8333333333333334,0.20618556701030927,0.03951890034364269,0.1983471074380165,SEA,-9.5,-105,9.5,-115,44.5,-102,-120
2026-09-09T07:21:35Z,SCHEDULED_FULL,85ef85098ddd22fe4ecf45e7e3c0a9c0,odds_85ef85098ddd22fe4ecf45e7e3c0a9c0,,,2026-09-20T20:25:00Z,16623.40961535,WAS,DAL,draftkings,DraftKings,2026-09-09T07:20:51Z,44.423079,170.0,-205.0,0.37037037037037035,0.6721311475409836,0.042501517911353925,0.644729178800233,DAL,4.5,-115,-4.5,-105,51.5,-110,-110
2026-09-09T07:21:35Z,SCHEDULED_FULL,85ef85098ddd22fe4ecf45e7e3c0a9c0,odds_85ef85098ddd22fe4ecf45e7e3c0a9c0,,,2026-09-20T20:25:00Z,16623.40961535,WAS,DAL,betus,BetUS,2026-09-09T07:21:33Z,2.423079,,,,,,,,4.5,-115,-4.5,-105,51.5,-110,-110
2026-09-09T07:21:35Z,SCHEDULED_FULL,85ef85098ddd22fe4ecf45e7e3c0a9c0,odds_85ef85098ddd22fe4ecf45e7e3c0a9c0,,,2026-09-20T20:25:00Z,16623.40961535,WAS,DAL,lowvig,LowVig.ag,2026-09-09T07:21:00Z,35.423079,,,,,,,,4.5,-110,-4.5,100,51.5,-107,-107
2026-09-09T07:21:35Z,SCHEDULED_FULL,85ef85098ddd22fe4ecf45e7e3c0a9c0,odds_85ef85098ddd22fe4ecf45e7e3c0a9c0,,,2026-09-20T20:25:00Z,16623.40961535,WAS,DAL,betonlineag,BetOnline.ag,2026-09-09T07:20:59Z,36.423079,,,,,,,,4.5,-115,-4.5,-105,51.5,-110,-110
2026-09-09T07:21:35Z,SCHEDULED_FULL,85ef85098ddd22fe4ecf45e7e3c0a9c0,odds_85ef85098ddd22fe4ecf45e7e3c0a9c0,,,2026-09-20T20:25:00Z,16623.40961535,WAS,DAL,fanduel,FanDuel,2026-09-09T07:20:39Z,56.423079,190.0,-230.0,0.3448275862068966,0.696969696969697,0.04179728317659359,0.6690070210631895,DAL,4.5,-105,-4.5,-115,51.5,-115,-105
2026-09-09T07:21:35Z,SCHEDULED_FULL,68bc55903f50af4af4766adcc89fcc61,odds_68bc55903f50af4af4766adcc89fcc61,,,2026-09-20T20:25:00Z,16623.40961535,MIA,SF,draftkings,DraftKings,2026-09-09T07:20:51Z,44.423079,490.0,-675.0,0.1694915254237288,0.8709677419354839,0.04045926735921279,0.8370993168681029,SF,10.5,-110,-10.5,-110,46.5,-110,-110
2026-09-09T07:21:35Z,SCHEDULED_FULL,68bc55903f50af4af4766adcc89fcc61,odds_68bc55903f50af4af4766adcc89fcc61,,,2026-09-20T20:25:00Z,16623.40961535,MIA,SF,betus,BetUS,2026-09-09T07:21:33Z,2.423079,,,,,,,,10.5,-110,-10.5,-110,46.5,-110,-110
2026-09-09T07:21:35Z,SCHEDULED_FULL,68bc55903f50af4af4766adcc89fcc61,odds_68bc55903f50af4af4766adcc89fcc61,,,2026-09-20T20:25:00Z,16623.40961535,MIA,SF,lowvig,LowVig.ag,2026-09-09T07:21:00Z,35.423079,,,,,,,,10.5,-105,-10.5,-105,46.5,-107,-107
2026-09-09T07:21:35Z,SCHEDULED_FULL,68bc55903f50af4af4766adcc89fcc61,odds_68bc55903f50af4af4766adcc89fcc61,,,2026-09-20T20:25:00Z,16623.40961535,MIA,SF,betonlineag,BetOnline.ag,2026-09-09T07:20:59Z,36.423079,,,,,,,,10.5,-110,-10.5,-110,46.5,-110,-110
2026-09-09T07:21:35Z,SCHEDULED_FULL,68bc55903f50af4af4766adcc89fcc61,odds_68bc55903f50af4af4766adcc89fcc61,,,2026-09-20T20:25:00Z,16623.40961535,MIA,SF,fanduel,FanDuel,2026-09-09T07:20:39Z,56.423079,590.0,-850.0,0.14492753623188406,0.8947368421052632,0.03966437833714731,0.8606016140865737,SF,12.5,-110,-12.5,-110,45.5,-118,-104
2026-09-09T07:21:35Z,SCHEDULED_FULL,50bc247030707d823b9c3581d7eb5760,odds_50bc247030707d823b9c3581d7eb5760,,,2026-09-21T00:20:00Z,16858.40961535,IND,KC,draftkings,DraftKings,2026-09-09T07:20:51Z,44.423079,250.0,-310.0,0.2857142857142857,0.7560975609756098,0.04181184668989557,0.725752508361204,KC,6.5,-110,-6.5,-110,47.5,-110,-110
2026-09-09T07:21:35Z,SCHEDULED_FULL,50bc247030707d823b9c3581d7eb5760,odds_50bc247030707d823b9c3581d7eb5760,,,2026-09-21T00:20:00Z,16858.40961535,IND,KC,betus,BetUS,2026-09-09T07:21:33Z,2.423079,,,,,,,,6.5,-110,-6.5,-110,47.5,-110,-110
2026-09-09T07:21:35Z,SCHEDULED_FULL,50bc247030707d823b9c3581d7eb5760,odds_50bc247030707d823b9c3581d7eb5760,,,2026-09-21T00:20:00Z,16858.40961535,IND,KC,betonlineag,BetOnline.ag,2026-09-09T07:20:59Z,36.423079,,,,,,,,6.5,-110,-6.5,-110,47.5,-110,-110
2026-09-09T07:21:35Z,SCHEDULED_FULL,50bc247030707d823b9c3581d7eb5760,odds_50bc247030707d823b9c3581d7eb5760,,,2026-09-21T00:20:00Z,16858.40961535,IND,KC,lowvig,LowVig.ag,2026-09-09T07:21:00Z,35.423079,,,,,,,,6.5,-105,-6.5,-105,47.5,-107,-107
2026-09-09T07:21:35Z,SCHEDULED_FULL,50bc247030707d823b9c3581d7eb5760,odds_50bc247030707d823b9c3581d7eb5760,,,2026-09-21T00:20:00Z,16858.40961535,IND,KC,fanduel,FanDuel,2026-09-09T07:20:39Z,56.423079,205.0,-250.0,0.32786885245901637,0.7142857142857143,0.042154566744730726,0.6853932584269663,KC,5.5,-110,-5.5,-110,46.5,-110,-110
2026-09-09T07:21:35Z,SCHEDULED_FULL,32367f882fac1a0c20a6335619922025,odds_32367f882fac1a0c20a6335619922025,,,2026-09-22T00:15:00Z,18293.40961535,NYG,LA,draftkings,DraftKings,2026-09-09T07:20:51Z,44.423079,330.0,-425.0,0.23255813953488372,0.8095238095238095,0.042081949058693224,0.7768331562167907,LA,9.5,-105,-9.5,-115,48.5,-110,-110
2026-09-09T07:21:35Z,SCHEDULED_FULL,32367f882fac1a0c20a6335619922025,odds_32367f882fac1a0c20a6335619922025,,,2026-09-22T00:15:00Z,18293.40961535,NYG,LA,betus,BetUS,2026-09-09T07:21:33Z,2.423079,,,,,,,,8.5,-110,-8.5,-110,48.5,-110,-110
2026-09-09T07:21:35Z,SCHEDULED_FULL,32367f882fac1a0c20a6335619922025,odds_32367f882fac1a0c20a6335619922025,,,2026-09-22T00:15:00Z,18293.40961535,NYG,LA,betonlineag,BetOnline.ag,2026-09-09T07:20:59Z,36.423079,,,,,,,,8.5,-110,-8.5,-110,48.5,-110,-110
2026-09-09T07:21:35Z,SCHEDULED_FULL,32367f882fac1a0c20a6335619922025,odds_32367f882fac1a0c20a6335619922025,,,2026-09-22T00:15:00Z,18293.40961535,NYG,LA,lowvig,LowVig.ag,2026-09-09T07:21:00Z,35.423079,,,,,,,,8.5,-105,-8.5,-105,48.5,-107,-107
2026-09-09T07:21:35Z,SCHEDULED_FULL,32367f882fac1a0c20a6335619922025,odds_32367f882fac1a0c20a6335619922025,,,2026-09-22T00:15:00Z,18293.40961535,NYG,LA,fanduel,FanDuel,2026-09-09T07:20:39Z,56.423079,430.0,-590.0,0.18867924528301888,0.855072463768116,0.04375170905113479,0.819229761592874,LA,9.5,-104,-9.5,-118,47.5,-110,-110
2026-09-09T07:21:35Z,SCHEDULED_FULL,e5fbd3b3953b896b1bf897ddadb3cc4b,odds_e5fbd3b3953b896b1bf897ddadb3cc4b,,,2026-09-25T00:15:00Z,22613.40961535,ATL,GB,draftkings,DraftKings,2026-09-09T07:20:51Z,44.423079,295.0,-375.0,0.25316455696202533,0.7894736842105263,0.04263824117255166,0.7571884984025559,GB,7.5,-110,-7.5,-110,46.5,-110,-110
2026-09-09T07:21:35Z,SCHEDULED_FULL,e5fbd3b3953b896b1bf897ddadb3cc4b,odds_e5fbd3b3953b896b1bf897ddadb3cc4b,,,2026-09-25T00:15:00Z,22613.40961535,ATL,GB,betus,BetUS,2026-09-09T07:21:33Z,2.423079,,,,,,,,7.5,-110,-7.5,-110,46.5,-110,-110
2026-09-09T07:21:35Z,SCHEDULED_FULL,b225458a282e140c44c45651255f2f6c,odds_b225458a282e140c44c45651255f2f6c,,,2026-09-27T17:00:00Z,26498.40961535,LAC,BUF,draftkings,DraftKings,2026-09-09T07:20:51Z,44.423079,136.0,-162.0,0.423728813559322,0.6183206106870229,0.042049424246344946,0.593369754159424,BUF,3.0,-110,-3.0,-110,48.5,-110,-110
2026-09-09T07:21:35Z,SCHEDULED_FULL,613b8cd3a5fab58f7be4e3fd6f76223e,odds_613b8cd3a5fab58f7be4e3fd6f76223e,,,2026-09-27T17:00:00Z,26498.40961535,CAR,CLE,draftkings,DraftKings,2026-09-09T07:20:51Z,44.423079,-122.0,102.0,0.5495495495495496,0.49504950495049505,0.044599054500044755,0.4739134147382802,CAR,-1.5,-110,1.5,-110,39.5,-110,-110
2026-09-09T07:21:35Z,SCHEDULED_FULL,71123be049587b6facce3a20c53e5d09,odds_71123be049587b6facce3a20c53e5d09,,,2026-09-27T17:00:00Z,26498.40961535,CIN,PIT,draftkings,DraftKings,2026-09-09T07:20:51Z,44.423079,-125.0,105.0,0.5555555555555556,0.4878048780487805,0.04336043360433606,0.4675324675324675,CIN,-1.5,-110,1.5,-110,46.5,-118,-102
2026-09-09T07:21:35Z,SCHEDULED_FULL,71123be049587b6facce3a20c53e5d09,odds_71123be049587b6facce3a20c53e5d09,,,2026-09-27T17:00:00Z,26498.40961535,CIN,PIT,betus,BetUS,2026-09-09T07:21:33Z,2.423079,,,,,,,,-1.5,100,1.5,-120,47.5,-110,-110
2026-09-09T07:21:35Z,SCHEDULED_FULL,07f552badfa8a565d1be22123713e4da,odds_07f552badfa8a565d1be22123713e4da,,,2026-09-27T17:00:00Z,26498.40961535,NYJ,DET,draftkings,DraftKings,2026-09-09T07:20:51Z,44.423079,320.0,-410.0,0.23809523809523808,0.803921568627451,0.04201680672268915,0.771505376344086,DET,9.5,-110,-9.5,-110,45.5,-110,-110
2026-09-09T07:21:35Z,SCHEDULED_FULL,17a730b7d399feeab6a78c30767c29d2,odds_17a730b7d399feeab6a78c30767c29d2,,,2026-09-27T17:00:00Z,26498.40961535,HOU,IND,draftkings,DraftKings,2026-09-09T07:20:51Z,44.423079,-122.0,102.0,0.5495495495495496,0.49504950495049505,0.044599054500044755,0.4739134147382802,HOU,-1.5,-110,1.5,-110,45.5,-110,-110
2026-09-09T07:21:35Z,SCHEDULED_FULL,17a730b7d399feeab6a78c30767c29d2,odds_17a730b7d399feeab6a78c30767c29d2,,,2026-09-27T17:00:00Z,26498.40961535,HOU,IND,betus,BetUS,2026-09-09T07:21:33Z,2.423079,,,,,,,,-1.5,-115,1.5,-105,45.5,-110,-110
2026-09-09T07:21:35Z,SCHEDULED_FULL,0339a0e41bcee12820eb3e64bb5fadb4,odds_0339a0e41bcee12820eb3e64bb5fadb4,,,2026-09-27T17:00:00Z,26498.40961535,KC,MIA,draftkings,DraftKings,2026-09-09T07:20:51Z,44.423079,-440.0,340.0,0.8148148148148148,0.22727272727272727,0.04208754208754195,0.21809369951534735,KC,-7.5,-110,7.5,-110,44.5,-110,-110
2026-09-09T07:21:35Z,SCHEDULED_FULL,0339a0e41bcee12820eb3e64bb5fadb4,odds_0339a0e41bcee12820eb3e64bb5fadb4,,,2026-09-27T17:00:00Z,26498.40961535,KC,MIA,betus,BetUS,2026-09-09T07:21:33Z,2.423079,,,,,,,,-7.0,-115,7.0,-105,44.5,-110,-110
2026-09-09T07:21:35Z,SCHEDULED_FULL,555afd4a27aaa392662881cffa8f2eef,odds_555afd4a27aaa392662881cffa8f2eef,,,2026-09-27T17:00:00Z,26498.40961535,TEN,NYG,draftkings,DraftKings,2026-09-09T07:20:51Z,44.423079,140.0,-166.0,0.4166666666666667,0.6240601503759399,0.0407268170426065,0.5996387718242023,NYG,3.0,-105,-3.0,-115,44.5,-110,-110
2026-09-09T07:21:35Z,SCHEDULED_FULL,555afd4a27aaa392662881cffa8f2eef,odds_555afd4a27aaa392662881cffa8f2eef,,,2026-09-27T17:00:00Z,26498.40961535,TEN,NYG,betus,BetUS,2026-09-09T07:21:33Z,2.423079,,,,,,,,3.0,100,-3.0,-120,45.5,-110,-110
2026-09-09T07:21:35Z,SCHEDULED_FULL,2a529c108305ffa049d8b6cfdbaa4d36,odds_2a529c108305ffa049d8b6cfdbaa4d36,,,2026-09-27T17:00:00Z,26498.40961535,SEA,WAS,draftkings,DraftKings,2026-09-09T07:20:51Z,44.423079,-192.0,160.0,0.6575342465753424,0.38461538461538464,0.04214963119072701,0.3690596562184025,SEA,-3.5,-110,3.5,-110,46.5,-110,-110
2026-09-09T07:21:35Z,SCHEDULED_FULL,2a529c108305ffa049d8b6cfdbaa4d36,odds_2a529c108305ffa049d8b6cfdbaa4d36,,,2026-09-27T17:00:00Z,26498.40961535,SEA,WAS,betus,BetUS,2026-09-09T07:21:33Z,2.423079,,,,,,,,-3.5,-110,3.5,-110,46.5,-110,-110
2026-09-09T07:21:35Z,SCHEDULED_FULL,9d2b09e0f9b6dd5ce0d985894f4f98fa,odds_9d2b09e0f9b6dd5ce0d985894f4f98fa,,,2026-09-27T20:05:00Z,26683.40961535,ARI,SF,draftkings,DraftKings,2026-09-09T07:20:51Z,44.423079,470.0,-650.0,0.17543859649122806,0.8666666666666667,0.04210526315789487,0.8316498316498315,SF,11.5,-110,-11.5,-110,46.5,-110,-110
2026-09-09T07:21:35Z,SCHEDULED_FULL,9d2b09e0f9b6dd5ce0d985894f4f98fa,odds_9d2b09e0f9b6dd5ce0d985894f4f98fa,,,2026-09-27T20:05:00Z,26683.40961535,ARI,SF,betus,BetUS,2026-09-09T07:21:33Z,2.423079,,,,,,,,11.5,-110,-11.5,-110,46.5,-110,-110
2026-09-09T07:21:35Z,SCHEDULED_FULL,f1724dead3eab61546033032fc782375,odds_f1724dead3eab61546033032fc782375,,,2026-09-27T20:05:00Z,26683.40961535,MIN,TB,draftkings,DraftKings,2026-09-09T07:20:51Z,44.423079,105.0,-125.0,0.4878048780487805,0.5555555555555556,0.04336043360433606,0.5324675324675325,TB,1.5,-110,-1.5,-110,44.5,-110,-110
2026-09-09T07:21:35Z,SCHEDULED_FULL,f1724dead3eab61546033032fc782375,odds_f1724dead3eab61546033032fc782375,,,2026-09-27T20:05:00Z,26683.40961535,MIN,TB,betus,BetUS,2026-09-09T07:21:33Z,2.423079,,,,,,,,1.5,-110,-1.5,-110,44.5,-110,-110
2026-09-09T07:21:35Z,SCHEDULED_FULL,84cfca14efc21363fd605508404cf1ff,odds_84cfca14efc21363fd605508404cf1ff,,,2026-09-27T20:25:00Z,26703.40961535,BAL,DAL,draftkings,DraftKings,2026-09-09T07:20:51Z,44.423079,-135.0,114.0,0.574468085106383,0.4672897196261682,0.04175780473255131,0.448558885283451,BAL,-2.5,-110,2.5,-110,51.5,-110,-110
2026-09-09T07:21:35Z,SCHEDULED_FULL,84cfca14efc21363fd605508404cf1ff,odds_84cfca14efc21363fd605508404cf1ff,,,2026-09-27T20:25:00Z,26703.40961535,BAL,DAL,betus,BetUS,2026-09-09T07:21:33Z,2.423079,,,,,,,,-2.5,-110,2.5,-110,51.5,-110,-110
2026-09-09T07:21:35Z,SCHEDULED_FULL,2e523fcb0497aa689473e290eb2b97de,odds_2e523fcb0497aa689473e290eb2b97de,,,2026-09-27T20:25:00Z,26703.40961535,LV,NO,draftkings,DraftKings,2026-09-09T07:20:51Z,44.423079,154.0,-185.0,0.3937007874015748,0.6491228070175439,0.04282359441911865,0.6224665518611737,NO,3.5,-110,-3.5,-110,42.5,-110,-110
2026-09-09T07:21:35Z,SCHEDULED_FULL,3bfd8bfb4b8e9a365a0877879b73b16b,odds_3bfd8bfb4b8e9a365a0877879b73b16b,,,2026-09-28T00:20:00Z,26938.40961535,LA,DEN,draftkings,DraftKings,2026-09-09T07:20:51Z,44.423079,-155.0,130.0,0.6078431372549019,0.43478260869565216,0.04262574595055413,0.4170073589533933,LA,-3.0,-110,3.0,-110,45.5,-110,-110
2026-09-09T07:21:35Z,SCHEDULED_FULL,47dc7baa254659f3beb2ed2b38c207b6,odds_47dc7baa254659f3beb2ed2b38c207b6,,,2026-09-29T00:15:00Z,28373.40961535,PHI,CHI,draftkings,DraftKings,2026-09-09T07:20:51Z,44.423079,-102.0,-118.0,0.504950495049505,0.5412844036697247,0.04623489871922981,0.5173641257162701,CHI,1.5,-115,-1.5,-105,46.5,-110,-110
2026-09-09T07:21:35Z,SCHEDULED_FULL,d55cb69fed50a09170560b5b75d8de86,odds_d55cb69fed50a09170560b5b75d8de86,,,2026-10-02T00:15:00Z,32693.40961535,PIT,CLE,draftkings,DraftKings,2026-09-09T07:20:51Z,44.423079,-135.0,114.0,0.574468085106383,0.4672897196261682,0.04175780473255131,0.448558885283451,PIT,-2.5,-110,2.5,-110,40.5,-110,-110
2026-09-09T07:21:35Z,SCHEDULED_FULL,c9d8ed8aa4889486eaf10a630138ede0,odds_c9d8ed8aa4889486eaf10a630138ede0,,,2026-10-04T13:30:00Z,36368.40961535,IND,WAS,draftkings,DraftKings,2026-09-09T07:20:51Z,44.423079,-102.0,-118.0,0.504950495049505,0.5412844036697247,0.04623489871922981,0.5173641257162701,WAS,1.5,-115,-1.5,-105,50.5,-110,-110
2026-09-09T07:21:35Z,SCHEDULED_FULL,c9d8ed8aa4889486eaf10a630138ede0,odds_c9d8ed8aa4889486eaf10a630138ede0,,,2026-10-04T13:30:00Z,36368.40961535,IND,WAS,betus,BetUS,2026-09-09T07:21:33Z,2.423079,,,,,,,,1.5,-120,-1.5,100,48.5,-110,-110
2026-09-09T07:21:35Z,SCHEDULED_FULL,664e6bda5721dc63be16bcf7d962a436,odds_664e6bda5721dc63be16bcf7d962a436,,,2026-10-04T17:00:00Z,36578.40961535,ARI,NYG,draftkings,DraftKings,2026-09-09T07:20:51Z,44.423079,260.0,-325.0,0.2777777777777778,0.7647058823529411,0.0424836601307188,0.7335423197492164,NYG,7.0,-110,-7.0,-110,45.5,-110,-110
2026-09-09T07:21:35Z,SCHEDULED_FULL,664e6bda5721dc63be16bcf7d962a436,odds_664e6bda5721dc63be16bcf7d962a436,,,2026-10-04T17:00:00Z,36578.40961535,ARI,NYG,betus,BetUS,2026-09-09T07:21:33Z,2.423079,,,,,,,,7.0,-110,-7.0,-110,45.5,-110,-110
2026-09-09T07:21:35Z,SCHEDULED_FULL,f01589b0e7e6dd4f4ac1220a1db81f53,odds_f01589b0e7e6dd4f4ac1220a1db81f53,,,2026-10-04T17:00:00Z,36578.40961535,TEN,BAL,draftkings,DraftKings,2026-09-09T07:20:51Z,44.423079,310.0,-395.0,0.24390243902439024,0.797979797979798,0.04188223700418825,0.7659021045164341,BAL,8.5,-110,-8.5,-110,47.5,-110,-110
2026-09-09T07:21:35Z,SCHEDULED_FULL,f01589b0e7e6dd4f4ac1220a1db81f53,odds_f01589b0e7e6dd4f4ac1220a1db81f53,,,2026-10-04T17:00:00Z,36578.40961535,TEN,BAL,betus,BetUS,2026-09-09T07:21:33Z,2.423079,,,,,,,,8.5,-110,-8.5,-110,47.5,-110,-110
2026-09-09T07:21:35Z,SCHEDULED_FULL,573cc0ef39631a4f6673ec843a8bedd4,odds_573cc0ef39631a4f6673ec843a8bedd4,,,2026-10-04T17:00:00Z,36578.40961535,NE,BUF,draftkings,DraftKings,2026-09-09T07:20:51Z,44.423079,136.0,-162.0,0.423728813559322,0.6183206106870229,0.042049424246344946,0.593369754159424,BUF,3.0,-110,-3.0,-110,49.5,-110,-110
2026-09-09T07:21:35Z,SCHEDULED_FULL,164e6eb68f31bac190381903c3cccd31,odds_164e6eb68f31bac190381903c3cccd31,,,2026-10-04T17:00:00Z,36578.40961535,NYJ,CHI,draftkings,DraftKings,2026-09-09T07:20:51Z,44.423079,330.0,-425.0,0.23255813953488372,0.8095238095238095,0.042081949058693224,0.7768331562167907,CHI,8.5,-110,-8.5,-110,45.5,-110,-110
2026-09-09T07:21:35Z,SCHEDULED_FULL,2ea94ddf20f66432b9024fe2e2eaba5f,odds_2ea94ddf20f66432b9024fe2e2eaba5f,,,2026-10-04T17:00:00Z,36578.40961535,JAX,CIN,draftkings,DraftKings,2026-09-09T07:20:51Z,44.423079,114.0,-135.0,0.4672897196261682,0.574468085106383,0.04175780473255131,0.551441114716549,CIN,2.5,-110,-2.5,-110,51.5,-110,-110
2026-09-09T07:21:35Z,SCHEDULED_FULL,2ea94ddf20f66432b9024fe2e2eaba5f,odds_2ea94ddf20f66432b9024fe2e2eaba5f,,,2026-10-04T17:00:00Z,36578.40961535,JAX,CIN,betus,BetUS,2026-09-09T07:21:33Z,2.423079,,,,,,,,2.5,-110,-2.5,-110,51.5,-110,-110
2026-09-09T07:21:35Z,SCHEDULED_FULL,daf55e2df5341c007fee5a0fc5bbc2d4,odds_daf55e2df5341c007fee5a0fc5bbc2d4,,,2026-10-04T17:00:00Z,36578.40961535,DAL,HOU,draftkings,DraftKings,2026-09-09T07:20:51Z,44.423079,114.0,-135.0,0.4672897196261682,0.574468085106383,0.04175780473255131,0.551441114716549,HOU,2.5,-110,-2.5,-110,47.5,-110,-110
2026-09-09T07:21:35Z,SCHEDULED_FULL,daf55e2df5341c007fee5a0fc5bbc2d4,odds_daf55e2df5341c007fee5a0fc5bbc2d4,,,2026-10-04T17:00:00Z,36578.40961535,DAL,HOU,betus,BetUS,2026-09-09T07:21:33Z,2.423079,,,,,,,,2.5,-110,-2.5,-110,47.5,-110,-110
2026-09-09T07:21:35Z,SCHEDULED_FULL,99a9bae4dc0dc2590496bd3102b211f2,odds_99a9bae4dc0dc2590496bd3102b211f2,,,2026-10-04T17:00:00Z,36578.40961535,GB,TB,draftkings,DraftKings,2026-09-09T07:20:51Z,44.423079,-125.0,105.0,0.5555555555555556,0.4878048780487805,0.04336043360433606,0.4675324675324675,GB,-1.5,-110,1.5,-110,47.5,-110,-110
2026-09-09T07:21:35Z,SCHEDULED_FULL,99a9bae4dc0dc2590496bd3102b211f2,odds_99a9bae4dc0dc2590496bd3102b211f2,,,2026-10-04T17:00:00Z,36578.40961535,GB,TB,betus,BetUS,2026-09-09T07:21:33Z,2.423079,,,,,,,,-1.5,-110,1.5,-110,47.5,-110,-110
2026-09-09T07:21:35Z,SCHEDULED_FULL,1b4f2e60ce83fa1d63a5dff83769d27c,odds_1b4f2e60ce83fa1d63a5dff83769d27c,,,2026-10-04T17:00:00Z,36578.40961535,LA,PHI,draftkings,DraftKings,2026-09-09T07:20:51Z,44.423079,-125.0,105.0,0.5555555555555556,0.4878048780487805,0.04336043360433606,0.4675324675324675,LA,-1.5,-110,1.5,-110,47.5,-110,-110
2026-09-09T07:21:35Z,SCHEDULED_FULL,c327223d76a3b7b0db8c6c104442f44b,odds_c327223d76a3b7b0db8c6c104442f44b,,,2026-10-04T20:05:00Z,36763.40961535,MIA,MIN,draftkings,DraftKings,2026-09-09T07:20:51Z,44.423079,320.0,-410.0,0.23809523809523808,0.803921568627451,0.04201680672268915,0.771505376344086,MIN,7.5,-110,-7.5,-110,43.5,-110,-110
2026-09-09T07:21:35Z,SCHEDULED_FULL,c327223d76a3b7b0db8c6c104442f44b,odds_c327223d76a3b7b0db8c6c104442f44b,,,2026-10-04T20:05:00Z,36763.40961535,MIA,MIN,betus,BetUS,2026-09-09T07:21:33Z,2.423079,,,,,,,,7.5,-110,-7.5,-110,43.5,-110,-110
2026-09-09T07:21:35Z,SCHEDULED_FULL,a7e7efb75a9792ac63480ae6328dca18,odds_a7e7efb75a9792ac63480ae6328dca18,,,2026-10-04T20:25:00Z,36783.40961535,DEN,SF,draftkings,DraftKings,2026-09-09T07:20:51Z,44.423079,114.0,-135.0,0.4672897196261682,0.574468085106383,0.04175780473255131,0.551441114716549,SF,2.5,-110,-2.5,-110,46.5,-110,-110
2026-09-09T07:21:35Z,SCHEDULED_FULL,a7e7efb75a9792ac63480ae6328dca18,odds_a7e7efb75a9792ac63480ae6328dca18,,,2026-10-04T20:25:00Z,36783.40961535,DEN,SF,betus,BetUS,2026-09-09T07:21:33Z,2.423079,,,,,,,,2.5,-110,-2.5,-110,46.5,-110,-110
2026-09-09T07:21:35Z,SCHEDULED_FULL,e0cbd266dcf997089203a1b33ba0333d,odds_e0cbd266dcf997089203a1b33ba0333d,,,2026-10-04T20:25:00Z,36783.40961535,KC,LV,draftkings,DraftKings,2026-09-09T07:20:51Z,44.423079,-250.0,205.0,0.7142857142857143,0.32786885245901637,0.042154566744730726,0.31460674157303364,KC,-5.5,-110,5.5,-110,43.5,-110,-110
2026-09-09T07:21:35Z,SCHEDULED_FULL,96d2373cda647873b971f268482bced0,odds_96d2373cda647873b971f268482bced0,,,2026-10-04T20:25:00Z,36783.40961535,LAC,SEA,draftkings,DraftKings,2026-09-09T07:20:51Z,44.423079,145.0,-175.0,0.40816326530612246,0.6363636363636364,0.0445269016697587,0.6092362344582594,SEA,3.0,-105,-3.0,-115,45.5,-110,-110
2026-09-09T07:21:35Z,SCHEDULED_FULL,96d2373cda647873b971f268482bced0,odds_96d2373cda647873b971f268482bced0,,,2026-10-04T20:25:00Z,36783.40961535,LAC,SEA,betus,BetUS,2026-09-09T07:21:33Z,2.423079,,,,,,,,3.0,-110,-3.0,-110,45.5,-110,-110
2026-09-09T07:21:35Z,SCHEDULED_FULL,a73a76599a4f3422803e57bd8f61b626,odds_a73a76599a4f3422803e57bd8f61b626,,,2026-10-05T00:20:00Z,37018.40961535,DET,CAR,draftkings,DraftKings,2026-09-09T07:20:51Z,44.423079,-162.0,136.0,0.6183206106870229,0.423728813559322,0.042049424246344946,0.4066302458405761,DET,-3.0,-110,3.0,-110,47.5,-110,-110
2026-09-09T07:21:35Z,SCHEDULED_FULL,8bd90781e17e6d97df3941063cedae1e,odds_8bd90781e17e6d97df3941063cedae1e,,,2026-10-06T00:15:00Z,38453.40961535,ATL,NO,draftkings,DraftKings,2026-09-09T07:20:51Z,44.423079,114.0,-135.0,0.4672897196261682,0.574468085106383,0.04175780473255131,0.551441114716549,NO,2.5,-110,-2.5,-110,45.5,-115,-105
2026-09-09T07:21:35Z,SCHEDULED_FULL,8bd90781e17e6d97df3941063cedae1e,odds_8bd90781e17e6d97df3941063cedae1e,,,2026-10-06T00:15:00Z,38453.40961535,ATL,NO,betus,BetUS,2026-09-09T07:21:33Z,2.423079,,,,,,,,2.5,-110,-2.5,-110,45.5,-110,-110
2026-09-09T07:21:35Z,SCHEDULED_FULL,259b5df9aa0d10257f56de78523495e0,odds_259b5df9aa0d10257f56de78523495e0,,,2026-10-09T00:15:00Z,42773.40961535,TB,DAL,draftkings,DraftKings,2026-09-09T07:20:51Z,44.423079,170.0,-205.0,0.37037037037037035,0.6721311475409836,0.042501517911353925,0.644729178800233,DAL,3.5,-110,-3.5,-110,52.5,-110,-110
2026-09-09T07:21:35Z,SCHEDULED_FULL,259b5df9aa0d10257f56de78523495e0,odds_259b5df9aa0d10257f56de78523495e0,,,2026-10-09T00:15:00Z,42773.40961535,TB,DAL,betus,BetUS,2026-09-09T07:21:33Z,2.423079,,,,,,,,3.5,-110,-3.5,-110,52.5,-110,-110
2026-09-09T07:21:35Z,SCHEDULED_FULL,21b26266f3d78af02eb672e606275d95,odds_21b26266f3d78af02eb672e606275d95,,,2026-10-11T13:30:00Z,46448.40961535,PHI,JAX,draftkings,DraftKings,2026-09-09T07:20:51Z,44.423079,-125.0,105.0,0.5555555555555556,0.4878048780487805,0.04336043360433606,0.4675324675324675,PHI,-1.5,-110,1.5,-110,45.5,-110,-110
2026-09-09T07:21:35Z,SCHEDULED_FULL,21b26266f3d78af02eb672e606275d95,odds_21b26266f3d78af02eb672e606275d95,,,2026-10-11T13:30:00Z,46448.40961535,PHI,JAX,betus,BetUS,2026-09-09T07:21:33Z,2.423079,,,,,,,,-1.5,-115,1.5,-105,44.5,-110,-110
2026-09-09T07:21:35Z,SCHEDULED_FULL,c4647ca1201e6768501877267ca8251b,odds_c4647ca1201e6768501877267ca8251b,,,2026-10-11T17:00:00Z,46658.40961535,CIN,MIA,draftkings,DraftKings,2026-09-09T07:20:51Z,44.423079,-270.0,220.0,0.7297297297297297,0.3125,0.042229729729729826,0.299837925445705,CIN,-6.0,-110,6.0,-110,49.5,-110,-110
2026-09-09T07:21:35Z,SCHEDULED_FULL,c4647ca1201e6768501877267ca8251b,odds_c4647ca1201e6768501877267ca8251b,,,2026-10-11T17:00:00Z,46658.40961535,CIN,MIA,betus,BetUS,2026-09-09T07:21:33Z,2.423079,,,,,,,,-5.5,-110,5.5,-110,49.5,-110,-110
2026-09-09T07:21:35Z,SCHEDULED_FULL,9db4ed15fe34fca1fb62f040cd244591,odds_9db4ed15fe34fca1fb62f040cd244591,,,2026-10-11T17:00:00Z,46658.40961535,CLE,NYJ,draftkings,DraftKings,2026-09-09T07:20:51Z,44.423079,110.0,-130.0,0.47619047619047616,0.5652173913043478,0.04140786749482395,0.5427435387673957,NYJ,1.5,-105,-1.5,-115,39.5,-110,-110
2026-09-09T07:21:35Z,SCHEDULED_FULL,cc52bba56e74f5cddbe9011046181c3d,odds_cc52bba56e74f5cddbe9011046181c3d,,,2026-10-11T17:00:00Z,46658.40961535,HOU,TEN,draftkings,DraftKings,2026-09-09T07:20:51Z,44.423079,-185.0,154.0,0.6491228070175439,0.3937007874015748,0.04282359441911865,0.3775334481388264,HOU,-3.5,-110,3.5,-110,43.5,-110,-110
2026-09-09T07:21:35Z,SCHEDULED_FULL,cc52bba56e74f5cddbe9011046181c3d,odds_cc52bba56e74f5cddbe9011046181c3d,,,2026-10-11T17:00:00Z,46658.40961535,HOU,TEN,betus,BetUS,2026-09-09T07:21:33Z,2.423079,,,,,,,,-3.5,-110,3.5,-110,43.5,-110,-110
2026-09-09T07:21:35Z,SCHEDULED_FULL,448d7cf18c6db4c811ed82ded1b72867,odds_448d7cf18c6db4c811ed82ded1b72867,,,2026-10-11T17:00:00Z,46658.40961535,IND,PIT,draftkings,DraftKings,2026-09-09T07:20:51Z,44.423079,120.0,-142.0,0.45454545454545453,0.5867768595041323,0.04132231404958686,0.5634920634920635,PIT,2.5,-110,-2.5,-110,47.5,-110,-110
2026-09-09T07:21:35Z,SCHEDULED_FULL,448d7cf18c6db4c811ed82ded1b72867,odds_448d7cf18c6db4c811ed82ded1b72867,,,2026-10-11T17:00:00Z,46658.40961535,IND,PIT,betus,BetUS,2026-09-09T07:21:33Z,2.423079,,,,,,,,2.5,-110,-2.5,-110,47.5,-110,-110
2026-09-09T07:21:35Z,SCHEDULED_FULL,6b024bad1abb54f597225e4ab9b39d89,odds_6b024bad1abb54f597225e4ab9b39d89,,,2026-10-11T17:00:00Z,46658.40961535,LV,NE,draftkings,DraftKings,2026-09-09T07:20:51Z,44.423079,310.0,-395.0,0.24390243902439024,0.797979797979798,0.04188223700418825,0.7659021045164341,NE,8.5,-110,-8.5,-110,44.5,-110,-110
2026-09-09T07:21:35Z,SCHEDULED_FULL,2cda9bf0fbe35a2735f0dd8aaafe9eff,odds_2cda9bf0fbe35a2735f0dd8aaafe9eff,,,2026-10-11T17:00:00Z,46658.40961535,MIN,NO,draftkings,DraftKings,2026-09-09T07:20:51Z,44.423079,-125.0,105.0,0.5555555555555556,0.4878048780487805,0.04336043360433606,0.4675324675324675,MIN,-1.5,-110,1.5,-110,44.5,-110,-110
2026-09-09T07:21:35Z,SCHEDULED_FULL,2cda9bf0fbe35a2735f0dd8aaafe9eff,odds_2cda9bf0fbe35a2735f0dd8aaafe9eff,,,2026-10-11T17:00:00Z,46658.40961535,MIN,NO,betus,BetUS,2026-09-09T07:21:33Z,2.423079,,,,,,,,-1.5,-105,1.5,-115,44.5,-110,-110
2026-09-09T07:21:35Z,SCHEDULED_FULL,fbffd0b7722fd81d68d5d62472dc80e8,odds_fbffd0b7722fd81d68d5d62472dc80e8,,,2026-10-11T17:00:00Z,46658.40961535,NYG,WAS,draftkings,DraftKings,2026-09-09T07:20:51Z,44.423079,110.0,-130.0,0.47619047619047616,0.5652173913043478,0.04140786749482395,0.5427435387673957,WAS,1.5,-105,-1.5,-115,48.5,-110,-110
2026-09-09T07:21:35Z,SCHEDULED_FULL,fbffd0b7722fd81d68d5d62472dc80e8,odds_fbffd0b7722fd81d68d5d62472dc80e8,,,2026-10-11T17:00:00Z,46658.40961535,NYG,WAS,betus,BetUS,2026-09-09T07:21:33Z,2.423079,,,,,,,,2.5,-110,-2.5,-110,48.5,-110,-110
2026-09-09T07:21:35Z,SCHEDULED_FULL,d1d408fdfd272046fb517fe992a1c5a0,odds_d1d408fdfd272046fb517fe992a1c5a0,,,2026-10-11T20:05:00Z,46843.40961535,DEN,LAC,draftkings,DraftKings,2026-09-09T07:20:51Z,44.423079,114.0,-135.0,0.4672897196261682,0.574468085106383,0.04175780473255131,0.551441114716549,LAC,2.5,-110,-2.5,-110,44.5,-110,-110
2026-09-09T07:21:35Z,SCHEDULED_FULL,d1d408fdfd272046fb517fe992a1c5a0,odds_d1d408fdfd272046fb517fe992a1c5a0,,,2026-10-11T20:05:00Z,46843.40961535,DEN,LAC,betus,BetUS,2026-09-09T07:21:33Z,2.423079,,,,,,,,2.5,-110,-2.5,-110,44.5,-110,-110
2026-09-09T07:21:35Z,SCHEDULED_FULL,f8e7f43f73aa983c5c99c189587f0118,odds_f8e7f43f73aa983c5c99c189587f0118,,,2026-10-11T20:25:00Z,46863.40961535,DET,ARI,draftkings,DraftKings,2026-09-09T07:20:51Z,44.423079,-395.0,310.0,0.797979797979798,0.24390243902439024,0.04188223700418825,0.23409789548356585,DET,-8.5,-110,8.5,-110,48.5,-110,-110
2026-09-09T07:21:35Z,SCHEDULED_FULL,2caea57b1e5cfbba1334cfbfd46f6771,odds_2caea57b1e5cfbba1334cfbfd46f6771,,,2026-10-11T20:25:00Z,46863.40961535,CHI,GB,draftkings,DraftKings,2026-09-09T07:20:51Z,44.423079,140.0,-166.0,0.4166666666666667,0.6240601503759399,0.0407268170426065,0.5996387718242023,GB,3.0,-110,-3.0,-110,49.5,-110,-110
2026-09-09T07:21:35Z,SCHEDULED_FULL,8e5d515b10d8a5ffb324640ed60bcc55,odds_8e5d515b10d8a5ffb324640ed60bcc55,,,2026-10-11T20:25:00Z,46863.40961535,SF,SEA,draftkings,DraftKings,2026-09-09T07:20:51Z,44.423079,170.0,-205.0,0.37037037037037035,0.6721311475409836,0.042501517911353925,0.644729178800233,SEA,3.5,-110,-3.5,-110,48.5,-110,-110
2026-09-09T07:21:35Z,SCHEDULED_FULL,8e5d515b10d8a5ffb324640ed60bcc55,odds_8e5d515b10d8a5ffb324640ed60bcc55,,,2026-10-11T20:25:00Z,46863.40961535,SF,SEA,betus,BetUS,2026-09-09T07:21:33Z,2.423079,,,,,,,,3.5,-110,-3.5,-110,48.5,-110,-110
2026-09-09T07:21:35Z,SCHEDULED_FULL,86457f91112732f21ad4bb7d37bd291c,odds_86457f91112732f21ad4bb7d37bd291c,,,2026-10-12T00:20:00Z,47098.40961535,BAL,ATL,draftkings,DraftKings,2026-09-09T07:20:51Z,44.423079,-205.0,170.0,0.6721311475409836,0.37037037037037035,0.042501517911353925,0.35527082119976705,BAL,-4.5,-110,4.5,-110,48.5,-110,-110
2026-09-09T07:21:35Z,SCHEDULED_FULL,86457f91112732f21ad4bb7d37bd291c,odds_86457f91112732f21ad4bb7d37bd291c,,,2026-10-12T00:20:00Z,47098.40961535,BAL,ATL,betus,BetUS,2026-09-09T07:21:33Z,2.423079,,,,,,,,-4.5,-110,4.5,-110,48.5,-110,-110
2026-09-09T07:21:35Z,SCHEDULED_FULL,e6d00eedd87d367e510314bd8cab8f6f,odds_e6d00eedd87d367e510314bd8cab8f6f,,,2026-10-13T00:15:00Z,48533.40961535,BUF,LA,draftkings,DraftKings,2026-09-09T07:20:51Z,44.423079,140.0,-166.0,0.4166666666666667,0.6240601503759399,0.0407268170426065,0.5996387718242023,LA,3.0,-110,-3.0,-110,53.5,-110,-110
2026-09-09T07:21:35Z,SCHEDULED_FULL,855f58fad5f0f14b239f4f63df27998b,odds_855f58fad5f0f14b239f4f63df27998b,,,2026-10-16T00:15:00Z,52853.40961535,SEA,DEN,draftkings,DraftKings,2026-09-09T07:20:51Z,44.423079,-130.0,110.0,0.5652173913043478,0.47619047619047616,0.04140786749482395,0.4572564612326044,SEA,-2.5,-105,2.5,-115,43.5,-110,-110
2026-09-09T07:21:35Z,SCHEDULED_FULL,855f58fad5f0f14b239f4f63df27998b,odds_855f58fad5f0f14b239f4f63df27998b,,,2026-10-16T00:15:00Z,52853.40961535,SEA,DEN,betus,BetUS,2026-09-09T07:21:33Z,2.423079,,,,,,,,-2.5,-105,2.5,-115,43.5,-110,-110
2026-09-09T07:21:35Z,SCHEDULED_FULL,57418b2cf5aca558b3c98eafac1e264a,odds_57418b2cf5aca558b3c98eafac1e264a,,,2026-10-18T13:30:00Z,56528.40961535,HOU,JAX,draftkings,DraftKings,2026-09-09T07:20:51Z,44.423079,-108.0,-112.0,0.5192307692307693,0.5283018867924528,0.0475326560232221,0.5043297540699688,JAX,1.5,-122,-1.5,102,42.5,-110,-110
2026-09-09T07:21:35Z,SCHEDULED_FULL,57418b2cf5aca558b3c98eafac1e264a,odds_57418b2cf5aca558b3c98eafac1e264a,,,2026-10-18T13:30:00Z,56528.40961535,HOU,JAX,betus,BetUS,2026-09-09T07:21:33Z,2.423079,,,,,,,,-1.5,100,1.5,-120,41.5,-110,-110
2026-09-09T07:21:35Z,SCHEDULED_FULL,7c312fdf24fb35f58b0e07c2932cc997,odds_7c312fdf24fb35f58b0e07c2932cc997,,,2026-10-18T17:00:00Z,56738.40961535,CHI,ATL,draftkings,DraftKings,2026-09-09T07:20:51Z,44.423079,-155.0,130.0,0.6078431372549019,0.43478260869565216,0.04262574595055413,0.4170073589533933,CHI,-3.0,-110,3.0,-110,47.5,-110,-110
2026-09-09T07:21:35Z,SCHEDULED_FULL,e86227938fd3cf008fc5648fb5128344,odds_e86227938fd3cf008fc5648fb5128344,,,2026-10-18T17:00:00Z,56738.40961535,BAL,CLE,draftkings,DraftKings,2026-09-09T07:20:51Z,44.423079,-250.0,205.0,0.7142857142857143,0.32786885245901637,0.042154566744730726,0.31460674157303364,BAL,-6.5,-110,6.5,-110,44.5,-110,-110
2026-09-09T07:21:35Z,SCHEDULED_FULL,caca2d752fe1a1779029082e95332fcc,odds_caca2d752fe1a1779029082e95332fcc,,,2026-10-18T17:00:00Z,56738.40961535,CAR,PHI,draftkings,DraftKings,2026-09-09T07:20:51Z,44.423079,230.0,-285.0,0.30303030303030304,0.7402597402597403,0.04329004329004338,0.7095435684647302,PHI,6.5,-110,-6.5,-110,43.5,-110,-110
2026-09-09T07:21:35Z,SCHEDULED_FULL,caca2d752fe1a1779029082e95332fcc,odds_caca2d752fe1a1779029082e95332fcc,,,2026-10-18T17:00:00Z,56738.40961535,CAR,PHI,betus,BetUS,2026-09-09T07:21:33Z,2.423079,,,,,,,,6.5,-110,-6.5,-110,43.5,-110,-110
2026-09-09T07:21:35Z,SCHEDULED_FULL,84aa9e190e625d7e9cd67e1f157a45b4,odds_84aa9e190e625d7e9cd67e1f157a45b4,,,2026-10-18T17:00:00Z,56738.40961535,TEN,IND,draftkings,DraftKings,2026-09-09T07:20:51Z,44.423079,164.0,-198.0,0.3787878787878788,0.6644295302013423,0.043217408989220996,0.6369041816941223,IND,3.5,-110,-3.5,-110,47.5,-110,-110
2026-09-09T07:21:35Z,SCHEDULED_FULL,84aa9e190e625d7e9cd67e1f157a45b4,odds_84aa9e190e625d7e9cd67e1f157a45b4,,,2026-10-18T17:00:00Z,56738.40961535,TEN,IND,betus,BetUS,2026-09-09T07:21:33Z,2.423079,,,,,,,,3.5,-110,-3.5,-110,48.5,-110,-110
2026-09-09T07:21:35Z,SCHEDULED_FULL,0b0b582b32b09ab6ff6664ffae0c9653,odds_0b0b582b32b09ab6ff6664ffae0c9653,,,2026-10-18T17:00:00Z,56738.40961535,NYJ,NE,draftkings,DraftKings,2026-09-09T07:20:51Z,44.423079,330.0,-425.0,0.23255813953488372,0.8095238095238095,0.042081949058693224,0.7768331562167907,NE,9.5,-110,-9.5,-110,42.5,-110,-110
2026-09-09T07:21:35Z,SCHEDULED_FULL,1cf74afd313e9fd300e1462012b174cb,odds_1cf74afd313e9fd300e1462012b174cb,,,2026-10-18T17:00:00Z,56738.40961535,NO,NYG,draftkings,DraftKings,2026-09-09T07:20:51Z,44.423079,120.0,-142.0,0.45454545454545453,0.5867768595041323,0.04132231404958686,0.5634920634920635,NYG,2.5,-110,-2.5,-110,44.5,-110,-110
2026-09-09T07:21:35Z,SCHEDULED_FULL,1cf74afd313e9fd300e1462012b174cb,odds_1cf74afd313e9fd300e1462012b174cb,,,2026-10-18T17:00:00Z,56738.40961535,NO,NYG,betus,BetUS,2026-09-09T07:21:33Z,2.423079,,,,,,,,2.5,-105,-2.5,-115,45.5,-110,-110
2026-09-09T07:21:35Z,SCHEDULED_FULL,27f3994841ce8081c0b7349cf3d1e3d7,odds_27f3994841ce8081c0b7349cf3d1e3d7,,,2026-10-18T17:00:00Z,56738.40961535,PIT,TB,draftkings,DraftKings,2026-09-09T07:20:51Z,44.423079,105.0,-125.0,0.4878048780487805,0.5555555555555556,0.04336043360433606,0.5324675324675325,TB,1.5,-110,-1.5,-110,45.5,-110,-110
2026-09-09T07:21:35Z,SCHEDULED_FULL,27f3994841ce8081c0b7349cf3d1e3d7,odds_27f3994841ce8081c0b7349cf3d1e3d7,,,2026-10-18T17:00:00Z,56738.40961535,PIT,TB,betus,BetUS,2026-09-09T07:21:33Z,2.423079,,,,,,,,1.5,-110,-1.5,-110,45.5,-110,-110
2026-09-09T07:21:35Z,SCHEDULED_FULL,3729ac6d2a66b642850caf2044cdc658,odds_3729ac6d2a66b642850caf2044cdc658,,,2026-10-18T20:05:00Z,56923.40961535,ARI,LA,draftkings,DraftKings,2026-09-09T07:20:51Z,44.423079,525.0,-750.0,0.16,0.8823529411764706,0.04235294117647048,0.8465011286681716,LA,13.5,-108,-13.5,-112,47.5,-110,-110
2026-09-09T07:21:35Z,SCHEDULED_FULL,45b2690b350ed45145c7a716b18e8e66,odds_45b2690b350ed45145c7a716b18e8e66,,,2026-10-18T20:25:00Z,56943.40961535,BUF,LV,draftkings,DraftKings,2026-09-09T07:20:51Z,44.423079,-265.0,215.0,0.726027397260274,0.31746031746031744,0.04348771472059143,0.30423004792665137,BUF,-6.5,-110,6.5,-110,47.5,-110,-110
2026-09-09T07:21:35Z,SCHEDULED_FULL,20fefae8c296247460ba5773caa42218,odds_20fefae8c296247460ba5773caa42218,,,2026-10-18T20:25:00Z,56943.40961535,LAC,KC,draftkings,DraftKings,2026-09-09T07:20:51Z,44.423079,120.0,-142.0,0.45454545454545453,0.5867768595041323,0.04132231404958686,0.5634920634920635,KC,2.5,-110,-2.5,-110,46.5,-110,-110
2026-09-09T07:21:35Z,SCHEDULED_FULL,20fefae8c296247460ba5773caa42218,odds_20fefae8c296247460ba5773caa42218,,,2026-10-18T20:25:00Z,56943.40961535,LAC,KC,betus,BetUS,2026-09-09T07:21:33Z,2.423079,,,,,,,,2.5,-110,-2.5,-110,46.5,-110,-110
2026-09-09T07:21:35Z,SCHEDULED_FULL,82fd5a159fa130e67abab93a9537f70b,odds_82fd5a159fa130e67abab93a9537f70b,,,2026-10-19T00:20:00Z,57178.40961535,DAL,GB,draftkings,DraftKings,2026-09-09T07:20:51Z,44.423079,140.0,-166.0,0.4166666666666667,0.6240601503759399,0.0407268170426065,0.5996387718242023,GB,3.0,-110,-3.0,-110,51.5,-110,-110
2026-09-09T07:21:35Z,SCHEDULED_FULL,82fd5a159fa130e67abab93a9537f70b,odds_82fd5a159fa130e67abab93a9537f70b,,,2026-10-19T00:20:00Z,57178.40961535,DAL,GB,betus,BetUS,2026-09-09T07:21:33Z,2.423079,,,,,,,,3.0,-110,-3.0,-110,51.5,-110,-110
2026-09-09T07:21:35Z,SCHEDULED_FULL,f122527f003276d3bca19efa48c902c1,odds_f122527f003276d3bca19efa48c902c1,,,2026-10-20T00:15:00Z,58613.40961535,WAS,SF,draftkings,DraftKings,2026-09-09T07:20:51Z,44.423079,200.0,-245.0,0.3333333333333333,0.7101449275362319,0.04347826086956519,0.6805555555555556,SF,5.5,-110,-5.5,-110,50.5,-110,-110
2026-09-09T07:21:35Z,SCHEDULED_FULL,f122527f003276d3bca19efa48c902c1,odds_f122527f003276d3bca19efa48c902c1,,,2026-10-20T00:15:00Z,58613.40961535,WAS,SF,betus,BetUS,2026-09-09T07:21:33Z,2.423079,,,,,,,,5.5,-110,-5.5,-110,50.5,-110,-110
2026-09-09T07:21:35Z,SCHEDULED_FULL,ffebea881c1d7b2dfb85b3e590c35985,odds_ffebea881c1d7b2dfb85b3e590c35985,,,2026-10-23T00:15:00Z,62933.40961535,NE,CHI,draftkings,DraftKings,2026-09-09T07:20:51Z,44.423079,105.0,-125.0,0.4878048780487805,0.5555555555555556,0.04336043360433606,0.5324675324675325,CHI,1.5,-110,-1.5,-110,47.5,-110,-110
2026-09-09T07:21:35Z,SCHEDULED_FULL,2e710ea5a306b614f0f966e3d78732f8,odds_2e710ea5a306b614f0f966e3d78732f8,,,2026-10-25T13:30:00Z,66608.40961535,PIT,NO,draftkings,DraftKings,2026-09-09T07:20:51Z,44.423079,-142.0,120.0,0.5867768595041323,0.45454545454545453,0.04132231404958686,0.43650793650793646,PIT,-2.5,-110,2.5,-110,42.5,-110,-110
2026-09-09T07:21:35Z,SCHEDULED_FULL,2e710ea5a306b614f0f966e3d78732f8,odds_2e710ea5a306b614f0f966e3d78732f8,,,2026-10-25T13:30:00Z,66608.40961535,PIT,NO,betus,BetUS,2026-09-09T07:21:33Z,2.423079,,,,,,,,-2.5,-105,2.5,-115,42.5,-110,-110
2026-09-09T07:21:35Z,SCHEDULED_FULL,b1be064fb52a198a62109c279e7ab24c,odds_b1be064fb52a198a62109c279e7ab24c,,,2026-10-25T17:00:00Z,66818.40961535,SF,ATL,draftkings,DraftKings,2026-09-09T07:20:51Z,44.423079,-225.0,185.0,0.6923076923076923,0.3508771929824561,0.04318488529014841,0.33635187580853815,SF,-4.5,-110,4.5,-110,47.5,-110,-110
2026-09-09T07:21:35Z,SCHEDULED_FULL,b1be064fb52a198a62109c279e7ab24c,odds_b1be064fb52a198a62109c279e7ab24c,,,2026-10-25T17:00:00Z,66818.40961535,SF,ATL,betus,BetUS,2026-09-09T07:21:33Z,2.423079,,,,,,,,-4.5,-110,4.5,-110,47.5,-110,-110
2026-09-09T07:21:35Z,SCHEDULED_FULL,550ec5290f935d311995affbcb0b5c79,odds_550ec5290f935d311995affbcb0b5c79,,,2026-10-25T17:00:00Z,66818.40961535,CIN,BAL,draftkings,DraftKings,2026-09-09T07:20:51Z,44.423079,154.0,-185.0,0.3937007874015748,0.6491228070175439,0.04282359441911865,0.6224665518611737,BAL,3.5,-110,-3.5,-110,51.5,-110,-110
2026-09-09T07:21:35Z,SCHEDULED_FULL,550ec5290f935d311995affbcb0b5c79,odds_550ec5290f935d311995affbcb0b5c79,,,2026-10-25T17:00:00Z,66818.40961535,CIN,BAL,betus,BetUS,2026-09-09T07:21:33Z,2.423079,,,,,,,,3.5,-110,-3.5,-110,52.5,-110,-110
2026-09-09T07:21:35Z,SCHEDULED_FULL,2823e986597c449ab94126cd5ed3fae9,odds_2823e986597c449ab94126cd5ed3fae9,,,2026-10-25T17:00:00Z,66818.40961535,TB,CAR,draftkings,DraftKings,2026-09-09T07:20:51Z,44.423079,-125.0,105.0,0.5555555555555556,0.4878048780487805,0.04336043360433606,0.4675324675324675,TB,-1.5,-110,1.5,-110,45.5,-110,-110
2026-09-09T07:21:35Z,SCHEDULED_FULL,2823e986597c449ab94126cd5ed3fae9,odds_2823e986597c449ab94126cd5ed3fae9,,,2026-10-25T17:00:00Z,66818.40961535,TB,CAR,betus,BetUS,2026-09-09T07:21:33Z,2.423079,,,,,,,,-1.5,-105,1.5,-115,45.5,-110,-110
2026-09-09T07:21:35Z,SCHEDULED_FULL,5dce18baccec5d3ad5fb3a3ce52f7619,odds_5dce18baccec5d3ad5fb3a3ce52f7619,,,2026-10-25T17:00:00Z,66818.40961535,CLE,TEN,draftkings,DraftKings,2026-09-09T07:20:51Z,44.423079,114.0,-135.0,0.4672897196261682,0.574468085106383,0.04175780473255131,0.551441114716549,TEN,2.5,-110,-2.5,-110,40.5,-110,-110
2026-09-09T07:21:35Z,SCHEDULED_FULL,2bba7fde6f97d0e54403d53676e4ab63,odds_2bba7fde6f97d0e54403d53676e4ab63,,,2026-10-25T17:00:00Z,66818.40961535,NYG,HOU,draftkings,DraftKings,2026-09-09T07:20:51Z,44.423079,200.0,-245.0,0.3333333333333333,0.7101449275362319,0.04347826086956519,0.6805555555555556,HOU,5.5,-110,-5.5,-110,43.5,-110,-110
2026-09-09T07:21:35Z,SCHEDULED_FULL,2bba7fde6f97d0e54403d53676e4ab63,odds_2bba7fde6f97d0e54403d53676e4ab63,,,2026-10-25T17:00:00Z,66818.40961535,NYG,HOU,betus,BetUS,2026-09-09T07:21:33Z,2.423079,,,,,,,,5.5,-110,-5.5,-110,43.5,-110,-110
2026-09-09T07:21:35Z,SCHEDULED_FULL,f3992ad4496724baf7dcd1ef58245d6b,odds_f3992ad4496724baf7dcd1ef58245d6b,,,2026-10-25T17:00:00Z,66818.40961535,IND,MIN,draftkings,DraftKings,2026-09-09T07:20:51Z,44.423079,120.0,-142.0,0.45454545454545453,0.5867768595041323,0.04132231404958686,0.5634920634920635,MIN,2.5,-110,-2.5,-110,46.5,-110,-110
2026-09-09T07:21:35Z,SCHEDULED_FULL,f3992ad4496724baf7dcd1ef58245d6b,odds_f3992ad4496724baf7dcd1ef58245d6b,,,2026-10-25T17:00:00Z,66818.40961535,IND,MIN,betus,BetUS,2026-09-09T07:21:33Z,2.423079,,,,,,,,3.0,-115,-3.0,-105,47.5,-110,-110
2026-09-09T07:21:35Z,SCHEDULED_FULL,be5dd120ca08b43d647b6caa8953500a,odds_be5dd120ca08b43d647b6caa8953500a,,,2026-10-25T17:00:00Z,66818.40961535,MIA,NYJ,draftkings,DraftKings,2026-09-09T07:20:51Z,44.423079,120.0,-142.0,0.45454545454545453,0.5867768595041323,0.04132231404958686,0.5634920634920635,NYJ,2.5,-110,-2.5,-110,41.5,-110,-110
2026-09-09T07:21:35Z,SCHEDULED_FULL,436119bb3ccdaa6ed7808aa3ebd82b76,odds_436119bb3ccdaa6ed7808aa3ebd82b76,,,2026-10-25T20:05:00Z,67003.40961535,DEN,ARI,draftkings,DraftKings,2026-09-09T07:20:51Z,44.423079,-375.0,295.0,0.7894736842105263,0.25316455696202533,0.04263824117255166,0.2428115015974441,DEN,-7.5,-110,7.5,-110,43.5,-110,-110
2026-09-09T07:21:35Z,SCHEDULED_FULL,436119bb3ccdaa6ed7808aa3ebd82b76,odds_436119bb3ccdaa6ed7808aa3ebd82b76,,,2026-10-25T20:05:00Z,67003.40961535,DEN,ARI,betus,BetUS,2026-09-09T07:21:33Z,2.423079,,,,,,,,-7.5,-110,7.5,-110,43.5,-110,-110
2026-09-09T07:21:35Z,SCHEDULED_FULL,e8e5715eefb6a9ce64765e9ddf49c0cc,odds_e8e5715eefb6a9ce64765e9ddf49c0cc,,,2026-10-25T20:25:00Z,67023.40961535,GB,DET,draftkings,DraftKings,2026-09-09T07:20:51Z,44.423079,120.0,-142.0,0.45454545454545453,0.5867768595041323,0.04132231404958686,0.5634920634920635,DET,2.5,-110,-2.5,-110,50.5,-110,-110
2026-09-09T07:21:35Z,SCHEDULED_FULL,f7679cf18454e4d88a8f2b990c3f08ac,odds_f7679cf18454e4d88a8f2b990c3f08ac,,,2026-10-25T20:25:00Z,67023.40961535,LA,LV,draftkings,DraftKings,2026-09-09T07:20:51Z,44.423079,-345.0,275.0,0.7752808988764045,0.26666666666666666,0.04194756554307122,0.2559309849029475,LA,-7.5,-110,7.5,-110,46.5,-110,-110
2026-09-09T07:21:35Z,SCHEDULED_FULL,176d474ed8b2bbf1eb4d7e9c56b4bf22,odds_176d474ed8b2bbf1eb4d7e9c56b4bf22,,,2026-10-26T00:20:00Z,67258.40961535,KC,SEA,draftkings,DraftKings,2026-09-09T07:20:51Z,44.423079,145.0,-175.0,0.40816326530612246,0.6363636363636364,0.0445269016697587,0.6092362344582594,SEA,3.0,-110,-3.0,-110,45.5,-110,-110
2026-09-09T07:21:35Z,SCHEDULED_FULL,176d474ed8b2bbf1eb4d7e9c56b4bf22,odds_176d474ed8b2bbf1eb4d7e9c56b4bf22,,,2026-10-26T00:20:00Z,67258.40961535,KC,SEA,betus,BetUS,2026-09-09T07:21:33Z,2.423079,,,,,,,,3.0,-115,-3.0,-105,45.5,-110,-110
2026-09-09T07:21:35Z,SCHEDULED_FULL,4853610e63c246f2027a6a248e642c9a,odds_4853610e63c246f2027a6a248e642c9a,,,2026-10-27T00:15:00Z,68693.40961535,DAL,PHI,draftkings,DraftKings,2026-09-09T07:20:51Z,44.423079,136.0,-162.0,0.423728813559322,0.6183206106870229,0.042049424246344946,0.593369754159424,PHI,3.0,-110,-3.0,-110,48.5,-110,-110
2026-09-09T07:21:35Z,SCHEDULED_FULL,4853610e63c246f2027a6a248e642c9a,odds_4853610e63c246f2027a6a248e642c9a,,,2026-10-27T00:15:00Z,68693.40961535,DAL,PHI,betus,BetUS,2026-09-09T07:21:33Z,2.423079,,,,,,,,3.0,-110,-3.0,-110,48.5,-110,-110
2026-09-09T07:21:35Z,SCHEDULED_FULL,ab2865e9f2d4b012de8bc6fb6de11a7c,odds_ab2865e9f2d4b012de8bc6fb6de11a7c,,,2026-10-30T00:15:00Z,73013.40961535,CAR,GB,draftkings,DraftKings,2026-09-09T07:20:51Z,44.423079,275.0,-345.0,0.26666666666666666,0.7752808988764045,0.04194756554307122,0.7440690150970525,GB,7.0,-110,-7.0,-110,45.5,-110,-110
2026-09-09T07:21:35Z,SCHEDULED_FULL,ab2865e9f2d4b012de8bc6fb6de11a7c,odds_ab2865e9f2d4b012de8bc6fb6de11a7c,,,2026-10-30T00:15:00Z,73013.40961535,CAR,GB,betus,BetUS,2026-09-09T07:21:33Z,2.423079,,,,,,,,7.0,-110,-7.0,-110,45.5,-110,-110
2026-09-09T07:21:35Z,SCHEDULED_FULL,9255ca8f32aea590d00aa57de79f6bb6,odds_9255ca8f32aea590d00aa57de79f6bb6,,,2026-11-01T18:00:00Z,76958.40961535,ARI,DAL,draftkings,DraftKings,2026-09-09T07:20:51Z,44.423079,410.0,-550.0,0.19607843137254902,0.8461538461538461,0.042232277526395245,0.8118668596237336,DAL,10.5,-110,-10.5,-110,47.5,-110,-110
2026-09-09T07:21:35Z,SCHEDULED_FULL,9255ca8f32aea590d00aa57de79f6bb6,odds_9255ca8f32aea590d00aa57de79f6bb6,,,2026-11-01T18:00:00Z,76958.40961535,ARI,DAL,betus,BetUS,2026-09-09T07:21:33Z,2.423079,,,,,,,,10.5,-110,-10.5,-110,49.5,-110,-110
2026-09-09T07:21:35Z,SCHEDULED_FULL,921859689f5f8b3b8b1caf4248bdb1ec,odds_921859689f5f8b3b8b1caf4248bdb1ec,,,2026-11-01T18:00:00Z,76958.40961535,ATL,TB,draftkings,DraftKings,2026-09-09T07:20:51Z,44.423079,180.0,-218.0,0.35714285714285715,0.6855345911949685,0.04267744833782561,0.6574752261956054,TB,4.5,-110,-4.5,-110,46.5,-110,-110
2026-09-09T07:21:35Z,SCHEDULED_FULL,921859689f5f8b3b8b1caf4248bdb1ec,odds_921859689f5f8b3b8b1caf4248bdb1ec,,,2026-11-01T18:00:00Z,76958.40961535,ATL,TB,betus,BetUS,2026-09-09T07:21:33Z,2.423079,,,,,,,,4.5,-110,-4.5,-110,46.5,-110,-110
2026-09-09T07:21:35Z,SCHEDULED_FULL,c93c421e5fa46031a43162d111d981d0,odds_c93c421e5fa46031a43162d111d981d0,,,2026-11-01T18:00:00Z,76958.40961535,BAL,BUF,draftkings,DraftKings,2026-09-09T07:20:51Z,44.423079,114.0,-135.0,0.4672897196261682,0.574468085106383,0.04175780473255131,0.551441114716549,BUF,2.5,-110,-2.5,-110,51.5,-110,-110
2026-09-09T07:21:35Z,SCHEDULED_FULL,9c5d8f57e0ba0fbd9ef436c1f0898f99,odds_9c5d8f57e0ba0fbd9ef436c1f0898f99,,,2026-11-01T18:00:00Z,76958.40961535,TEN,CIN,draftkings,DraftKings,2026-09-09T07:20:51Z,44.423079,235.0,-290.0,0.29850746268656714,0.7435897435897436,0.04209720627631075,0.7135512302607419,CIN,6.5,-110,-6.5,-110,49.5,-110,-110
2026-09-09T07:21:35Z,SCHEDULED_FULL,9c5d8f57e0ba0fbd9ef436c1f0898f99,odds_9c5d8f57e0ba0fbd9ef436c1f0898f99,,,2026-11-01T18:00:00Z,76958.40961535,TEN,CIN,betus,BetUS,2026-09-09T07:21:33Z,2.423079,,,,,,,,6.5,-105,-6.5,-115,49.5,-110,-110
2026-09-09T07:21:35Z,SCHEDULED_FULL,ab5ab731ab655bd6308bc7a922275518,odds_ab5ab731ab655bd6308bc7a922275518,,,2026-11-01T18:00:00Z,76958.40961535,CLE,PIT,draftkings,DraftKings,2026-09-09T07:20:51Z,44.423079,215.0,-265.0,0.31746031746031744,0.726027397260274,0.04348771472059143,0.6957699520733487,PIT,6.0,-110,-6.0,-110,39.5,-110,-110
2026-09-09T07:21:35Z,SCHEDULED_FULL,52e7ee9c42525e6deec02da32dc2fad8,odds_52e7ee9c42525e6deec02da32dc2fad8,,,2026-11-01T18:00:00Z,76958.40961535,MIN,DET,draftkings,DraftKings,2026-09-09T07:20:51Z,44.423079,185.0,-225.0,0.3508771929824561,0.6923076923076923,0.04318488529014841,0.6636481241914618,DET,4.5,-110,-4.5,-110,47.5,-110,-110
2026-09-09T07:21:35Z,SCHEDULED_FULL,159dbf0253dd2038eda2212f84387f0c,odds_159dbf0253dd2038eda2212f84387f0c,,,2026-11-01T18:00:00Z,76958.40961535,IND,JAX,draftkings,DraftKings,2026-09-09T07:20:51Z,44.423079,185.0,-225.0,0.3508771929824561,0.6923076923076923,0.04318488529014841,0.6636481241914618,JAX,4.5,-110,-4.5,-110,49.5,-110,-110
2026-09-09T07:21:35Z,SCHEDULED_FULL,159dbf0253dd2038eda2212f84387f0c,odds_159dbf0253dd2038eda2212f84387f0c,,,2026-11-01T18:00:00Z,76958.40961535,IND,JAX,betus,BetUS,2026-09-09T07:21:33Z,2.423079,,,,,,,,4.5,-110,-4.5,-110,49.5,-110,-110
2026-09-09T07:21:35Z,SCHEDULED_FULL,98f1b121b793977434c046e76c707145,odds_98f1b121b793977434c046e76c707145,,,2026-11-01T18:00:00Z,76958.40961535,LV,NYJ,draftkings,DraftKings,2026-09-09T07:20:51Z,44.423079,105.0,-125.0,0.4878048780487805,0.5555555555555556,0.04336043360433606,0.5324675324675325,NYJ,1.5,-110,-1.5,-110,40.5,-110,-110
2026-09-09T07:21:35Z,SCHEDULED_FULL,2ff84d3f6053d083c8c0a5bebf7cdd4c,odds_2ff84d3f6053d083c8c0a5bebf7cdd4c,,,2026-11-01T21:05:00Z,77143.40961535,LAC,LA,draftkings,DraftKings,2026-09-09T07:20:51Z,44.423079,164.0,-198.0,0.3787878787878788,0.6644295302013423,0.043217408989220996,0.6369041816941223,LA,3.5,-105,-3.5,-115,48.5,-110,-110
2026-09-09T07:21:35Z,SCHEDULED_FULL,f2a036d5edf483a277880014861e78ad,odds_f2a036d5edf483a277880014861e78ad,,,2026-11-01T21:25:00Z,77163.40961535,KC,DEN,draftkings,DraftKings,2026-09-09T07:20:51Z,44.423079,105.0,-125.0,0.4878048780487805,0.5555555555555556,0.04336043360433606,0.5324675324675325,DEN,1.5,-110,-1.5,-110,43.5,-110,-110
2026-09-09T07:21:35Z,SCHEDULED_FULL,f2a036d5edf483a277880014861e78ad,odds_f2a036d5edf483a277880014861e78ad,,,2026-11-01T21:25:00Z,77163.40961535,KC,DEN,betus,BetUS,2026-09-09T07:21:33Z,2.423079,,,,,,,,1.5,-115,-1.5,-105,43.5,-110,-110
2026-09-09T07:21:35Z,SCHEDULED_FULL,05405af79752f5e742cdf50b61f6745e,odds_05405af79752f5e742cdf50b61f6745e,,,2026-11-01T21:25:00Z,77163.40961535,NE,MIA,draftkings,DraftKings,2026-09-09T07:20:51Z,44.423079,-355.0,280.0,0.7802197802197802,0.2631578947368421,0.04337767495662237,0.2522172949002217,NE,-7.0,-110,7.0,-110,45.5,-110,-110
2026-09-09T07:21:35Z,SCHEDULED_FULL,05405af79752f5e742cdf50b61f6745e,odds_05405af79752f5e742cdf50b61f6745e,,,2026-11-01T21:25:00Z,77163.40961535,NE,MIA,betus,BetUS,2026-09-09T07:21:33Z,2.423079,,,,,,,,-7.0,-110,7.0,-110,45.5,-110,-110
2026-09-09T07:21:35Z,SCHEDULED_FULL,b9c60db63b1a19ad319f24b33c0defe8,odds_b9c60db63b1a19ad319f24b33c0defe8,,,2026-11-02T01:20:00Z,77398.40961535,PHI,WAS,draftkings,DraftKings,2026-09-09T07:20:51Z,44.423079,-125.0,105.0,0.5555555555555556,0.4878048780487805,0.04336043360433606,0.4675324675324675,PHI,-1.5,-110,1.5,-110,46.5,-110,-110
2026-09-09T07:21:35Z,SCHEDULED_FULL,b9c60db63b1a19ad319f24b33c0defe8,odds_b9c60db63b1a19ad319f24b33c0defe8,,,2026-11-02T01:20:00Z,77398.40961535,PHI,WAS,betus,BetUS,2026-09-09T07:21:33Z,2.423079,,,,,,,,-2.5,-110,2.5,-110,46.5,-110,-110
2026-09-09T07:21:35Z,SCHEDULED_FULL,7d664fbcd39350e559d83c0068ba7169,odds_7d664fbcd39350e559d83c0068ba7169,,,2026-11-03T01:20:00Z,78838.40961535,CHI,SEA,draftkings,DraftKings,2026-09-09T07:20:51Z,44.423079,180.0,-218.0,0.35714285714285715,0.6855345911949685,0.04267744833782561,0.6574752261956054,SEA,4.5,-110,-4.5,-110,47.5,-110,-110
2026-09-09T07:21:35Z,SCHEDULED_FULL,c75744790b7acf6260c78ba5e739c0e5,odds_c75744790b7acf6260c78ba5e739c0e5,,,2026-11-06T01:15:00Z,83153.40961535,JAX,BAL,draftkings,DraftKings,2026-09-09T07:20:51Z,44.423079,170.0,-205.0,0.37037037037037035,0.6721311475409836,0.042501517911353925,0.644729178800233,BAL,4.5,-110,-4.5,-110,49.5,-110,-110
2026-09-09T07:21:35Z,SCHEDULED_FULL,c75744790b7acf6260c78ba5e739c0e5,odds_c75744790b7acf6260c78ba5e739c0e5,,,2026-11-06T01:15:00Z,83153.40961535,JAX,BAL,betus,BetUS,2026-09-09T07:21:33Z,2.423079,,,,,,,,4.5,-110,-4.5,-110,49.5,-110,-110
2026-09-09T07:21:35Z,SCHEDULED_FULL,dc56d980f527ffeef89940133b211b13,odds_dc56d980f527ffeef89940133b211b13,,,2026-11-08T14:30:00Z,86828.40961535,CIN,ATL,draftkings,DraftKings,2026-09-09T07:20:51Z,44.423079,-230.0,190.0,0.696969696969697,0.3448275862068966,0.04179728317659359,0.33099297893681046,CIN,-5.5,-110,5.5,-110,49.5,-110,-110
2026-09-09T07:21:35Z,SCHEDULED_FULL,dc56d980f527ffeef89940133b211b13,odds_dc56d980f527ffeef89940133b211b13,,,2026-11-08T14:30:00Z,86828.40961535,CIN,ATL,betus,BetUS,2026-09-09T07:21:33Z,2.423079,,,,,,,,-4.5,-115,4.5,-105,48.5,-110,-110
2026-09-09T07:21:35Z,SCHEDULED_FULL,014282b888c741b7d70c857c09f40aa7,odds_014282b888c741b7d70c857c09f40aa7,,,2026-11-08T18:00:00Z,87038.40961535,DEN,CAR,draftkings,DraftKings,2026-09-09T07:20:51Z,44.423079,-162.0,136.0,0.6183206106870229,0.423728813559322,0.042049424246344946,0.4066302458405761,DEN,-3.0,-110,3.0,-110,42.5,-110,-110
2026-09-09T07:21:35Z,SCHEDULED_FULL,014282b888c741b7d70c857c09f40aa7,odds_014282b888c741b7d70c857c09f40aa7,,,2026-11-08T18:00:00Z,87038.40961535,DEN,CAR,betus,BetUS,2026-09-09T07:21:33Z,2.423079,,,,,,,,-3.0,-110,3.0,-110,42.5,-110,-110
2026-09-09T07:21:35Z,SCHEDULED_FULL,e571bab6736f9338130a78a4f75c3231,odds_e571bab6736f9338130a78a4f75c3231,,,2026-11-08T18:00:00Z,87038.40961535,CLE,NO,draftkings,DraftKings,2026-09-09T07:20:51Z,44.423079,160.0,-192.0,0.38461538461538464,0.6575342465753424,0.04214963119072701,0.6309403437815976,NO,3.5,-105,-3.5,-115,41.5,-110,-110
2026-09-09T07:21:35Z,SCHEDULED_FULL,415fc42e72888c63e82f7bce24c65391,odds_415fc42e72888c63e82f7bce24c65391,,,2026-11-08T18:00:00Z,87038.40961535,DAL,IND,draftkings,DraftKings,2026-09-09T07:20:51Z,44.423079,-125.0,105.0,0.5555555555555556,0.4878048780487805,0.04336043360433606,0.4675324675324675,DAL,-1.5,-110,1.5,-110,52.5,-110,-110
2026-09-09T07:21:35Z,SCHEDULED_FULL,415fc42e72888c63e82f7bce24c65391,odds_415fc42e72888c63e82f7bce24c65391,,,2026-11-08T18:00:00Z,87038.40961535,DAL,IND,betus,BetUS,2026-09-09T07:21:33Z,2.423079,,,,,,,,-1.5,-110,1.5,-110,52.5,-110,-110
2026-09-09T07:21:35Z,SCHEDULED_FULL,44d8c37868b700e90f816db7c5df5cdd,odds_44d8c37868b700e90f816db7c5df5cdd,,,2026-11-08T18:00:00Z,87038.40961535,DET,MIA,draftkings,DraftKings,2026-09-09T07:20:51Z,44.423079,-278.0,225.0,0.7354497354497355,0.3076923076923077,0.043142043142043285,0.2949668357393679,DET,-6.5,-110,6.5,-110,47.5,-110,-110
2026-09-09T07:21:35Z,SCHEDULED_FULL,e354e6a04b1cb9c96e549b863debb92e,odds_e354e6a04b1cb9c96e549b863debb92e,,,2026-11-08T18:00:00Z,87038.40961535,NYJ,KC,draftkings,DraftKings,2026-09-09T07:20:51Z,44.423079,350.0,-455.0,0.2222222222222222,0.8198198198198198,0.04204204204204198,0.7867435158501441,KC,9.5,-110,-9.5,-110,41.5,-110,-110
2026-09-09T07:21:35Z,SCHEDULED_FULL,89de07377e0aa8ffaa2ae6a7dc0855cc,odds_89de07377e0aa8ffaa2ae6a7dc0855cc,,,2026-11-08T18:00:00Z,87038.40961535,LA,WAS,draftkings,DraftKings,2026-09-09T07:20:51Z,44.423079,-225.0,185.0,0.6923076923076923,0.3508771929824561,0.04318488529014841,0.33635187580853815,LA,-5.5,-105,5.5,-115,50.5,-110,-110
2026-09-09T07:21:35Z,SCHEDULED_FULL,fe93e6ab1e553c0169936a0a983c324f,odds_fe93e6ab1e553c0169936a0a983c324f,,,2026-11-08T18:00:00Z,87038.40961535,NYG,PHI,draftkings,DraftKings,2026-09-09T07:20:51Z,44.423079,195.0,-238.0,0.3389830508474576,0.7041420118343196,0.04312506268177718,0.6750312469954812,PHI,5.5,-110,-5.5,-110,44.5,-110,-110
2026-09-09T07:21:35Z,SCHEDULED_FULL,fe93e6ab1e553c0169936a0a983c324f,odds_fe93e6ab1e553c0169936a0a983c324f,,,2026-11-08T18:00:00Z,87038.40961535,NYG,PHI,betus,BetUS,2026-09-09T07:21:33Z,2.423079,,,,,,,,5.5,-110,-5.5,-110,44.5,-110,-110
2026-09-09T07:21:35Z,SCHEDULED_FULL,39aeac43cea7b12558b91cdab1255a10,odds_39aeac43cea7b12558b91cdab1255a10,,,2026-11-08T21:05:00Z,87223.40961535,HOU,LAC,draftkings,DraftKings,2026-09-09T07:20:51Z,44.423079,120.0,-142.0,0.45454545454545453,0.5867768595041323,0.04132231404958686,0.5634920634920635,LAC,2.5,-110,-2.5,-110,43.5,-110,-110
2026-09-09T07:21:35Z,SCHEDULED_FULL,39aeac43cea7b12558b91cdab1255a10,odds_39aeac43cea7b12558b91cdab1255a10,,,2026-11-08T21:05:00Z,87223.40961535,HOU,LAC,betus,BetUS,2026-09-09T07:21:33Z,2.423079,,,,,,,,1.5,-105,-1.5,-115,43.5,-110,-110
2026-09-09T07:21:35Z,SCHEDULED_FULL,ac9d38a18d5c92814233a31aa9a48d78,odds_ac9d38a18d5c92814233a31aa9a48d78,,,2026-11-08T21:05:00Z,87223.40961535,LV,SF,draftkings,DraftKings,2026-09-09T07:20:51Z,44.423079,330.0,-425.0,0.23255813953488372,0.8095238095238095,0.042081949058693224,0.7768331562167907,SF,8.5,-110,-8.5,-110,46.5,-110,-110
2026-09-09T07:21:35Z,SCHEDULED_FULL,240e23b02b1e3fef655d04a286b5a623,odds_240e23b02b1e3fef655d04a286b5a623,,,2026-11-08T21:25:00Z,87243.40961535,ARI,SEA,draftkings,DraftKings,2026-09-09T07:20:51Z,44.423079,575.0,-850.0,0.14814814814814814,0.8947368421052632,0.04288499025341119,0.8579439252336449,SEA,13.5,-110,-13.5,-110,45.5,-110,-110
2026-09-09T07:21:35Z,SCHEDULED_FULL,240e23b02b1e3fef655d04a286b5a623,odds_240e23b02b1e3fef655d04a286b5a623,,,2026-11-08T21:25:00Z,87243.40961535,ARI,SEA,betus,BetUS,2026-09-09T07:21:33Z,2.423079,,,,,,,,13.5,-110,-13.5,-110,45.5,-110,-110
2026-09-09T07:21:35Z,SCHEDULED_FULL,2922c573ec3df8466c4a34975e446898,odds_2922c573ec3df8466c4a34975e446898,,,2026-11-08T21:25:00Z,87243.40961535,GB,NE,draftkings,DraftKings,2026-09-09T07:20:51Z,44.423079,105.0,-125.0,0.4878048780487805,0.5555555555555556,0.04336043360433606,0.5324675324675325,NE,1.5,-110,-1.5,-110,46.5,-110,-110
2026-09-09T07:21:35Z,SCHEDULED_FULL,2922c573ec3df8466c4a34975e446898,odds_2922c573ec3df8466c4a34975e446898,,,2026-11-08T21:25:00Z,87243.40961535,GB,NE,betus,BetUS,2026-09-09T07:21:33Z,2.423079,,,,,,,,1.5,-110,-1.5,-110,46.5,-110,-110
2026-09-09T07:21:35Z,SCHEDULED_FULL,9760d8f19f84bfee300a74ceb656c95d,odds_9760d8f19f84bfee300a74ceb656c95d,,,2026-11-09T01:20:00Z,87478.40961535,TB,CHI,draftkings,DraftKings,2026-09-09T07:20:51Z,44.423079,160.0,-192.0,0.38461538461538464,0.6575342465753424,0.04214963119072701,0.6309403437815976,CHI,3.5,-110,-3.5,-110,48.5,-110,-110
2026-09-09T07:21:35Z,SCHEDULED_FULL,17ad7eff2f7875e20a8109abe40470e3,odds_17ad7eff2f7875e20a8109abe40470e3,,,2026-11-10T01:15:00Z,88913.40961535,BUF,MIN,draftkings,DraftKings,2026-09-09T07:20:51Z,44.423079,-170.0,142.0,0.6296296296296297,0.4132231404958678,0.042852770125497486,0.3962430290578221,BUF,-3.0,-110,3.0,-110,48.5,-110,-110
2026-09-09T07:21:35Z,SCHEDULED_FULL,74d39e19225caf211ad2c8eb4110179f,odds_74d39e19225caf211ad2c8eb4110179f,,,2026-11-13T01:15:00Z,93233.40961535,WAS,NYG,draftkings,DraftKings,2026-09-09T07:20:51Z,44.423079,105.0,-125.0,0.4878048780487805,0.5555555555555556,0.04336043360433606,0.5324675324675325,NYG,1.5,-110,-1.5,-110,47.5,-110,-110
2026-09-09T07:21:35Z,SCHEDULED_FULL,3c71d515b726f1096aabb435badb83fd,odds_3c71d515b726f1096aabb435badb83fd,,,2026-11-15T18:00:00Z,97118.40961535,KC,ATL,draftkings,DraftKings,2026-09-09T07:20:51Z,44.423079,-225.0,185.0,0.6923076923076923,0.3508771929824561,0.04318488529014841,0.33635187580853815,KC,-4.5,-110,4.5,-110,45.5,-110,-110
2026-09-09T07:21:35Z,SCHEDULED_FULL,1057d50949844ddf483da9c8c20354be,odds_1057d50949844ddf483da9c8c20354be,,,2026-11-15T18:00:00Z,97118.40961535,BUF,NYJ,draftkings,DraftKings,2026-09-09T07:20:51Z,44.423079,-345.0,275.0,0.7752808988764045,0.26666666666666666,0.04194756554307122,0.2559309849029475,BUF,-7.0,-115,7.0,-105,46.5,-110,-110
2026-09-09T07:21:35Z,SCHEDULED_FULL,e5aa20e1364dd639f042af1c2281bbe2,odds_e5aa20e1364dd639f042af1c2281bbe2,,,2026-11-15T18:00:00Z,97118.40961535,CAR,NO,draftkings,DraftKings,2026-09-09T07:20:51Z,44.423079,100.0,-120.0,0.5,0.5454545454545454,0.045454545454545414,0.5217391304347826,NO,1.5,-115,-1.5,-105,43.5,-110,-110
2026-09-09T07:21:35Z,SCHEDULED_FULL,e5aa20e1364dd639f042af1c2281bbe2,odds_e5aa20e1364dd639f042af1c2281bbe2,,,2026-11-15T18:00:00Z,97118.40961535,CAR,NO,betus,BetUS,2026-09-09T07:21:33Z,2.423079,,,,,,,,1.5,-110,-1.5,-110,43.5,-110,-110
2026-09-09T07:21:35Z,SCHEDULED_FULL,be0e03cc42fbc9b6962467b22c7bf9dd,odds_be0e03cc42fbc9b6962467b22c7bf9dd,,,2026-11-15T18:00:00Z,97118.40961535,HOU,CLE,draftkings,DraftKings,2026-09-09T07:20:51Z,44.423079,-205.0,170.0,0.6721311475409836,0.37037037037037035,0.042501517911353925,0.35527082119976705,HOU,-4.5,-110,4.5,-110,38.5,-110,-110
2026-09-09T07:21:35Z,SCHEDULED_FULL,5d8d85473b87f772a979ecf294acab94,odds_5d8d85473b87f772a979ecf294acab94,,,2026-11-15T18:00:00Z,97118.40961535,MIN,GB,draftkings,DraftKings,2026-09-09T07:20:51Z,44.423079,200.0,-245.0,0.3333333333333333,0.7101449275362319,0.04347826086956519,0.6805555555555556,GB,4.5,-110,-4.5,-110,45.5,-110,-110
2026-09-09T07:21:35Z,SCHEDULED_FULL,5d8d85473b87f772a979ecf294acab94,odds_5d8d85473b87f772a979ecf294acab94,,,2026-11-15T18:00:00Z,97118.40961535,MIN,GB,betus,BetUS,2026-09-09T07:21:33Z,2.423079,,,,,,,,4.5,-110,-4.5,-110,45.5,-110,-110
2026-09-09T07:21:35Z,SCHEDULED_FULL,b5700b4d938fd94429f60d4622cc9c0a,odds_b5700b4d938fd94429f60d4622cc9c0a,,,2026-11-15T18:00:00Z,97118.40961535,MIA,IND,draftkings,DraftKings,2026-09-09T07:20:51Z,44.423079,245.0,-305.0,0.2898550724637681,0.7530864197530864,0.042941492216854504,0.7220792588780237,IND,6.5,-110,-6.5,-110,47.5,-110,-110
2026-09-09T07:21:35Z,SCHEDULED_FULL,28800df7e768ecec14f116454d560f9b,odds_28800df7e768ecec14f116454d560f9b,,,2026-11-15T18:00:00Z,97118.40961535,JAX,TEN,draftkings,DraftKings,2026-09-09T07:20:51Z,44.423079,-135.0,114.0,0.574468085106383,0.4672897196261682,0.04175780473255131,0.448558885283451,JAX,-2.5,-110,2.5,-110,45.5,-110,-110
2026-09-09T07:21:35Z,SCHEDULED_FULL,28800df7e768ecec14f116454d560f9b,odds_28800df7e768ecec14f116454d560f9b,,,2026-11-15T18:00:00Z,97118.40961535,JAX,TEN,betus,BetUS,2026-09-09T07:21:33Z,2.423079,,,,,,,,-2.5,-110,2.5,-110,45.5,-110,-110
2026-09-09T07:21:35Z,SCHEDULED_FULL,6c932a965110f3f89ec4a5f1a6ac256e,odds_6c932a965110f3f89ec4a5f1a6ac256e,,,2026-11-15T21:05:00Z,97303.40961535,LA,ARI,draftkings,DraftKings,2026-09-09T07:20:51Z,44.423079,-470.0,360.0,0.8245614035087719,0.21739130434782608,0.04195270785659799,0.20863836017569545,LA,-10.5,-110,10.5,-110,47.5,-110,-110
2026-09-09T07:21:35Z,SCHEDULED_FULL,6079a5cbabf99b265a17edfc92a1da60,odds_6079a5cbabf99b265a17edfc92a1da60,,,2026-11-15T21:05:00Z,97303.40961535,SEA,LV,draftkings,DraftKings,2026-09-09T07:20:51Z,44.423079,-310.0,250.0,0.7560975609756098,0.2857142857142857,0.04181184668989557,0.27424749163879597,SEA,-7.0,-110,7.0,-110,43.5,-110,-110
2026-09-09T07:21:35Z,SCHEDULED_FULL,6079a5cbabf99b265a17edfc92a1da60,odds_6079a5cbabf99b265a17edfc92a1da60,,,2026-11-15T21:05:00Z,97303.40961535,SEA,LV,betus,BetUS,2026-09-09T07:21:33Z,2.423079,,,,,,,,-7.0,-110,7.0,-110,43.5,-110,-110
2026-09-09T07:21:35Z,SCHEDULED_FULL,7627192fd89b05120ab6c712aa23fd81,odds_7627192fd89b05120ab6c712aa23fd81,,,2026-11-15T21:25:00Z,97323.40961535,SF,DAL,draftkings,DraftKings,2026-09-09T07:20:51Z,44.423079,100.0,-120.0,0.5,0.5454545454545454,0.045454545454545414,0.5217391304347826,DAL,1.5,-115,-1.5,-105,52.5,-110,-110
2026-09-09T07:21:35Z,SCHEDULED_FULL,48e497c230e6c9afcb3b600091d28e17,odds_48e497c230e6c9afcb3b600091d28e17,,,2026-11-16T01:20:00Z,97558.40961535,PIT,CIN,draftkings,DraftKings,2026-09-09T07:20:51Z,44.423079,160.0,-192.0,0.38461538461538464,0.6575342465753424,0.04214963119072701,0.6309403437815976,CIN,3.5,-110,-3.5,-110,47.5,-110,-110
2026-09-09T07:21:35Z,SCHEDULED_FULL,48e497c230e6c9afcb3b600091d28e17,odds_48e497c230e6c9afcb3b600091d28e17,,,2026-11-16T01:20:00Z,97558.40961535,PIT,CIN,betus,BetUS,2026-09-09T07:21:33Z,2.423079,,,,,,,,3.5,-110,-3.5,-110,47.5,-110,-110
2026-09-09T07:21:35Z,SCHEDULED_FULL,35e3bdff558b5d1506251e814986f164,odds_35e3bdff558b5d1506251e814986f164,,,2026-11-17T01:15:00Z,98993.40961535,LAC,BAL,draftkings,DraftKings,2026-09-09T07:20:51Z,44.423079,150.0,-180.0,0.4,0.6428571428571429,0.04285714285714293,0.6164383561643836,BAL,3.5,-110,-3.5,-110,47.5,-110,-110
2026-09-09T07:21:35Z,SCHEDULED_FULL,35e3bdff558b5d1506251e814986f164,odds_35e3bdff558b5d1506251e814986f164,,,2026-11-17T01:15:00Z,98993.40961535,LAC,BAL,betus,BetUS,2026-09-09T07:21:33Z,2.423079,,,,,,,,2.5,-110,-2.5,-110,48.5,-110,-110
2026-09-09T07:21:35Z,SCHEDULED_FULL,66f9e83cf025d58acee12bce18661fb3,odds_66f9e83cf025d58acee12bce18661fb3,,,2026-11-20T01:15:00Z,103313.40961535,IND,HOU,draftkings,DraftKings,2026-09-09T07:20:51Z,44.423079,195.0,-238.0,0.3389830508474576,0.7041420118343196,0.04312506268177718,0.6750312469954812,HOU,5.5,-110,-5.5,-110,45.5,-110,-110
2026-09-09T07:21:35Z,SCHEDULED_FULL,403a88701352da05b0710a9e883b803e,odds_403a88701352da05b0710a9e883b803e,,,2026-11-22T18:00:00Z,107198.40961535,ARI,KC,draftkings,DraftKings,2026-09-09T07:20:51Z,44.423079,440.0,-600.0,0.18518518518518517,0.8571428571428571,0.042328042328042326,0.8223350253807106,KC,11.5,-110,-11.5,-110,44.5,-110,-110
2026-09-09T07:21:35Z,SCHEDULED_FULL,403a88701352da05b0710a9e883b803e,odds_403a88701352da05b0710a9e883b803e,,,2026-11-22T18:00:00Z,107198.40961535,ARI,KC,betus,BetUS,2026-09-09T07:21:33Z,2.423079,,,,,,,,11.5,-110,-11.5,-110,44.5,-110,-110
2026-09-09T07:21:35Z,SCHEDULED_FULL,4527f57f5bc32742d8194af1ccf7da7e,odds_4527f57f5bc32742d8194af1ccf7da7e,,,2026-11-22T18:00:00Z,107198.40961535,BAL,CAR,draftkings,DraftKings,2026-09-09T07:20:51Z,44.423079,-218.0,180.0,0.6855345911949685,0.35714285714285715,0.04267744833782561,0.34252477380439467,BAL,-4.5,-110,4.5,-110,46.5,-110,-110
2026-09-09T07:21:35Z,SCHEDULED_FULL,4527f57f5bc32742d8194af1ccf7da7e,odds_4527f57f5bc32742d8194af1ccf7da7e,,,2026-11-22T18:00:00Z,107198.40961535,BAL,CAR,betus,BetUS,2026-09-09T07:21:33Z,2.423079,,,,,,,,-4.5,-110,4.5,-110,46.5,-110,-110
2026-09-09T07:21:35Z,SCHEDULED_FULL,4c5b1c0843a260278e95eb93e7787576,odds_4c5b1c0843a260278e95eb93e7787576,,,2026-11-22T18:00:00Z,107198.40961535,MIA,BUF,draftkings,DraftKings,2026-09-09T07:20:51Z,44.423079,470.0,-650.0,0.17543859649122806,0.8666666666666667,0.04210526315789487,0.8316498316498315,BUF,11.5,-110,-11.5,-110,47.5,-110,-110
2026-09-09T07:21:35Z,SCHEDULED_FULL,3ea90704fb576633bd1e2fa5aafd9ea3,odds_3ea90704fb576633bd1e2fa5aafd9ea3,,,2026-11-22T18:00:00Z,107198.40961535,NO,CHI,draftkings,DraftKings,2026-09-09T07:20:51Z,44.423079,230.0,-285.0,0.30303030303030304,0.7402597402597403,0.04329004329004338,0.7095435684647302,CHI,6.5,-110,-6.5,-110,46.5,-110,-110
2026-09-09T07:21:35Z,SCHEDULED_FULL,5e63079b678f8c13419adc169fff02d3,odds_5e63079b678f8c13419adc169fff02d3,,,2026-11-22T18:00:00Z,107198.40961535,TEN,DAL,draftkings,DraftKings,2026-09-09T07:20:51Z,44.423079,230.0,-285.0,0.30303030303030304,0.7402597402597403,0.04329004329004338,0.7095435684647302,DAL,6.5,-110,-6.5,-110,48.5,-110,-110
2026-09-09T07:21:35Z,SCHEDULED_FULL,41e2dd69bddd65d7e823d9ed61cc2afc,odds_41e2dd69bddd65d7e823d9ed61cc2afc,,,2026-11-22T18:00:00Z,107198.40961535,TB,DET,draftkings,DraftKings,2026-09-09T07:20:51Z,44.423079,185.0,-225.0,0.3508771929824561,0.6923076923076923,0.04318488529014841,0.6636481241914618,DET,4.5,-110,-4.5,-110,49.5,-110,-110
2026-09-09T07:21:35Z,SCHEDULED_FULL,8ba112fabf4e87639338a5f437c5abfe,odds_8ba112fabf4e87639338a5f437c5abfe,,,2026-11-22T18:00:00Z,107198.40961535,JAX,NYG,draftkings,DraftKings,2026-09-09T07:20:51Z,44.423079,-125.0,105.0,0.5555555555555556,0.4878048780487805,0.04336043360433606,0.4675324675324675,JAX,-1.5,-110,1.5,-110,46.5,-110,-110
2026-09-09T07:21:35Z,SCHEDULED_FULL,4b20b742b6168aaca4f25d87f11b1526,odds_4b20b742b6168aaca4f25d87f11b1526,,,2026-11-22T21:05:00Z,107383.40961535,NYJ,LAC,draftkings,DraftKings,2026-09-09T07:20:51Z,44.423079,330.0,-425.0,0.23255813953488372,0.8095238095238095,0.042081949058693224,0.7768331562167907,LAC,9.5,-110,-9.5,-110,41.5,-110,-110
2026-09-09T07:21:35Z,SCHEDULED_FULL,1940706a79cbcbafacdcbf231069716b,odds_1940706a79cbcbafacdcbf231069716b,,,2026-11-22T21:25:00Z,107403.40961535,LV,DEN,draftkings,DraftKings,2026-09-09T07:20:51Z,44.423079,270.0,-340.0,0.2702702702702703,0.7727272727272727,0.0429975429975431,0.740871613663133,DEN,7.5,-110,-7.5,-110,41.5,-110,-110
2026-09-09T07:21:35Z,SCHEDULED_FULL,cbe45bafcc2615fc1d96cbc12840377a,odds_cbe45bafcc2615fc1d96cbc12840377a,,,2026-11-22T21:25:00Z,107403.40961535,PIT,PHI,draftkings,DraftKings,2026-09-09T07:20:51Z,44.423079,200.0,-245.0,0.3333333333333333,0.7101449275362319,0.04347826086956519,0.6805555555555556,PHI,5.5,-110,-5.5,-110,42.5,-110,-110
2026-09-09T07:21:35Z,SCHEDULED_FULL,cbe45bafcc2615fc1d96cbc12840377a,odds_cbe45bafcc2615fc1d96cbc12840377a,,,2026-11-22T21:25:00Z,107403.40961535,PIT,PHI,betus,BetUS,2026-09-09T07:21:33Z,2.423079,,,,,,,,5.5,-110,-5.5,-110,42.5,-110,-110
2026-09-09T07:21:35Z,SCHEDULED_FULL,60e1d27b083a335b722c2c852ea85612,odds_60e1d27b083a335b722c2c852ea85612,,,2026-11-23T01:20:00Z,107638.40961535,MIN,SF,draftkings,DraftKings,2026-09-09T07:20:51Z,44.423079,160.0,-192.0,0.38461538461538464,0.6575342465753424,0.04214963119072701,0.6309403437815976,SF,3.5,-110,-3.5,-110,46.5,-110,-110
2026-09-09T07:21:35Z,SCHEDULED_FULL,60e1d27b083a335b722c2c852ea85612,odds_60e1d27b083a335b722c2c852ea85612,,,2026-11-23T01:20:00Z,107638.40961535,MIN,SF,betus,BetUS,2026-09-09T07:21:33Z,2.423079,,,,,,,,3.5,-110,-3.5,-110,46.5,-110,-110
2026-09-09T07:21:35Z,SCHEDULED_FULL,3a60ed1d20004aa4d4772b2c1a2272e7,odds_3a60ed1d20004aa4d4772b2c1a2272e7,,,2026-11-24T01:15:00Z,109073.40961535,CIN,WAS,draftkings,DraftKings,2026-09-09T07:20:51Z,44.423079,-125.0,105.0,0.5555555555555556,0.4878048780487805,0.04336043360433606,0.4675324675324675,CIN,-1.5,-110,1.5,-110,52.5,-110,-110
2026-09-09T07:21:35Z,SCHEDULED_FULL,3a60ed1d20004aa4d4772b2c1a2272e7,odds_3a60ed1d20004aa4d4772b2c1a2272e7,,,2026-11-24T01:15:00Z,109073.40961535,CIN,WAS,betus,BetUS,2026-09-09T07:21:33Z,2.423079,,,,,,,,-1.5,-110,1.5,-110,52.5,-110,-110
2026-09-09T07:21:35Z,SCHEDULED_FULL,5b612899d6dcdf998107f2c6c6e49a58,odds_5b612899d6dcdf998107f2c6c6e49a58,,,2026-11-26T01:00:00Z,111938.40961535,GB,LA,draftkings,DraftKings,2026-09-09T07:20:51Z,44.423079,185.0,-225.0,0.3508771929824561,0.6923076923076923,0.04318488529014841,0.6636481241914618,LA,4.5,-105,-4.5,-115,48.5,-110,-110
2026-09-09T07:21:35Z,SCHEDULED_FULL,9b825e6518156008da499be041975fdd,odds_9b825e6518156008da499be041975fdd,,,2026-11-26T18:00:00Z,112958.40961535,CHI,DET,draftkings,DraftKings,2026-09-09T07:20:51Z,44.423079,120.0,-142.0,0.45454545454545453,0.5867768595041323,0.04132231404958686,0.5634920634920635,DET,2.5,-105,-2.5,-115,52.5,-110,-110
2026-09-09T07:21:35Z,SCHEDULED_FULL,ffaa06af56a7137d4b078c5c46c0b730,odds_ffaa06af56a7137d4b078c5c46c0b730,,,2026-11-26T20:30:00Z,113108.40961535,PHI,DAL,draftkings,DraftKings,2026-09-09T07:20:51Z,44.423079,105.0,-125.0,0.4878048780487805,0.5555555555555556,0.04336043360433606,0.5324675324675325,DAL,1.5,-110,-1.5,-110,49.5,-110,-110
2026-09-09T07:21:35Z,SCHEDULED_FULL,ffaa06af56a7137d4b078c5c46c0b730,odds_ffaa06af56a7137d4b078c5c46c0b730,,,2026-11-26T20:30:00Z,113108.40961535,PHI,DAL,betonlineag,BetOnline.ag,2026-09-09T07:20:59Z,36.423079,,,,,,,,1.0,-105,-1.0,-115,49.5,-115,-105
2026-09-09T07:21:35Z,SCHEDULED_FULL,ffaa06af56a7137d4b078c5c46c0b730,odds_ffaa06af56a7137d4b078c5c46c0b730,,,2026-11-26T20:30:00Z,113108.40961535,PHI,DAL,lowvig,LowVig.ag,2026-09-09T07:21:00Z,35.423079,,,,,,,,1.0,100,-1.0,-110,49.5,-113,-102
2026-09-09T07:21:35Z,SCHEDULED_FULL,f36f518585aec40e8cb40e071c0844aa,odds_f36f518585aec40e8cb40e071c0844aa,,,2026-11-27T01:20:00Z,113398.40961535,KC,BUF,draftkings,DraftKings,2026-09-09T07:20:51Z,44.423079,124.0,-148.0,0.44642857142857145,0.5967741935483871,0.04320276497695863,0.5720596355604638,BUF,2.5,-105,-2.5,-115,50.5,-110,-110
2026-09-09T07:21:35Z,SCHEDULED_FULL,44a3bcf5bd002583ddef2207a92dd977,odds_44a3bcf5bd002583ddef2207a92dd977,,,2026-11-27T20:00:00Z,114518.40961535,DEN,PIT,draftkings,DraftKings,2026-09-09T07:20:51Z,44.423079,-122.0,102.0,0.5495495495495496,0.49504950495049505,0.044599054500044755,0.4739134147382802,DEN,-1.5,-110,1.5,-110,39.5,-110,-110
2026-09-09T07:21:35Z,SCHEDULED_FULL,6a05021bdb6bab24b9bb381ffff10f0c,odds_6a05021bdb6bab24b9bb381ffff10f0c,,,2026-11-29T18:00:00Z,117278.40961535,ATL,MIN,draftkings,DraftKings,2026-09-09T07:20:51Z,44.423079,180.0,-218.0,0.35714285714285715,0.6855345911949685,0.04267744833782561,0.6574752261956054,MIN,4.5,-110,-4.5,-110,43.5,-110,-110
2026-09-09T07:21:35Z,SCHEDULED_FULL,60d0c074801985c1062795362a24200e,odds_60d0c074801985c1062795362a24200e,,,2026-11-29T18:00:00Z,117278.40961535,BAL,HOU,draftkings,DraftKings,2026-09-09T07:20:51Z,44.423079,102.0,-122.0,0.49504950495049505,0.5495495495495496,0.044599054500044755,0.5260865852617197,HOU,1.5,-110,-1.5,-110,45.5,-110,-110
2026-09-09T07:21:35Z,SCHEDULED_FULL,f7d3ae7a8fe2438cef7d7d7bc67e31db,odds_f7d3ae7a8fe2438cef7d7d7bc67e31db,,,2026-11-29T18:00:00Z,117278.40961535,NO,CIN,draftkings,DraftKings,2026-09-09T07:20:51Z,44.423079,235.0,-290.0,0.29850746268656714,0.7435897435897436,0.04209720627631075,0.7135512302607419,CIN,6.5,-110,-6.5,-110,48.5,-110,-110
2026-09-09T07:21:35Z,SCHEDULED_FULL,f7d3ae7a8fe2438cef7d7d7bc67e31db,odds_f7d3ae7a8fe2438cef7d7d7bc67e31db,,,2026-11-29T18:00:00Z,117278.40961535,NO,CIN,betus,BetUS,2026-09-09T07:21:33Z,2.423079,,,,,,,,6.5,-110,-6.5,-110,48.5,-110,-110
2026-09-09T07:21:35Z,SCHEDULED_FULL,eaa993c3d62d6b5aeb6142cdd7862fd5,odds_eaa993c3d62d6b5aeb6142cdd7862fd5,,,2026-11-29T18:00:00Z,117278.40961535,LV,CLE,draftkings,DraftKings,2026-09-09T07:20:51Z,44.423079,102.0,-122.0,0.49504950495049505,0.5495495495495496,0.044599054500044755,0.5260865852617197,CLE,1.5,-110,-1.5,-110,39.5,-110,-110
2026-09-09T07:21:35Z,SCHEDULED_FULL,e9da808e36e1b7475698a57465ad4519,odds_e9da808e36e1b7475698a57465ad4519,,,2026-11-29T18:00:00Z,117278.40961535,NYG,IND,draftkings,DraftKings,2026-09-09T07:20:51Z,44.423079,114.0,-135.0,0.4672897196261682,0.574468085106383,0.04175780473255131,0.551441114716549,IND,2.5,-110,-2.5,-110,47.5,-110,-110
2026-09-09T07:21:35Z,SCHEDULED_FULL,81a8fee5b649a3ad5ad59e9528f2f376,odds_81a8fee5b649a3ad5ad59e9528f2f376,,,2026-11-29T18:00:00Z,117278.40961535,TEN,JAX,draftkings,DraftKings,2026-09-09T07:20:51Z,44.423079,195.0,-238.0,0.3389830508474576,0.7041420118343196,0.04312506268177718,0.6750312469954812,JAX,5.5,-110,-5.5,-110,45.5,-110,-110
2026-09-09T07:21:35Z,SCHEDULED_FULL,81a8fee5b649a3ad5ad59e9528f2f376,odds_81a8fee5b649a3ad5ad59e9528f2f376,,,2026-11-29T18:00:00Z,117278.40961535,TEN,JAX,betus,BetUS,2026-09-09T07:21:33Z,2.423079,,,,,,,,5.5,-110,-5.5,-110,45.5,-110,-110
2026-09-09T07:21:35Z,SCHEDULED_FULL,5ea0e3ea5944b0ad5169f21c0787b331,odds_5ea0e3ea5944b0ad5169f21c0787b331,,,2026-11-29T18:00:00Z,117278.40961535,NYJ,MIA,draftkings,DraftKings,2026-09-09T07:20:51Z,44.423079,105.0,-125.0,0.4878048780487805,0.5555555555555556,0.04336043360433606,0.5324675324675325,MIA,1.5,-110,-1.5,-110,40.5,-110,-110
2026-09-09T07:21:35Z,SCHEDULED_FULL,69a1dbe9de3d3212c3a7a55be5d204ab,odds_69a1dbe9de3d3212c3a7a55be5d204ab,,,2026-11-29T21:25:00Z,117483.40961535,WAS,ARI,draftkings,DraftKings,2026-09-09T07:20:51Z,44.423079,-218.0,180.0,0.6855345911949685,0.35714285714285715,0.04267744833782561,0.34252477380439467,WAS,-4.5,-110,4.5,-110,47.5,-110,-110
2026-09-09T07:21:35Z,SCHEDULED_FULL,69a1dbe9de3d3212c3a7a55be5d204ab,odds_69a1dbe9de3d3212c3a7a55be5d204ab,,,2026-11-29T21:25:00Z,117483.40961535,WAS,ARI,betus,BetUS,2026-09-09T07:21:33Z,2.423079,,,,,,,,-4.5,-110,4.5,-110,47.5,-110,-110
2026-09-09T07:21:35Z,SCHEDULED_FULL,d68dced0b26726890b9c79bd19a5ffe5,odds_d68dced0b26726890b9c79bd19a5ffe5,,,2026-11-29T21:25:00Z,117483.40961535,SEA,SF,draftkings,DraftKings,2026-09-09T07:20:51Z,44.423079,-110.0,-110.0,0.5238095238095238,0.5238095238095238,0.04761904761904767,0.5,SF,1.5,-125,-1.5,105,46.5,-110,-110
2026-09-09T07:21:35Z,SCHEDULED_FULL,d68dced0b26726890b9c79bd19a5ffe5,odds_d68dced0b26726890b9c79bd19a5ffe5,,,2026-11-29T21:25:00Z,117483.40961535,SEA,SF,betus,BetUS,2026-09-09T07:21:33Z,2.423079,,,,,,,,1.5,-120,-1.5,100,46.5,-110,-110
2026-09-09T07:21:35Z,SCHEDULED_FULL,c64ceba13ede564e8658693e3171e7f9,odds_c64ceba13ede564e8658693e3171e7f9,,,2026-11-30T01:20:00Z,117718.40961535,NE,LAC,draftkings,DraftKings,2026-09-09T07:20:51Z,44.423079,105.0,-125.0,0.4878048780487805,0.5555555555555556,0.04336043360433606,0.5324675324675325,LAC,1.5,-110,-1.5,-110,45.5,-110,-110
2026-09-09T07:21:35Z,SCHEDULED_FULL,c64ceba13ede564e8658693e3171e7f9,odds_c64ceba13ede564e8658693e3171e7f9,,,2026-11-30T01:20:00Z,117718.40961535,NE,LAC,betus,BetUS,2026-09-09T07:21:33Z,2.423079,,,,,,,,2.5,-110,-2.5,-110,45.5,-110,-110
2026-09-09T07:21:35Z,SCHEDULED_FULL,2cdaecba7c0bff9b58a48a82e6ee17a7,odds_2cdaecba7c0bff9b58a48a82e6ee17a7,,,2026-12-01T01:15:00Z,119153.40961535,CAR,TB,draftkings,DraftKings,2026-09-09T07:20:51Z,44.423079,160.0,-192.0,0.38461538461538464,0.6575342465753424,0.04214963119072701,0.6309403437815976,TB,3.5,-110,-3.5,-110,44.5,-110,-110
2026-09-09T07:21:35Z,SCHEDULED_FULL,2cdaecba7c0bff9b58a48a82e6ee17a7,odds_2cdaecba7c0bff9b58a48a82e6ee17a7,,,2026-12-01T01:15:00Z,119153.40961535,CAR,TB,betus,BetUS,2026-09-09T07:21:33Z,2.423079,,,,,,,,3.5,-110,-3.5,-110,44.5,-110,-110
2026-09-09T07:21:35Z,SCHEDULED_FULL,06e52a676b516186989e3b181a37c8a7,odds_06e52a676b516186989e3b181a37c8a7,,,2026-12-04T01:15:00Z,123473.40961535,KC,LA,draftkings,DraftKings,2026-09-09T07:20:51Z,44.423079,170.0,-205.0,0.37037037037037035,0.6721311475409836,0.042501517911353925,0.644729178800233,LA,3.5,-105,-3.5,-115,47.5,-110,-110
2026-09-09T07:21:35Z,SCHEDULED_FULL,c94419ba8fb818fc36a5b21b526aab75,odds_c94419ba8fb818fc36a5b21b526aab75,,,2026-12-06T18:00:00Z,127358.40961535,DET,ATL,draftkings,DraftKings,2026-09-09T07:20:51Z,44.423079,-185.0,154.0,0.6491228070175439,0.3937007874015748,0.04282359441911865,0.3775334481388264,DET,-3.5,-110,3.5,-110,48.5,-110,-110
2026-09-09T07:21:35Z,SCHEDULED_FULL,0236f9aa68d65ea03bd1ca025b749c20,odds_0236f9aa68d65ea03bd1ca025b749c20,,,2026-12-06T18:00:00Z,127358.40961535,JAX,CHI,draftkings,DraftKings,2026-09-09T07:20:51Z,44.423079,130.0,-155.0,0.43478260869565216,0.6078431372549019,0.04262574595055413,0.5829926410466066,CHI,3.0,-115,-3.0,-105,47.5,-110,-110
2026-09-09T07:21:35Z,SCHEDULED_FULL,b447fab53534af892f98a74eae26c1c6,odds_b447fab53534af892f98a74eae26c1c6,,,2026-12-06T18:00:00Z,127358.40961535,CIN,CLE,draftkings,DraftKings,2026-09-09T07:20:51Z,44.423079,-225.0,185.0,0.6923076923076923,0.3508771929824561,0.04318488529014841,0.33635187580853815,CIN,-4.5,-110,4.5,-110,45.5,-110,-110
2026-09-09T07:21:35Z,SCHEDULED_FULL,9a55467e1cd6310ae2af20d8154612e1,odds_9a55467e1cd6310ae2af20d8154612e1,,,2026-12-06T18:00:00Z,127358.40961535,MIA,DEN,draftkings,DraftKings,2026-09-09T07:20:51Z,44.423079,350.0,-455.0,0.2222222222222222,0.8198198198198198,0.04204204204204198,0.7867435158501441,DEN,9.5,-110,-9.5,-110,42.5,-110,-110
2026-09-09T07:21:35Z,SCHEDULED_FULL,1ccb61b811b7aae4270df22a67e6459f,odds_1ccb61b811b7aae4270df22a67e6459f,,,2026-12-06T18:00:00Z,127358.40961535,GB,NO,draftkings,DraftKings,2026-09-09T07:20:51Z,44.423079,-225.0,185.0,0.6923076923076923,0.3508771929824561,0.04318488529014841,0.33635187580853815,GB,-4.5,-110,4.5,-110,45.5,-110,-110
2026-09-09T07:21:35Z,SCHEDULED_FULL,1ccb61b811b7aae4270df22a67e6459f,odds_1ccb61b811b7aae4270df22a67e6459f,,,2026-12-06T18:00:00Z,127358.40961535,GB,NO,betus,BetUS,2026-09-09T07:21:33Z,2.423079,,,,,,,,-4.5,-110,4.5,-110,45.5,-110,-110
2026-09-09T07:21:35Z,SCHEDULED_FULL,f8a92363386bd337975650879086cca6,odds_f8a92363386bd337975650879086cca6,,,2026-12-06T18:00:00Z,127358.40961535,LAC,TB,draftkings,DraftKings,2026-09-09T07:20:51Z,44.423079,-142.0,120.0,0.5867768595041323,0.45454545454545453,0.04132231404958686,0.43650793650793646,LAC,-2.5,-110,2.5,-110,46.5,-110,-110
2026-09-09T07:21:35Z,SCHEDULED_FULL,f8a92363386bd337975650879086cca6,odds_f8a92363386bd337975650879086cca6,,,2026-12-06T18:00:00Z,127358.40961535,LAC,TB,betus,BetUS,2026-09-09T07:21:33Z,2.423079,,,,,,,,-1.5,-110,1.5,-110,46.5,-110,-110
2026-09-09T07:21:35Z,SCHEDULED_FULL,a5495c3360b3bb13da76ba23a675c9ef,odds_a5495c3360b3bb13da76ba23a675c9ef,,,2026-12-06T18:00:00Z,127358.40961535,SF,NYG,draftkings,DraftKings,2026-09-09T07:20:51Z,44.423079,-166.0,140.0,0.6240601503759399,0.4166666666666667,0.0407268170426065,0.4003612281757977,SF,-3.0,-110,3.0,-110,47.5,-110,-110
2026-09-09T07:21:35Z,SCHEDULED_FULL,ae3429e95ee704c7fd001cade20072d0,odds_ae3429e95ee704c7fd001cade20072d0,,,2026-12-06T18:00:00Z,127358.40961535,WAS,TEN,draftkings,DraftKings,2026-09-09T07:20:51Z,44.423079,-125.0,105.0,0.5555555555555556,0.4878048780487805,0.04336043360433606,0.4675324675324675,WAS,-1.5,-110,1.5,-110,46.5,-110,-110
2026-09-09T07:21:35Z,SCHEDULED_FULL,ae3429e95ee704c7fd001cade20072d0,odds_ae3429e95ee704c7fd001cade20072d0,,,2026-12-06T18:00:00Z,127358.40961535,WAS,TEN,betus,BetUS,2026-09-09T07:21:33Z,2.423079,,,,,,,,-1.5,100,1.5,-120,46.5,-110,-110
2026-09-09T07:21:35Z,SCHEDULED_FULL,f4897f48a5351881280f7598bd826408,odds_f4897f48a5351881280f7598bd826408,,,2026-12-06T21:05:00Z,127543.40961535,PHI,ARI,draftkings,DraftKings,2026-09-09T07:20:51Z,44.423079,-395.0,310.0,0.797979797979798,0.24390243902439024,0.04188223700418825,0.23409789548356585,PHI,-8.5,-110,8.5,-110,43.5,-110,-110
2026-09-09T07:21:35Z,SCHEDULED_FULL,f4897f48a5351881280f7598bd826408,odds_f4897f48a5351881280f7598bd826408,,,2026-12-06T21:05:00Z,127543.40961535,PHI,ARI,betus,BetUS,2026-09-09T07:21:33Z,2.423079,,,,,,,,-8.5,-110,8.5,-110,43.5,-110,-110
2026-09-09T07:21:35Z,SCHEDULED_FULL,4116dbff75ab7957b69c2152f204b74d,odds_4116dbff75ab7957b69c2152f204b74d,,,2026-12-06T21:25:00Z,127563.40961535,BUF,NE,draftkings,DraftKings,2026-09-09T07:20:51Z,44.423079,102.0,-122.0,0.49504950495049505,0.5495495495495496,0.044599054500044755,0.5260865852617197,NE,1.5,-112,-1.5,-108,48.5,-110,-110
2026-09-09T07:21:35Z,SCHEDULED_FULL,c186c605febd6370b292469c9151cfb3,odds_c186c605febd6370b292469c9151cfb3,,,2026-12-06T21:25:00Z,127563.40961535,CAR,MIN,draftkings,DraftKings,2026-09-09T07:20:51Z,44.423079,160.0,-192.0,0.38461538461538464,0.6575342465753424,0.04214963119072701,0.6309403437815976,MIN,3.5,-110,-3.5,-110,42.5,-110,-110
2026-09-09T07:21:35Z,SCHEDULED_FULL,c186c605febd6370b292469c9151cfb3,odds_c186c605febd6370b292469c9151cfb3,,,2026-12-06T21:25:00Z,127563.40961535,CAR,MIN,betus,BetUS,2026-09-09T07:21:33Z,2.423079,,,,,,,,3.5,-110,-3.5,-110,42.5,-110,-110
2026-09-09T07:21:35Z,SCHEDULED_FULL,26bf8e165d2d273ed0772a355f07ab16,odds_26bf8e165d2d273ed0772a355f07ab16,,,2026-12-07T01:20:00Z,127798.40961535,HOU,PIT,draftkings,DraftKings,2026-09-09T07:20:51Z,44.423079,-125.0,105.0,0.5555555555555556,0.4878048780487805,0.04336043360433606,0.4675324675324675,HOU,-1.5,-110,1.5,-110,41.5,-110,-110
2026-09-09T07:21:35Z,SCHEDULED_FULL,0db4646c964ecdff19957373fe707546,odds_0db4646c964ecdff19957373fe707546,,,2026-12-08T01:15:00Z,129233.40961535,DAL,SEA,draftkings,DraftKings,2026-09-09T07:20:51Z,44.423079,185.0,-225.0,0.3508771929824561,0.6923076923076923,0.04318488529014841,0.6636481241914618,SEA,4.5,-110,-4.5,-110,48.5,-110,-110
2026-09-09T07:21:35Z,SCHEDULED_FULL,01548e41e7ba5318bb25c9bc2a32f73d,odds_01548e41e7ba5318bb25c9bc2a32f73d,,,2026-12-11T01:15:00Z,133553.40961535,MIN,NE,draftkings,DraftKings,2026-09-09T07:20:51Z,44.423079,180.0,-218.0,0.35714285714285715,0.6855345911949685,0.04267744833782561,0.6574752261956054,NE,4.5,-110,-4.5,-110,43.5,-110,-110
2026-09-09T07:21:35Z,SCHEDULED_FULL,01548e41e7ba5318bb25c9bc2a32f73d,odds_01548e41e7ba5318bb25c9bc2a32f73d,,,2026-12-11T01:15:00Z,133553.40961535,MIN,NE,betus,BetUS,2026-09-09T07:21:33Z,2.423079,,,,,,,,4.5,-110,-4.5,-110,43.5,-110,-110
2026-09-09T07:21:35Z,SCHEDULED_FULL,f7fba6b1804e02292ee0ce4738484258,odds_f7fba6b1804e02292ee0ce4738484258,,,2026-12-13T18:00:00Z,137438.40961535,ATL,CLE,draftkings,DraftKings,2026-09-09T07:20:51Z,44.423079,105.0,-125.0,0.4878048780487805,0.5555555555555556,0.04336043360433606,0.5324675324675325,CLE,1.5,-110,-1.5,-110,40.5,-110,-110
2026-09-09T07:21:35Z,SCHEDULED_FULL,bec99e2f2b4c80e345731d69ee38d831,odds_bec99e2f2b4c80e345731d69ee38d831,,,2026-12-13T18:00:00Z,137438.40961535,TB,BAL,draftkings,DraftKings,2026-09-09T07:20:51Z,44.423079,210.0,-258.0,0.3225806451612903,0.7206703910614525,0.043251036222742734,0.690792883054068,BAL,6.0,-110,-6.0,-110,48.5,-110,-110
2026-09-09T07:21:35Z,SCHEDULED_FULL,bec99e2f2b4c80e345731d69ee38d831,odds_bec99e2f2b4c80e345731d69ee38d831,,,2026-12-13T18:00:00Z,137438.40961535,TB,BAL,betus,BetUS,2026-09-09T07:21:33Z,2.423079,,,,,,,,6.0,-110,-6.0,-110,48.5,-110,-110
2026-09-09T07:21:35Z,SCHEDULED_FULL,dcc7b377d3b3ec990304612bbef47d3d,odds_dcc7b377d3b3ec990304612bbef47d3d,,,2026-12-13T18:00:00Z,137438.40961535,NO,CAR,draftkings,DraftKings,2026-09-09T07:20:51Z,44.423079,114.0,-135.0,0.4672897196261682,0.574468085106383,0.04175780473255131,0.551441114716549,CAR,2.5,-110,-2.5,-110,43.5,-110,-110
2026-09-09T07:21:35Z,SCHEDULED_FULL,dcc7b377d3b3ec990304612bbef47d3d,odds_dcc7b377d3b3ec990304612bbef47d3d,,,2026-12-13T18:00:00Z,137438.40961535,NO,CAR,betus,BetUS,2026-09-09T07:21:33Z,2.423079,,,,,,,,2.5,-110,-2.5,-110,43.5,-110,-110
2026-09-09T07:21:35Z,SCHEDULED_FULL,2c6added7199a59f1e9dae8492c29da4,odds_2c6added7199a59f1e9dae8492c29da4,,,2026-12-13T18:00:00Z,137438.40961535,CHI,MIA,draftkings,DraftKings,2026-09-09T07:20:51Z,44.423079,-245.0,200.0,0.7101449275362319,0.3333333333333333,0.04347826086956519,0.3194444444444444,CHI,-5.5,-110,5.5,-110,46.5,-110,-110
2026-09-09T07:21:35Z,SCHEDULED_FULL,5185ace33aebc87d39074147940f2fa5,odds_5185ace33aebc87d39074147940f2fa5,,,2026-12-13T18:00:00Z,137438.40961535,DEN,NYJ,draftkings,DraftKings,2026-09-09T07:20:51Z,44.423079,-230.0,190.0,0.696969696969697,0.3448275862068966,0.04179728317659359,0.33099297893681046,DEN,-5.5,-110,5.5,-110,39.5,-110,-110
2026-09-09T07:21:35Z,SCHEDULED_FULL,a31f461ccd92e1072f23ccfae281ae9a,odds_a31f461ccd92e1072f23ccfae281ae9a,,,2026-12-13T18:00:00Z,137438.40961535,TEN,DET,draftkings,DraftKings,2026-09-09T07:20:51Z,44.423079,285.0,-360.0,0.2597402597402597,0.782608695652174,0.04234895539243366,0.7508125677139762,DET,7.5,-110,-7.5,-110,47.5,-110,-110
2026-09-09T07:21:35Z,SCHEDULED_FULL,5dc9cb8fba610d682dc670ae4e7d59f3,odds_5dc9cb8fba610d682dc670ae4e7d59f3,,,2026-12-13T18:00:00Z,137438.40961535,HOU,WAS,draftkings,DraftKings,2026-09-09T07:20:51Z,44.423079,-122.0,102.0,0.5495495495495496,0.49504950495049505,0.044599054500044755,0.4739134147382802,HOU,-1.5,-110,1.5,-110,44.5,-110,-110
2026-09-09T07:21:35Z,SCHEDULED_FULL,45203f985f8d1567ad19b0617dd267f8,odds_45203f985f8d1567ad19b0617dd267f8,,,2026-12-13T18:00:00Z,137438.40961535,IND,PHI,draftkings,DraftKings,2026-09-09T07:20:51Z,44.423079,200.0,-245.0,0.3333333333333333,0.7101449275362319,0.04347826086956519,0.6805555555555556,PHI,5.5,-110,-5.5,-110,46.5,-110,-110
2026-09-09T07:21:35Z,SCHEDULED_FULL,45203f985f8d1567ad19b0617dd267f8,odds_45203f985f8d1567ad19b0617dd267f8,,,2026-12-13T18:00:00Z,137438.40961535,IND,PHI,betus,BetUS,2026-09-09T07:21:33Z,2.423079,,,,,,,,5.5,-110,-5.5,-110,46.5,-110,-110
2026-09-09T07:21:35Z,SCHEDULED_FULL,484c491dc1dee090d740ba077b7d9709,odds_484c491dc1dee090d740ba077b7d9709,,,2026-12-13T21:05:00Z,137623.40961535,LAC,LV,draftkings,DraftKings,2026-09-09T07:20:51Z,44.423079,-230.0,190.0,0.696969696969697,0.3448275862068966,0.04179728317659359,0.33099297893681046,LAC,-5.5,-110,5.5,-110,43.5,-110,-110
2026-09-09T07:21:35Z,SCHEDULED_FULL,180b5fa7ea6bd0d2d9ddb9ba5ee38cc0,odds_180b5fa7ea6bd0d2d9ddb9ba5ee38cc0,,,2026-12-13T21:25:00Z,137643.40961535,KC,CIN,draftkings,DraftKings,2026-09-09T07:20:51Z,44.423079,105.0,-125.0,0.4878048780487805,0.5555555555555556,0.04336043360433606,0.5324675324675325,CIN,1.5,-110,-1.5,-110,48.5,-110,-110
2026-09-09T07:21:35Z,SCHEDULED_FULL,180b5fa7ea6bd0d2d9ddb9ba5ee38cc0,odds_180b5fa7ea6bd0d2d9ddb9ba5ee38cc0,,,2026-12-13T21:25:00Z,137643.40961535,KC,CIN,betus,BetUS,2026-09-09T07:21:33Z,2.423079,,,,,,,,1.5,-120,-1.5,100,48.5,-110,-110
2026-09-09T07:21:35Z,SCHEDULED_FULL,6174916c7e2df8d1b80a88cfbd259d44,odds_6174916c7e2df8d1b80a88cfbd259d44,,,2026-12-13T21:25:00Z,137643.40961535,LA,SF,draftkings,DraftKings,2026-09-09T07:20:51Z,44.423079,-130.0,110.0,0.5652173913043478,0.47619047619047616,0.04140786749482395,0.4572564612326044,LA,-1.5,-115,1.5,-105,49.5,-110,-110
2026-09-09T07:21:35Z,SCHEDULED_FULL,f5ab9d8455daf9e2a6c4c443fe0cd19f,odds_f5ab9d8455daf9e2a6c4c443fe0cd19f,,,2026-12-13T21:25:00Z,137643.40961535,NYG,SEA,draftkings,DraftKings,2026-09-09T07:20:51Z,44.423079,295.0,-375.0,0.25316455696202533,0.7894736842105263,0.04263824117255166,0.7571884984025559,SEA,7.5,-110,-7.5,-110,45.5,-110,-110
2026-09-09T07:21:35Z,SCHEDULED_FULL,c4877c048defcb80e0ab37c0688f37f6,odds_c4877c048defcb80e0ab37c0688f37f6,,,2026-12-14T01:20:00Z,137878.40961535,BUF,GB,draftkings,DraftKings,2026-09-09T07:20:51Z,44.423079,105.0,-125.0,0.4878048780487805,0.5555555555555556,0.04336043360433606,0.5324675324675325,GB,1.5,-110,-1.5,-110,49.5,-110,-110
2026-09-09T07:21:35Z,SCHEDULED_FULL,690e2ee2ed5f0875f7cbaecdc51373f5,odds_690e2ee2ed5f0875f7cbaecdc51373f5,,,2026-12-15T01:15:00Z,139313.40961535,PIT,JAX,draftkings,DraftKings,2026-09-09T07:20:51Z,44.423079,136.0,-162.0,0.423728813559322,0.6183206106870229,0.042049424246344946,0.593369754159424,JAX,3.0,-110,-3.0,-110,44.5,-110,-110
2026-09-09T07:21:35Z,SCHEDULED_FULL,690e2ee2ed5f0875f7cbaecdc51373f5,odds_690e2ee2ed5f0875f7cbaecdc51373f5,,,2026-12-15T01:15:00Z,139313.40961535,PIT,JAX,betus,BetUS,2026-09-09T07:21:33Z,2.423079,,,,,,,,3.0,-110,-3.0,-110,44.5,-110,-110
2026-09-09T07:21:35Z,SCHEDULED_FULL,790af233087803c297861901ffa271d7,odds_790af233087803c297861901ffa271d7,,,2026-12-18T01:15:00Z,143633.40961534998,SF,LAC,draftkings,DraftKings,2026-09-09T07:20:52Z,43.423079,120.0,-142.0,0.45454545454545453,0.5867768595041323,0.04132231404958686,0.5634920634920635,LAC,2.5,-110,-2.5,-110,47.5,-110,-110
2026-09-09T07:21:35Z,SCHEDULED_FULL,790af233087803c297861901ffa271d7,odds_790af233087803c297861901ffa271d7,,,2026-12-18T01:15:00Z,143633.40961534998,SF,LAC,betus,BetUS,2026-09-09T07:21:33Z,2.423079,,,,,,,,2.5,-110,-2.5,-110,47.5,-110,-110
2026-09-09T07:21:35Z,SCHEDULED_FULL,171aba127aaad3dcbe32a02fc194eb32,odds_171aba127aaad3dcbe32a02fc194eb32,,,2026-12-19T22:00:00Z,146318.40961534998,SEA,PHI,draftkings,DraftKings,2026-09-09T07:20:52Z,43.423079,105.0,-125.0,0.4878048780487805,0.5555555555555556,0.04336043360433606,0.5324675324675325,PHI,1.5,-110,-1.5,-110,43.5,-110,-110
2026-09-09T07:21:35Z,SCHEDULED_FULL,171aba127aaad3dcbe32a02fc194eb32,odds_171aba127aaad3dcbe32a02fc194eb32,,,2026-12-19T22:00:00Z,146318.40961534998,SEA,PHI,betus,BetUS,2026-09-09T07:21:33Z,2.423079,,,,,,,,1.5,-120,-1.5,100,43.5,-110,-110
2026-09-09T07:21:35Z,SCHEDULED_FULL,784568b1df055bf7eb8780c110d5e910,odds_784568b1df055bf7eb8780c110d5e910,,,2026-12-20T01:20:00Z,146518.40961534998,CHI,BUF,draftkings,DraftKings,2026-09-09T07:20:52Z,43.423079,154.0,-185.0,0.3937007874015748,0.6491228070175439,0.04282359441911865,0.6224665518611737,BUF,3.5,-110,-3.5,-110,51.5,-110,-110
2026-09-09T07:21:35Z,SCHEDULED_FULL,5931eee49f5f2656a5344e1388a68816,odds_5931eee49f5f2656a5344e1388a68816,,,2026-12-20T18:00:00Z,147518.40961534998,ATL,WAS,draftkings,DraftKings,2026-09-09T07:20:52Z,43.423079,154.0,-185.0,0.3937007874015748,0.6491228070175439,0.04282359441911865,0.6224665518611737,WAS,3.5,-110,-3.5,-110,46.5,-110,-110
2026-09-09T07:21:35Z,SCHEDULED_FULL,2f4b1899c1c278947920e0254b682d90,odds_2f4b1899c1c278947920e0254b682d90,,,2026-12-20T18:00:00Z,147518.40961534998,BAL,PIT,draftkings,DraftKings,2026-09-09T07:20:52Z,43.423079,-148.0,124.0,0.5967741935483871,0.44642857142857145,0.04320276497695863,0.42794036443953615,BAL,-2.5,-120,2.5,100,46.5,-110,-110
2026-09-09T07:21:35Z,SCHEDULED_FULL,2f4b1899c1c278947920e0254b682d90,odds_2f4b1899c1c278947920e0254b682d90,,,2026-12-20T18:00:00Z,147518.40961534998,BAL,PIT,betus,BetUS,2026-09-09T07:21:33Z,2.423079,,,,,,,,-2.5,-110,2.5,-110,45.5,-110,-110
2026-09-09T07:21:35Z,SCHEDULED_FULL,000fc688beb4fc004ecdad115d9adb1c,odds_000fc688beb4fc004ecdad115d9adb1c,,,2026-12-20T18:00:00Z,147518.40961534998,CIN,CAR,draftkings,DraftKings,2026-09-09T07:20:52Z,43.423079,-148.0,124.0,0.5967741935483871,0.44642857142857145,0.04320276497695863,0.42794036443953615,CIN,-2.5,-120,2.5,100,47.5,-110,-110
2026-09-09T07:21:35Z,SCHEDULED_FULL,000fc688beb4fc004ecdad115d9adb1c,odds_000fc688beb4fc004ecdad115d9adb1c,,,2026-12-20T18:00:00Z,147518.40961534998,CIN,CAR,betus,BetUS,2026-09-09T07:21:33Z,2.423079,,,,,,,,-2.5,-110,2.5,-110,47.5,-110,-110
2026-09-09T07:21:35Z,SCHEDULED_FULL,1cb23c83ae4af84cffcdae6b31d06e83,odds_1cb23c83ae4af84cffcdae6b31d06e83,,,2026-12-20T18:00:00Z,147518.40961534998,CLE,NYG,draftkings,DraftKings,2026-09-09T07:20:52Z,43.423079,180.0,-218.0,0.35714285714285715,0.6855345911949685,0.04267744833782561,0.6574752261956054,NYG,4.5,-110,-4.5,-110,40.5,-110,-110
2026-09-09T07:21:35Z,SCHEDULED_FULL,99719df35bc2efdcc72096f865ed8841,odds_99719df35bc2efdcc72096f865ed8841,,,2026-12-20T18:00:00Z,147518.40961534998,MIA,GB,draftkings,DraftKings,2026-09-09T07:20:52Z,43.423079,470.0,-650.0,0.17543859649122806,0.8666666666666667,0.04210526315789487,0.8316498316498315,GB,10.5,-110,-10.5,-110,45.5,-110,-110
2026-09-09T07:21:35Z,SCHEDULED_FULL,29211b6e78461220a2833184233f70e5,odds_29211b6e78461220a2833184233f70e5,,,2026-12-20T18:00:00Z,147518.40961534998,JAX,HOU,draftkings,DraftKings,2026-09-09T07:20:52Z,43.423079,136.0,-162.0,0.423728813559322,0.6183206106870229,0.042049424246344946,0.593369754159424,HOU,3.0,-110,-3.0,-110,43.5,-110,-110
2026-09-09T07:21:35Z,SCHEDULED_FULL,3b696c07ff6a1ef461d023a73db17584,odds_3b696c07ff6a1ef461d023a73db17584,,,2026-12-20T18:00:00Z,147518.40961534998,IND,TEN,draftkings,DraftKings,2026-09-09T07:20:52Z,43.423079,-125.0,105.0,0.5555555555555556,0.4878048780487805,0.04336043360433606,0.4675324675324675,IND,-1.5,-110,1.5,-110,47.5,-110,-110
2026-09-09T07:21:35Z,SCHEDULED_FULL,3b696c07ff6a1ef461d023a73db17584,odds_3b696c07ff6a1ef461d023a73db17584,,,2026-12-20T18:00:00Z,147518.40961534998,IND,TEN,betus,BetUS,2026-09-09T07:21:33Z,2.423079,,,,,,,,-1.5,-110,1.5,-110,47.5,-110,-110
2026-09-09T07:21:35Z,SCHEDULED_FULL,e15a91cebf3480ff0b93b4fbacb09797,odds_e15a91cebf3480ff0b93b4fbacb09797,,,2026-12-20T18:00:00Z,147518.40961534998,NO,TB,draftkings,DraftKings,2026-09-09T07:20:52Z,43.423079,164.0,-198.0,0.3787878787878788,0.6644295302013423,0.043217408989220996,0.6369041816941223,TB,3.5,-110,-3.5,-110,45.5,-110,-110
2026-09-09T07:21:35Z,SCHEDULED_FULL,e15a91cebf3480ff0b93b4fbacb09797,odds_e15a91cebf3480ff0b93b4fbacb09797,,,2026-12-20T18:00:00Z,147518.40961534998,NO,TB,betus,BetUS,2026-09-09T07:21:33Z,2.423079,,,,,,,,3.5,-105,-3.5,-115,45.5,-110,-110
2026-09-09T07:21:35Z,SCHEDULED_FULL,d8cd12e7684fa2aa39f5b188ef6e62e0,odds_d8cd12e7684fa2aa39f5b188ef6e62e0,,,2026-12-20T21:05:00Z,147703.40961534998,NYJ,ARI,draftkings,DraftKings,2026-09-09T07:20:52Z,43.423079,-110.0,-110.0,0.5238095238095238,0.5238095238095238,0.04761904761904767,0.5,ARI,1.5,-125,-1.5,105,41.5,-110,-110
2026-09-09T07:21:35Z,SCHEDULED_FULL,77396e9d565860fbfd05779028223a8a,odds_77396e9d565860fbfd05779028223a8a,,,2026-12-20T21:25:00Z,147723.40961534998,DAL,LA,draftkings,DraftKings,2026-09-09T07:20:52Z,43.423079,200.0,-245.0,0.3333333333333333,0.7101449275362319,0.04347826086956519,0.6805555555555556,LA,6.0,-112,-6.0,-108,52.5,-110,-110
2026-09-09T07:21:35Z,SCHEDULED_FULL,9f507007b9c0a7082c1471a5fa841336,odds_9f507007b9c0a7082c1471a5fa841336,,,2026-12-20T21:25:00Z,147723.40961534998,DEN,LV,draftkings,DraftKings,2026-09-09T07:20:52Z,43.423079,-205.0,170.0,0.6721311475409836,0.37037037037037035,0.042501517911353925,0.35527082119976705,DEN,-4.5,-110,4.5,-110,41.5,-110,-110
2026-09-09T07:21:35Z,SCHEDULED_FULL,b34897a0368d570291d44e176c0c2331,odds_b34897a0368d570291d44e176c0c2331,,,2026-12-21T01:20:00Z,147958.40961534998,DET,MIN,draftkings,DraftKings,2026-09-09T07:20:52Z,43.423079,-122.0,102.0,0.5495495495495496,0.49504950495049505,0.044599054500044755,0.4739134147382802,DET,-1.5,-110,1.5,-110,46.5,-110,-110
2026-09-09T07:21:35Z,SCHEDULED_FULL,b2759105c27a25289ea1938f290c50fd,odds_b2759105c27a25289ea1938f290c50fd,,,2026-12-22T01:15:00Z,149393.40961534998,NE,KC,draftkings,DraftKings,2026-09-09T07:20:52Z,43.423079,120.0,-142.0,0.45454545454545453,0.5867768595041323,0.04132231404958686,0.5634920634920635,KC,2.5,-110,-2.5,-110,45.5,-110,-110
2026-09-09T07:21:35Z,SCHEDULED_FULL,b2759105c27a25289ea1938f290c50fd,odds_b2759105c27a25289ea1938f290c50fd,,,2026-12-22T01:15:00Z,149393.40961534998,NE,KC,betus,BetUS,2026-09-09T07:21:33Z,2.423079,,,,,,,,2.5,-110,-2.5,-110,45.5,-110,-110
2026-09-09T07:21:35Z,SCHEDULED_FULL,3f226ec5402c6ec4d84a59be80c2fa67,odds_3f226ec5402c6ec4d84a59be80c2fa67,,,2026-12-25T01:15:00Z,153713.40961534998,HOU,PHI,draftkings,DraftKings,2026-09-09T07:20:52Z,43.423079,114.0,-135.0,0.4672897196261682,0.574468085106383,0.04175780473255131,0.551441114716549,PHI,2.5,-112,-2.5,-108,37.5,-110,-110
2026-09-09T07:21:35Z,SCHEDULED_FULL,2828c07018dfafbe96aba205809cc7ac,odds_2828c07018dfafbe96aba205809cc7ac,,,2026-12-25T18:00:00Z,154718.40961534998,GB,CHI,draftkings,DraftKings,2026-09-09T07:20:52Z,43.423079,-102.0,-118.0,0.504950495049505,0.5412844036697247,0.04623489871922981,0.5173641257162701,CHI,1.5,-115,-1.5,-105,47.5,-110,-110
2026-09-09T07:21:35Z,SCHEDULED_FULL,126f27c71e8130ef87de0d137e833d9b,odds_126f27c71e8130ef87de0d137e833d9b,,,2026-12-25T21:30:00Z,154928.40961534998,BUF,DEN,draftkings,DraftKings,2026-09-09T07:20:52Z,43.423079,-130.0,110.0,0.5652173913043478,0.47619047619047616,0.04140786749482395,0.4572564612326044,BUF,-1.5,-115,1.5,-105,46.5,-110,-110
2026-09-09T07:21:35Z,SCHEDULED_FULL,f1af9705dbd2bbe4f1555f080ad06ba2,odds_f1af9705dbd2bbe4f1555f080ad06ba2,,,2026-12-26T01:15:00Z,155153.40961534998,LA,SEA,draftkings,DraftKings,2026-09-09T07:20:52Z,43.423079,110.0,-130.0,0.47619047619047616,0.5652173913043478,0.04140786749482395,0.5427435387673957,SEA,1.5,-105,-1.5,-115,47.5,-110,-110
2026-09-09T07:21:35Z,SCHEDULED_FULL,8fd00347b6d77ce384d83cba814430d7,odds_8fd00347b6d77ce384d83cba814430d7,,,2026-12-27T18:00:00Z,157598.40961534998,ARI,NO,draftkings,DraftKings,2026-09-09T07:20:52Z,43.423079,205.0,-250.0,0.32786885245901637,0.7142857142857143,0.042154566744730726,0.6853932584269663,NO,5.5,-110,-5.5,-110,44.5,-110,-110
2026-09-09T07:21:35Z,SCHEDULED_FULL,8fd00347b6d77ce384d83cba814430d7,odds_8fd00347b6d77ce384d83cba814430d7,,,2026-12-27T18:00:00Z,157598.40961534998,ARI,NO,betus,BetUS,2026-09-09T07:21:33Z,2.423079,,,,,,,,5.5,-110,-5.5,-110,44.5,-110,-110
2026-09-09T07:21:35Z,SCHEDULED_FULL,bd13d00f06ad222b0a1b6ea4d0add763,odds_bd13d00f06ad222b0a1b6ea4d0add763,,,2026-12-27T18:00:00Z,157598.40961534998,TB,ATL,draftkings,DraftKings,2026-09-09T07:20:52Z,43.423079,-125.0,105.0,0.5555555555555556,0.4878048780487805,0.04336043360433606,0.4675324675324675,TB,-1.5,-110,1.5,-110,45.5,-110,-110
2026-09-09T07:21:35Z,SCHEDULED_FULL,0f23afce92c2f0af28973c0a7533763e,odds_0f23afce92c2f0af28973c0a7533763e,,,2026-12-27T18:00:00Z,157598.40961534998,CLE,BAL,draftkings,DraftKings,2026-09-09T07:20:52Z,43.423079,330.0,-425.0,0.23255813953488372,0.8095238095238095,0.042081949058693224,0.7768331562167907,BAL,10.0,-110,-10.0,-110,43.5,-110,-110
2026-09-09T07:21:35Z,SCHEDULED_FULL,0f23afce92c2f0af28973c0a7533763e,odds_0f23afce92c2f0af28973c0a7533763e,,,2026-12-27T18:00:00Z,157598.40961534998,CLE,BAL,betus,BetUS,2026-09-09T07:21:33Z,2.423079,,,,,,,,9.5,-110,-9.5,-110,43.5,-110,-110
2026-09-09T07:21:35Z,SCHEDULED_FULL,74cb0e112d069cdbda1671ae85531f43,odds_74cb0e112d069cdbda1671ae85531f43,,,2026-12-27T18:00:00Z,157598.40961534998,CAR,PIT,draftkings,DraftKings,2026-09-09T07:20:52Z,43.423079,160.0,-192.0,0.38461538461538464,0.6575342465753424,0.04214963119072701,0.6309403437815976,PIT,3.5,-110,-3.5,-110,41.5,-110,-110
2026-09-09T07:21:35Z,SCHEDULED_FULL,74cb0e112d069cdbda1671ae85531f43,odds_74cb0e112d069cdbda1671ae85531f43,,,2026-12-27T18:00:00Z,157598.40961534998,CAR,PIT,betus,BetUS,2026-09-09T07:21:33Z,2.423079,,,,,,,,3.5,-110,-3.5,-110,41.5,-110,-110
2026-09-09T07:21:35Z,SCHEDULED_FULL,ca8982dccb6c3ae01525800317287f02,odds_ca8982dccb6c3ae01525800317287f02,,,2026-12-27T18:00:00Z,157598.40961534998,CIN,IND,draftkings,DraftKings,2026-09-09T07:20:52Z,43.423079,-125.0,105.0,0.5555555555555556,0.4878048780487805,0.04336043360433606,0.4675324675324675,CIN,-1.5,-110,1.5,-110,52.5,-110,-110
2026-09-09T07:21:35Z,SCHEDULED_FULL,ca8982dccb6c3ae01525800317287f02,odds_ca8982dccb6c3ae01525800317287f02,,,2026-12-27T18:00:00Z,157598.40961534998,CIN,IND,betus,BetUS,2026-09-09T07:21:33Z,2.423079,,,,,,,,-1.5,-110,1.5,-110,52.5,-110,-110
2026-09-09T07:21:35Z,SCHEDULED_FULL,29425f5c68826d615277cf9be2b82e00,odds_29425f5c68826d615277cf9be2b82e00,,,2026-12-27T18:00:00Z,157598.40961534998,TEN,LV,draftkings,DraftKings,2026-09-09T07:20:52Z,43.423079,105.0,-125.0,0.4878048780487805,0.5555555555555556,0.04336043360433606,0.5324675324675325,LV,1.5,-110,-1.5,-110,42.5,-110,-110
2026-09-09T07:21:35Z,SCHEDULED_FULL,fe2eb511d4c2da3a8e88b85b4f4e9f7e,odds_fe2eb511d4c2da3a8e88b85b4f4e9f7e,,,2026-12-27T18:00:00Z,157598.40961534998,LAC,MIA,draftkings,DraftKings,2026-09-09T07:20:52Z,43.423079,-360.0,285.0,0.782608695652174,0.2597402597402597,0.04234895539243366,0.2491874322860238,LAC,-7.0,-112,7.0,-108,45.5,-110,-110
2026-09-09T07:21:35Z,SCHEDULED_FULL,cf5cefa5556bcd0156bd394171ef6c8e,odds_cf5cefa5556bcd0156bd394171ef6c8e,,,2026-12-27T18:00:00Z,157598.40961534998,WAS,MIN,draftkings,DraftKings,2026-09-09T07:20:52Z,43.423079,120.0,-142.0,0.45454545454545453,0.5867768595041323,0.04132231404958686,0.5634920634920635,MIN,2.5,-110,-2.5,-110,46.5,-110,-110
2026-09-09T07:21:35Z,SCHEDULED_FULL,cf5cefa5556bcd0156bd394171ef6c8e,odds_cf5cefa5556bcd0156bd394171ef6c8e,,,2026-12-27T18:00:00Z,157598.40961534998,WAS,MIN,betus,BetUS,2026-09-09T07:21:33Z,2.423079,,,,,,,,2.5,-110,-2.5,-110,46.5,-110,-110
2026-09-09T07:21:35Z,SCHEDULED_FULL,669a7b568c2a64f9a136dadb0eda1da8,odds_669a7b568c2a64f9a136dadb0eda1da8,,,2026-12-27T18:00:00Z,157598.40961534998,NE,NYJ,draftkings,DraftKings,2026-09-09T07:20:52Z,43.423079,-278.0,225.0,0.7354497354497355,0.3076923076923077,0.043142043142043285,0.2949668357393679,NE,-6.5,-110,6.5,-110,40.5,-110,-110
2026-09-09T07:21:35Z,SCHEDULED_FULL,fc7cce3ae7c73cc7151357829e11b6d5,odds_fc7cce3ae7c73cc7151357829e11b6d5,,,2026-12-27T21:25:00Z,157803.40961534998,SF,KC,draftkings,DraftKings,2026-09-09T07:20:52Z,43.423079,130.0,-155.0,0.43478260869565216,0.6078431372549019,0.04262574595055413,0.5829926410466066,KC,3.0,-118,-3.0,-102,46.5,-110,-110
2026-09-09T07:21:35Z,SCHEDULED_FULL,fc7cce3ae7c73cc7151357829e11b6d5,odds_fc7cce3ae7c73cc7151357829e11b6d5,,,2026-12-27T21:25:00Z,157803.40961534998,SF,KC,betus,BetUS,2026-09-09T07:21:33Z,2.423079,,,,,,,,2.5,100,-2.5,-120,46.5,-110,-110
2026-09-09T07:21:35Z,SCHEDULED_FULL,b1c4ec04c3398a9efa25492000858384,odds_b1c4ec04c3398a9efa25492000858384,,,2026-12-28T01:20:00Z,158038.40961534998,JAX,DAL,draftkings,DraftKings,2026-09-09T07:20:52Z,43.423079,136.0,-162.0,0.423728813559322,0.6183206106870229,0.042049424246344946,0.593369754159424,DAL,3.0,-118,-3.0,-102,51.5,-110,-110
2026-09-09T07:21:35Z,SCHEDULED_FULL,ca92c191ebf7361ea56f9bbc09a5f51b,odds_ca92c191ebf7361ea56f9bbc09a5f51b,,,2026-12-29T01:15:00Z,159473.40961534998,NYG,DET,draftkings,DraftKings,2026-09-09T07:20:52Z,43.423079,170.0,-205.0,0.37037037037037035,0.6721311475409836,0.042501517911353925,0.644729178800233,DET,4.5,-110,-4.5,-110,49.5,-110,-110
2026-09-09T07:21:35Z,SCHEDULED_FULL,be268ce293cf4fad1c0c867a3ca4c257,odds_be268ce293cf4fad1c0c867a3ca4c257,,,2027-01-01T01:15:00Z,163793.40961534998,BAL,CIN,draftkings,DraftKings,2026-09-09T07:20:52Z,43.423079,114.0,-135.0,0.4672897196261682,0.574468085106383,0.04175780473255131,0.551441114716549,CIN,2.5,-110,-2.5,-110,51.5,-110,-110
2026-09-09T07:21:35Z,SCHEDULED_FULL,be268ce293cf4fad1c0c867a3ca4c257,odds_be268ce293cf4fad1c0c867a3ca4c257,,,2027-01-01T01:15:00Z,163793.40961534998,BAL,CIN,betus,BetUS,2026-09-09T07:21:33Z,2.423079,,,,,,,,2.5,-115,-2.5,-105,51.5,-110,-110
2026-09-09T07:21:35Z,SCHEDULED_FULL,e5dd9cc3fd5452d55c250949e946743d,odds_e5dd9cc3fd5452d55c250949e946743d,,,2027-01-03T18:00:00Z,167678.40961534998,NO,ATL,draftkings,DraftKings,2026-09-09T07:20:52Z,43.423079,102.0,-122.0,0.49504950495049505,0.5495495495495496,0.044599054500044755,0.5260865852617197,ATL,1.5,-110,-1.5,-110,44.5,-110,-110
2026-09-09T07:21:35Z,SCHEDULED_FULL,d9a186d988a3ede2a33e504f4890fe52,odds_d9a186d988a3ede2a33e504f4890fe52,,,2027-01-03T18:00:00Z,167678.40961534998,BUF,MIA,draftkings,DraftKings,2026-09-09T07:20:52Z,43.423079,-380.0,300.0,0.7916666666666666,0.25,0.04166666666666652,0.24000000000000005,BUF,-7.5,-110,7.5,-110,47.5,-110,-110
2026-09-09T07:21:35Z,SCHEDULED_FULL,b009f04b4f61b264a5163157c3439dc1,odds_b009f04b4f61b264a5163157c3439dc1,,,2027-01-03T18:00:00Z,167678.40961534998,SEA,CAR,draftkings,DraftKings,2026-09-09T07:20:52Z,43.423079,-245.0,200.0,0.7101449275362319,0.3333333333333333,0.04347826086956519,0.3194444444444444,SEA,-5.5,-110,5.5,-110,42.5,-110,-110
2026-09-09T07:21:35Z,SCHEDULED_FULL,b009f04b4f61b264a5163157c3439dc1,odds_b009f04b4f61b264a5163157c3439dc1,,,2027-01-03T18:00:00Z,167678.40961534998,SEA,CAR,betus,BetUS,2026-09-09T07:21:33Z,2.423079,,,,,,,,-5.5,-110,5.5,-110,42.5,-110,-110
2026-09-09T07:21:35Z,SCHEDULED_FULL,f2e03f9b857485bb13211ee0f5eb5935,odds_f2e03f9b857485bb13211ee0f5eb5935,,,2027-01-03T18:00:00Z,167678.40961534998,IND,CLE,draftkings,DraftKings,2026-09-09T07:20:52Z,43.423079,-135.0,114.0,0.574468085106383,0.4672897196261682,0.04175780473255131,0.448558885283451,IND,-2.5,-110,2.5,-110,43.5,-110,-110
2026-09-09T07:21:35Z,SCHEDULED_FULL,c8945d476449633912cf51a346ac98ca,odds_c8945d476449633912cf51a346ac98ca,,,2027-01-03T18:00:00Z,167678.40961534998,NYG,DAL,draftkings,DraftKings,2026-09-09T07:20:52Z,43.423079,180.0,-218.0,0.35714285714285715,0.6855345911949685,0.04267744833782561,0.6574752261956054,DAL,4.5,-110,-4.5,-110,49.5,-110,-110
2026-09-09T07:21:35Z,SCHEDULED_FULL,f62dba1e231083f489c391271a1f171c,odds_f62dba1e231083f489c391271a1f171c,,,2027-01-03T18:00:00Z,167678.40961534998,DEN,NE,draftkings,DraftKings,2026-09-09T07:20:52Z,43.423079,114.0,-135.0,0.4672897196261682,0.574468085106383,0.04175780473255131,0.551441114716549,NE,2.5,-110,-2.5,-110,42.5,-110,-110
2026-09-09T07:21:35Z,SCHEDULED_FULL,c96a3e9e40569b4ed5a546dff131c61d,odds_c96a3e9e40569b4ed5a546dff131c61d,,,2027-01-03T18:00:00Z,167678.40961534998,WAS,JAX,draftkings,DraftKings,2026-09-09T07:20:52Z,43.423079,154.0,-185.0,0.3937007874015748,0.6491228070175439,0.04282359441911865,0.6224665518611737,JAX,3.5,-110,-3.5,-110,48.5,-110,-110
2026-09-09T07:21:35Z,SCHEDULED_FULL,c96a3e9e40569b4ed5a546dff131c61d,odds_c96a3e9e40569b4ed5a546dff131c61d,,,2027-01-03T18:00:00Z,167678.40961534998,WAS,JAX,betus,BetUS,2026-09-09T07:21:33Z,2.423079,,,,,,,,3.5,-110,-3.5,-110,48.5,-110,-110
2026-09-09T07:21:35Z,SCHEDULED_FULL,419106b9bcc9f7ef39cfc2d1ee9a3f87,odds_419106b9bcc9f7ef39cfc2d1ee9a3f87,,,2027-01-03T18:00:00Z,167678.40961534998,LA,TB,draftkings,DraftKings,2026-09-09T07:20:52Z,43.423079,-205.0,170.0,0.6721311475409836,0.37037037037037035,0.042501517911353925,0.35527082119976705,LA,-4.5,-110,4.5,-110,48.5,-110,-110
2026-09-09T07:21:35Z,SCHEDULED_FULL,bfe51fa0034c9d22a69ffd80e2d717f5,odds_bfe51fa0034c9d22a69ffd80e2d717f5,,,2027-01-03T18:00:00Z,167678.40961534998,MIN,NYJ,draftkings,DraftKings,2026-09-09T07:20:52Z,43.423079,-185.0,154.0,0.6491228070175439,0.3937007874015748,0.04282359441911865,0.3775334481388264,MIN,-3.5,-110,3.5,-110,39.5,-110,-110
2026-09-09T07:21:35Z,SCHEDULED_FULL,d0ffa5ed13cbd7610f9176041464404a,odds_d0ffa5ed13cbd7610f9176041464404a,,,2027-01-03T18:00:00Z,167678.40961534998,PIT,TEN,draftkings,DraftKings,2026-09-09T07:20:52Z,43.423079,-125.0,105.0,0.5555555555555556,0.4878048780487805,0.04336043360433606,0.4675324675324675,PIT,-1.5,-110,1.5,-110,42.5,-110,-110
2026-09-09T07:21:35Z,SCHEDULED_FULL,d0ffa5ed13cbd7610f9176041464404a,odds_d0ffa5ed13cbd7610f9176041464404a,,,2027-01-03T18:00:00Z,167678.40961534998,PIT,TEN,betus,BetUS,2026-09-09T07:21:33Z,2.423079,,,,,,,,-1.5,-110,1.5,-110,42.5,-110,-110
2026-09-09T07:21:35Z,SCHEDULED_FULL,08abdb683fcb6d77f66baed136f47283,odds_08abdb683fcb6d77f66baed136f47283,,,2027-01-03T21:05:00Z,167863.40961534998,LV,ARI,draftkings,DraftKings,2026-09-09T07:20:52Z,43.423079,-130.0,110.0,0.5652173913043478,0.47619047619047616,0.04140786749482395,0.4572564612326044,LV,-1.5,-115,1.5,-105,42.5,-110,-110
2026-09-09T07:21:35Z,SCHEDULED_FULL,12089441cea51add4694cdde98b4a5b7,odds_12089441cea51add4694cdde98b4a5b7,,,2027-01-03T21:25:00Z,167883.40961534998,DET,CHI,draftkings,DraftKings,2026-09-09T07:20:52Z,43.423079,102.0,-122.0,0.49504950495049505,0.5495495495495496,0.044599054500044755,0.5260865852617197,CHI,1.5,-110,-1.5,-110,49.5,-110,-110
2026-09-09T07:21:35Z,SCHEDULED_FULL,67d842cb73300ef923959105698b63bb,odds_67d842cb73300ef923959105698b63bb,,,2027-01-03T21:25:00Z,167883.40961534998,KC,LAC,draftkings,DraftKings,2026-09-09T07:20:52Z,43.423079,105.0,-125.0,0.4878048780487805,0.5555555555555556,0.04336043360433606,0.5324675324675325,LAC,1.5,-110,-1.5,-110,45.5,-110,-110
2026-09-09T07:21:35Z,SCHEDULED_FULL,67d842cb73300ef923959105698b63bb,odds_67d842cb73300ef923959105698b63bb,,,2027-01-03T21:25:00Z,167883.40961534998,KC,LAC,betus,BetUS,2026-09-09T07:21:33Z,2.423079,,,,,,,,1.5,-110,-1.5,-110,45.5,-110,-110
2026-09-09T07:21:35Z,SCHEDULED_FULL,e7820b1226edbb1ef1fddce6b20f963d,odds_e7820b1226edbb1ef1fddce6b20f963d,,,2027-01-04T01:20:00Z,168118.40961534998,PHI,SF,draftkings,DraftKings,2026-09-09T07:20:52Z,43.423079,105.0,-125.0,0.4878048780487805,0.5555555555555556,0.04336043360433606,0.5324675324675325,SF,1.5,-110,-1.5,-110,45.5,-110,-110
2026-09-09T07:21:35Z,SCHEDULED_FULL,e7820b1226edbb1ef1fddce6b20f963d,odds_e7820b1226edbb1ef1fddce6b20f963d,,,2027-01-04T01:20:00Z,168118.40961534998,PHI,SF,betus,BetUS,2026-09-09T07:21:33Z,2.423079,,,,,,,,1.5,-110,-1.5,-110,45.5,-110,-110
2026-09-09T07:21:35Z,SCHEDULED_FULL,37bc346543da471e067b695b862ccfe9,odds_37bc346543da471e067b695b862ccfe9,,,2027-01-05T01:15:00Z,169553.40961534998,HOU,GB,draftkings,DraftKings,2026-09-09T07:20:52Z,43.423079,114.0,-135.0,0.4672897196261682,0.574468085106383,0.04175780473255131,0.551441114716549,GB,2.5,-110,-2.5,-110,42.5,-110,-110
2026-09-09T07:21:35Z,SCHEDULED_FULL,7f809a45bc8baedf0cb0259e7da7cd29,odds_7f809a45bc8baedf0cb0259e7da7cd29,,,2027-01-10T18:00:00Z,177758.40961534998,ATL,CAR,draftkings,DraftKings,2026-09-09T07:20:52Z,43.423079,114.0,-135.0,0.4672897196261682,0.574468085106383,0.04175780473255131,0.551441114716549,CAR,2.5,-110,-2.5,-110,41.5,-110,-110
2026-09-09T07:21:35Z,SCHEDULED_FULL,d7da5587a88a7fc35c36b453d3264d5a,odds_d7da5587a88a7fc35c36b453d3264d5a,,,2027-01-10T18:00:00Z,177758.40961534998,PIT,BAL,draftkings,DraftKings,2026-09-09T07:20:52Z,43.423079,190.0,-230.0,0.3448275862068966,0.696969696969697,0.04179728317659359,0.6690070210631895,BAL,5.5,-110,-5.5,-110,43.5,-110,-110
2026-09-09T07:21:35Z,SCHEDULED_FULL,d7da5587a88a7fc35c36b453d3264d5a,odds_d7da5587a88a7fc35c36b453d3264d5a,,,2027-01-10T18:00:00Z,177758.40961534998,PIT,BAL,betus,BetUS,2026-09-09T07:21:33Z,2.423079,,,,,,,,5.5,-110,-5.5,-110,43.5,-110,-110
2026-09-09T07:21:35Z,SCHEDULED_FULL,97cbd9ad26dff1af47192120defe112d,odds_97cbd9ad26dff1af47192120defe112d,,,2027-01-10T18:00:00Z,177758.40961534998,NYJ,BUF,draftkings,DraftKings,2026-09-09T07:20:52Z,43.423079,370.0,-485.0,0.2127659574468085,0.8290598290598291,0.0418257865066376,0.7957758771164253,BUF,10.0,-110,-10.0,-110,43.5,-110,-110
2026-09-09T07:21:35Z,SCHEDULED_FULL,d190fb7ea85c33b96a495041dad22142,odds_d190fb7ea85c33b96a495041dad22142,,,2027-01-10T18:00:00Z,177758.40961534998,CHI,MIN,draftkings,DraftKings,2026-09-09T07:20:52Z,43.423079,105.0,-125.0,0.4878048780487805,0.5555555555555556,0.04336043360433606,0.5324675324675325,MIN,1.5,-110,-1.5,-110,43.5,-110,-110
2026-09-09T07:21:35Z,SCHEDULED_FULL,8c16104c8afc72b583531508b2aa1c33,odds_8c16104c8afc72b583531508b2aa1c33,,,2027-01-10T18:00:00Z,177758.40961534998,CLE,CIN,draftkings,DraftKings,2026-09-09T07:20:52Z,43.423079,285.0,-360.0,0.2597402597402597,0.782608695652174,0.04234895539243366,0.7508125677139762,CIN,7.5,-110,-7.5,-110,43.5,-110,-110
2026-09-09T07:21:35Z,SCHEDULED_FULL,3f460f14b810d7bf642bdf7b658530c0,odds_3f460f14b810d7bf642bdf7b658530c0,,,2027-01-10T18:00:00Z,177758.40961534998,DAL,WAS,draftkings,DraftKings,2026-09-09T07:20:52Z,43.423079,-122.0,102.0,0.5495495495495496,0.49504950495049505,0.044599054500044755,0.4739134147382802,DAL,-1.5,-110,1.5,-110,49.5,-110,-110
2026-09-09T07:21:35Z,SCHEDULED_FULL,71d0d10e384393c1e071c39dd3931c19,odds_71d0d10e384393c1e071c39dd3931c19,,,2027-01-10T18:00:00Z,177758.40961534998,LAC,DEN,draftkings,DraftKings,2026-09-09T07:20:52Z,43.423079,102.0,-122.0,0.49504950495049505,0.5495495495495496,0.044599054500044755,0.5260865852617197,DEN,1.5,-110,-1.5,-110,41.5,-110,-110
2026-09-09T07:21:35Z,SCHEDULED_FULL,8f81778bbdb984be44e24a3d55a49b4d,odds_8f81778bbdb984be44e24a3d55a49b4d,,,2027-01-10T18:00:00Z,177758.40961534998,DET,GB,draftkings,DraftKings,2026-09-09T07:20:52Z,43.423079,114.0,-135.0,0.4672897196261682,0.574468085106383,0.04175780473255131,0.551441114716549,GB,2.5,-110,-2.5,-110,47.5,-110,-110
2026-09-09T07:21:35Z,SCHEDULED_FULL,9bb63096709ba607443c454d2a813b14,odds_9bb63096709ba607443c454d2a813b14,,,2027-01-10T18:00:00Z,177758.40961534998,TEN,HOU,draftkings,DraftKings,2026-09-09T07:20:52Z,43.423079,240.0,-298.0,0.29411764705882354,0.7487437185929648,0.04286136565178844,0.7179705215419501,HOU,7.0,-110,-7.0,-110,39.5,-110,-110
2026-09-09T07:21:35Z,SCHEDULED_FULL,bea47af467e217653bba8d69888e4d95,odds_bea47af467e217653bba8d69888e4d95,,,2027-01-10T18:00:00Z,177758.40961534998,JAX,IND,draftkings,DraftKings,2026-09-09T07:20:52Z,43.423079,102.0,-122.0,0.49504950495049505,0.5495495495495496,0.044599054500044755,0.5260865852617197,IND,1.5,-110,-1.5,-110,46.5,-110,-110
2026-09-09T07:21:35Z,SCHEDULED_FULL,bea47af467e217653bba8d69888e4d95,odds_bea47af467e217653bba8d69888e4d95,,,2027-01-10T18:00:00Z,177758.40961534998,JAX,IND,betus,BetUS,2026-09-09T07:21:33Z,2.423079,,,,,,,,1.5,-120,-1.5,100,46.5,-110,-110
2026-09-09T07:21:35Z,SCHEDULED_FULL,bb66a6f02c535c0cd8b9c689a5513687,odds_bb66a6f02c535c0cd8b9c689a5513687,,,2027-01-10T18:00:00Z,177758.40961534998,LV,KC,draftkings,DraftKings,2026-09-09T07:20:52Z,43.423079,300.0,-380.0,0.25,0.7916666666666666,0.04166666666666652,0.7600000000000001,KC,8.5,-110,-8.5,-110,40.5,-110,-110
2026-09-09T07:21:35Z,SCHEDULED_FULL,f370f9410ef82b37bd15d1719434370b,odds_f370f9410ef82b37bd15d1719434370b,,,2027-01-10T18:00:00Z,177758.40961534998,MIA,NE,draftkings,DraftKings,2026-09-09T07:20:52Z,43.423079,425.0,-575.0,0.19047619047619047,0.8518518518518519,0.042328042328042326,0.817258883248731,NE,10.5,-110,-10.5,-110,42.5,-110,-110
2026-09-09T07:21:35Z,SCHEDULED_FULL,7b8ce34c0e173e4ff6ccf8e8caa09113,odds_7b8ce34c0e173e4ff6ccf8e8caa09113,,,2027-01-10T18:00:00Z,177758.40961534998,TB,NO,draftkings,DraftKings,2026-09-09T07:20:52Z,43.423079,-122.0,102.0,0.5495495495495496,0.49504950495049505,0.044599054500044755,0.4739134147382802,TB,-1.5,-110,1.5,-110,43.5,-110,-110
2026-09-09T07:21:35Z,SCHEDULED_FULL,7b8ce34c0e173e4ff6ccf8e8caa09113,odds_7b8ce34c0e173e4ff6ccf8e8caa09113,,,2027-01-10T18:00:00Z,177758.40961534998,TB,NO,betus,BetUS,2026-09-09T07:21:33Z,2.423079,,,,,,,,-1.5,-105,1.5,-115,43.5,-110,-110
2026-09-09T07:21:35Z,SCHEDULED_FULL,01baed6f9d6482c5d89d37379c7c63c7,odds_01baed6f9d6482c5d89d37379c7c63c7,,,2027-01-10T18:00:00Z,177758.40961534998,PHI,NYG,draftkings,DraftKings,2026-09-09T07:20:52Z,43.423079,-155.0,130.0,0.6078431372549019,0.43478260869565216,0.04262574595055413,0.4170073589533933,PHI,-3.0,-110,3.0,-110,41.5,-110,-110
2026-09-09T07:21:35Z,SCHEDULED_FULL,f1480276ab67dcf60686556ba9336695,odds_f1480276ab67dcf60686556ba9336695,,,2027-01-10T21:05:00Z,177943.40961534998,SF,ARI,draftkings,DraftKings,2026-09-09T07:20:52Z,43.423079,-410.0,320.0,0.803921568627451,0.23809523809523808,0.04201680672268915,0.22849462365591394,SF,-8.5,-110,8.5,-110,44.5,-110,-110
2026-09-09T07:21:35Z,SCHEDULED_FULL,f1480276ab67dcf60686556ba9336695,odds_f1480276ab67dcf60686556ba9336695,,,2027-01-10T21:05:00Z,177943.40961534998,SF,ARI,betus,BetUS,2026-09-09T07:21:33Z,2.423079,,,,,,,,-8.5,-110,8.5,-110,44.5,-110,-110
2026-09-09T07:21:35Z,SCHEDULED_FULL,dc2d9177b48e6f3962dabb1407aba7d3,odds_dc2d9177b48e6f3962dabb1407aba7d3,,,2027-01-10T21:05:00Z,177943.40961534998,SEA,LA,draftkings,DraftKings,2026-09-09T07:20:52Z,43.423079,136.0,-162.0,0.423728813559322,0.6183206106870229,0.042049424246344946,0.593369754159424,LA,3.0,-110,-3.0,-110,44.5,-110,-110
