snapshot_utc,snapshot_role,api_event_id,game_id,season,week,kickoff_utc,lead_minutes,away_team,home_team,bookmaker_key,bookmaker_title,bookmaker_last_update,book_age_seconds,h2h_away_price,h2h_home_price,h2h_away_raw_prob,h2h_home_raw_prob,h2h_hold,h2h_home_no_vig_prob,book_market_pick,spread_away_point,spread_away_price,spread_home_point,spread_home_price,total_point,total_over_price,total_under_price
2026-09-09T20:54:05Z,SCHEDULED_FULL,8c94552d022acec4a0458d70c19d3da9,2026_01_NE_SEA,2026.0,1.0,2026-09-10T00:20:00Z,205.91181411666668,NE,SEA,draftkings,DraftKings,2026-09-09T20:53:43Z,22.291153,140.0,-166.0,0.4166666666666667,0.6240601503759399,0.0407268170426065,0.5996387718242023,SEA,3.0,-102.0,-3.0,-118.0,44.5,-105,-115
2026-09-09T20:54:05Z,SCHEDULED_FULL,8c94552d022acec4a0458d70c19d3da9,2026_01_NE_SEA,2026.0,1.0,2026-09-10T00:20:00Z,205.91181411666668,NE,SEA,betus,BetUS,2026-09-09T20:53:51Z,14.291153,150.0,-175.0,0.4,0.6363636363636364,0.036363636363636376,0.6140350877192983,SEA,3.0,-105.0,-3.0,-115.0,44.0,-110,-110
2026-09-09T20:54:05Z,SCHEDULED_FULL,8c94552d022acec4a0458d70c19d3da9,2026_01_NE_SEA,2026.0,1.0,2026-09-10T00:20:00Z,205.91181411666668,NE,SEA,fanduel,FanDuel,2026-09-09T20:53:39Z,26.291153,148.0,-176.0,0.4032258064516129,0.6376811594202898,0.04090696587190257,0.6126207051426006,SEA,3.5,-120.0,-3.5,-102.0,44.5,-108,-112
2026-09-09T20:54:05Z,SCHEDULED_FULL,8c94552d022acec4a0458d70c19d3da9,2026_01_NE_SEA,2026.0,1.0,2026-09-10T00:20:00Z,205.91181411666668,NE,SEA,lowvig,LowVig.ag,2026-09-09T20:53:42Z,23.291153,153.0,-175.0,0.3952569169960474,0.6363636363636364,0.031620553359683834,0.6168582375478927,SEA,3.0,100.0,-3.0,-110.0,44.5,-102,-113
2026-09-09T20:54:05Z,SCHEDULED_FULL,8c94552d022acec4a0458d70c19d3da9,2026_01_NE_SEA,2026.0,1.0,2026-09-10T00:20:00Z,205.91181411666668,NE,SEA,betonlineag,BetOnline.ag,2026-09-09T20:53:40Z,25.291153,153.0,-175.0,0.3952569169960474,0.6363636363636364,0.031620553359683834,0.6168582375478927,SEA,3.0,-105.0,-3.0,-115.0,44.5,-105,-115
2026-09-09T20:54:05Z,SCHEDULED_FULL,8c94552d022acec4a0458d70c19d3da9,2026_01_NE_SEA,2026.0,1.0,2026-09-10T00:20:00Z,205.91181411666668,NE,SEA,betrivers,BetRivers,2026-09-09T20:53:41Z,24.291153,150.0,-182.0,0.4,0.6453900709219859,0.04539007092198588,0.6173677069199457,SEA,3.0,-105.0,-3.0,-117.0,44.5,-108,-113
2026-09-09T20:54:05Z,SCHEDULED_FULL,8c94552d022acec4a0458d70c19d3da9,2026_01_NE_SEA,2026.0,1.0,2026-09-10T00:20:00Z,205.91181411666668,NE,SEA,betmgm,BetMGM,2026-09-09T20:53:41Z,24.291153,145.0,-175.0,0.40816326530612246,0.6363636363636364,0.0445269016697587,0.6092362344582594,SEA,3.0,105.0,-3.0,-112.0,44.5,-105,-112
2026-09-09T20:54:05Z,SCHEDULED_FULL,8c94552d022acec4a0458d70c19d3da9,2026_01_NE_SEA,2026.0,1.0,2026-09-10T00:20:00Z,205.91181411666668,NE,SEA,bovada,Bovada,2026-09-09T20:52:59Z,66.291153,150.0,-175.0,0.4,0.6363636363636364,0.036363636363636376,0.6140350877192983,SEA,3.0,100.0,-3.0,-120.0,44.0,-110,-110
2026-09-09T20:54:05Z,SCHEDULED_FULL,8c94552d022acec4a0458d70c19d3da9,2026_01_NE_SEA,2026.0,1.0,2026-09-10T00:20:00Z,205.91181411666668,NE,SEA,pinnacle,Pinnacle,2026-09-09T20:54:03Z,2.291153,151.0,-169.0,0.398406374501992,0.6282527881040892,0.026659162606081255,0.6119390066215612,SEA,3.0,102.0,-3.0,-113.0,44.0,-104,-108
2026-09-09T20:54:05Z,SCHEDULED_FULL,8c94552d022acec4a0458d70c19d3da9,2026_01_NE_SEA,2026.0,1.0,2026-09-10T00:20:00Z,205.91181411666668,NE,SEA,mybookieag,MyBookie.ag,2026-09-09T20:52:32Z,93.291153,145.0,-179.0,0.40816326530612246,0.6415770609318996,0.04974032623802205,0.6111769214688871,SEA,3.5,-130.0,-3.5,108.0,44.5,-110,-110
2026-09-09T20:54:05Z,SCHEDULED_FULL,acc580d74344ea3b31bbcdd057fe6a9c,2026_01_SF_LA,2026.0,1.0,2026-09-11T00:35:00Z,1660.9118141166666,SF,LA,draftkings,DraftKings,2026-09-09T20:53:43Z,22.291153,164.0,-198.0,0.3787878787878788,0.6644295302013423,0.043217408989220996,0.6369041816941223,LA,3.5,-102.0,-3.5,-118.0,48.5,-108,-112
2026-09-09T20:54:05Z,SCHEDULED_FULL,acc580d74344ea3b31bbcdd057fe6a9c,2026_01_SF_LA,2026.0,1.0,2026-09-11T00:35:00Z,1660.9118141166666,SF,LA,betmgm,BetMGM,2026-09-09T20:53:41Z,24.291153,170.0,-210.0,0.37037037037037035,0.6774193548387096,0.04778972520907998,0.6465222348916762,LA,3.5,-108.0,-3.5,-110.0,48.5,-108,-110
2026-09-09T20:54:05Z,SCHEDULED_FULL,acc580d74344ea3b31bbcdd057fe6a9c,2026_01_SF_LA,2026.0,1.0,2026-09-11T00:35:00Z,1660.9118141166666,SF,LA,fanduel,FanDuel,2026-09-09T20:53:39Z,26.291153,172.0,-200.0,0.36764705882352944,0.6666666666666666,0.034313725490195957,0.6445497630331753,LA,3.5,-102.0,-3.5,-120.0,48.5,-105,-115
2026-09-09T20:54:05Z,SCHEDULED_FULL,acc580d74344ea3b31bbcdd057fe6a9c,2026_01_SF_LA,2026.0,1.0,2026-09-11T00:35:00Z,1660.9118141166666,SF,LA,betonlineag,BetOnline.ag,2026-09-09T20:53:40Z,25.291153,177.0,-205.0,0.36101083032490977,0.6721311475409836,0.033141977865893235,0.6505699719310306,LA,3.5,-102.0,-3.5,-118.0,48.0,-113,-107
2026-09-09T20:54:05Z,SCHEDULED_FULL,acc580d74344ea3b31bbcdd057fe6a9c,2026_01_SF_LA,2026.0,1.0,2026-09-11T00:35:00Z,1660.9118141166666,SF,LA,lowvig,LowVig.ag,2026-09-09T20:53:42Z,23.291153,177.0,-205.0,0.36101083032490977,0.6721311475409836,0.033141977865893235,0.6505699719310306,LA,3.5,103.0,-3.5,-114.0,48.0,-110,-104
2026-09-09T20:54:05Z,SCHEDULED_FULL,acc580d74344ea3b31bbcdd057fe6a9c,2026_01_SF_LA,2026.0,1.0,2026-09-11T00:35:00Z,1660.9118141166666,SF,LA,betrivers,BetRivers,2026-09-09T20:53:41Z,24.291153,160.0,-200.0,0.38461538461538464,0.6666666666666666,0.05128205128205132,0.6341463414634145,LA,3.5,-108.0,-3.5,-113.0,48.5,-108,-113
2026-09-09T20:54:05Z,SCHEDULED_FULL,acc580d74344ea3b31bbcdd057fe6a9c,2026_01_SF_LA,2026.0,1.0,2026-09-11T00:35:00Z,1660.9118141166666,SF,LA,bovada,Bovada,2026-09-09T20:52:59Z,66.291153,175.0,-210.0,0.36363636363636365,0.6774193548387096,0.04105571847507328,0.6507042253521127,LA,4.0,-115.0,-4.0,-105.0,48.0,-110,-110
2026-09-09T20:54:05Z,SCHEDULED_FULL,acc580d74344ea3b31bbcdd057fe6a9c,2026_01_SF_LA,2026.0,1.0,2026-09-11T00:35:00Z,1660.9118141166666,SF,LA,betus,BetUS,2026-09-09T20:53:51Z,14.291153,180.0,-210.0,0.35714285714285715,0.6774193548387096,0.034562211981566726,0.6547884187082406,LA,3.5,-105.0,-3.5,-115.0,48.0,-115,-105
2026-09-09T20:54:05Z,SCHEDULED_FULL,acc580d74344ea3b31bbcdd057fe6a9c,2026_01_SF_LA,2026.0,1.0,2026-09-11T00:35:00Z,1660.9118141166666,SF,LA,pinnacle,Pinnacle,2026-09-09T20:54:03Z,2.291153,176.0,-202.0,0.36231884057971014,0.6688741721854304,0.031193012765140526,0.6486411020104245,LA,3.5,-101.0,-3.5,-111.0,48.0,-110,-106
2026-09-09T20:54:05Z,SCHEDULED_FULL,acc580d74344ea3b31bbcdd057fe6a9c,2026_01_SF_LA,2026.0,1.0,2026-09-11T00:35:00Z,1660.9118141166666,SF,LA,mybookieag,MyBookie.ag,2026-09-09T20:52:32Z,93.291153,166.0,-206.0,0.37593984962406013,0.673202614379085,0.04914246400314504,0.6416693990350837,LA,4.0,-110.0,-4.0,-110.0,48.0,-110,-110
2026-09-09T20:54:05Z,SCHEDULED_FULL,95c01d1bb797d6df14824b106c5a9130,2026_01_ATL_PIT,2026.0,1.0,2026-09-13T17:00:00Z,5525.911814116666,ATL,PIT,draftkings,DraftKings,2026-09-09T20:53:43Z,22.291153,154.0,-185.0,0.3937007874015748,0.6491228070175439,0.04282359441911865,0.6224665518611737,PIT,3.5,-108.0,-3.5,-112.0,42.5,-105,-115
2026-09-09T20:54:05Z,SCHEDULED_FULL,95c01d1bb797d6df14824b106c5a9130,2026_01_ATL_PIT,2026.0,1.0,2026-09-13T17:00:00Z,5525.911814116666,ATL,PIT,betrivers,BetRivers,2026-09-09T20:53:41Z,24.291153,145.0,-180.0,0.40816326530612246,0.6428571428571429,0.05102040816326525,0.6116504854368933,PIT,3.5,-118.0,-3.5,-104.0,41.5,-109,-112
2026-09-09T20:54:05Z,SCHEDULED_FULL,95c01d1bb797d6df14824b106c5a9130,2026_01_ATL_PIT,2026.0,1.0,2026-09-13T17:00:00Z,5525.911814116666,ATL,PIT,betonlineag,BetOnline.ag,2026-09-09T20:53:40Z,25.291153,157.0,-180.0,0.38910505836575876,0.6428571428571429,0.03196220122290172,0.6229464045246431,PIT,3.5,-116.0,-3.5,-104.0,41.5,-115,-105
2026-09-09T20:54:05Z,SCHEDULED_FULL,95c01d1bb797d6df14824b106c5a9130,2026_01_ATL_PIT,2026.0,1.0,2026-09-13T17:00:00Z,5525.911814116666,ATL,PIT,fanduel,FanDuel,2026-09-09T20:53:39Z,26.291153,150.0,-178.0,0.4,0.6402877697841727,0.04028776978417259,0.6154910096818811,PIT,3.5,-118.0,-3.5,-104.0,41.5,-115,-105
2026-09-09T20:54:05Z,SCHEDULED_FULL,95c01d1bb797d6df14824b106c5a9130,2026_01_ATL_PIT,2026.0,1.0,2026-09-13T17:00:00Z,5525.911814116666,ATL,PIT,lowvig,LowVig.ag,2026-09-09T20:53:42Z,23.291153,157.0,-180.0,0.38910505836575876,0.6428571428571429,0.03196220122290172,0.6229464045246431,PIT,3.5,-112.0,-3.5,101.0,41.5,-113,-102
2026-09-09T20:54:05Z,SCHEDULED_FULL,95c01d1bb797d6df14824b106c5a9130,2026_01_ATL_PIT,2026.0,1.0,2026-09-13T17:00:00Z,5525.911814116666,ATL,PIT,betus,BetUS,2026-09-09T20:53:51Z,14.291153,155.0,-180.0,0.39215686274509803,0.6428571428571429,0.035014005602240994,0.6211096075778079,PIT,3.5,-115.0,-3.5,-105.0,42.5,-110,-110
2026-09-09T20:54:05Z,SCHEDULED_FULL,95c01d1bb797d6df14824b106c5a9130,2026_01_ATL_PIT,2026.0,1.0,2026-09-13T17:00:00Z,5525.911814116666,ATL,PIT,betmgm,BetMGM,2026-09-09T20:53:41Z,24.291153,155.0,-190.0,0.39215686274509803,0.6551724137931034,0.047329276538201404,0.6255648805681084,PIT,3.5,-112.0,-3.5,-105.0,42.0,-108,-110
2026-09-09T20:54:05Z,SCHEDULED_FULL,95c01d1bb797d6df14824b106c5a9130,2026_01_ATL_PIT,2026.0,1.0,2026-09-13T17:00:00Z,5525.911814116666,ATL,PIT,bovada,Bovada,2026-09-09T20:52:59Z,66.291153,160.0,-185.0,0.38461538461538464,0.6491228070175439,0.03373819163292846,0.6279373368146214,PIT,3.5,-120.0,-3.5,100.0,42.0,-115,-105
2026-09-09T20:54:05Z,SCHEDULED_FULL,95c01d1bb797d6df14824b106c5a9130,2026_01_ATL_PIT,2026.0,1.0,2026-09-13T17:00:00Z,5525.911814116666,ATL,PIT,pinnacle,Pinnacle,2026-09-09T20:54:03Z,2.291153,158.0,-181.0,0.3875968992248062,0.6441281138790036,0.03172501310380982,0.6243215059226183,PIT,3.5,-114.0,-3.5,101.0,42.5,-102,-114
2026-09-09T20:54:05Z,SCHEDULED_FULL,95c01d1bb797d6df14824b106c5a9130,2026_01_ATL_PIT,2026.0,1.0,2026-09-13T17:00:00Z,5525.911814116666,ATL,PIT,mybookieag,MyBookie.ag,2026-09-09T20:52:32Z,93.291153,150.0,-194.0,0.4,0.6598639455782312,0.05986394557823127,0.6225930680359435,PIT,3.5,-110.0,-3.5,-110.0,42.0,-110,-110
2026-09-09T20:54:05Z,SCHEDULED_FULL,b6cfdcbafa61ce220ba87dc2d9b80c77,2026_01_BAL_IND,2026.0,1.0,2026-09-13T17:00:00Z,5525.911814116666,BAL,IND,draftkings,DraftKings,2026-09-09T20:53:43Z,22.291153,-175.0,145.0,0.6363636363636364,0.40816326530612246,0.0445269016697587,0.39076376554174075,BAL,-3.5,-105.0,3.5,-115.0,47.5,-115,-105
2026-09-09T20:54:05Z,SCHEDULED_FULL,b6cfdcbafa61ce220ba87dc2d9b80c77,2026_01_BAL_IND,2026.0,1.0,2026-09-13T17:00:00Z,5525.911814116666,BAL,IND,betus,BetUS,2026-09-09T20:53:51Z,14.291153,-180.0,155.0,0.6428571428571429,0.39215686274509803,0.035014005602240994,0.37889039242219213,BAL,-3.5,100.0,3.5,-120.0,48.0,-110,-110
2026-09-09T20:54:05Z,SCHEDULED_FULL,b6cfdcbafa61ce220ba87dc2d9b80c77,2026_01_BAL_IND,2026.0,1.0,2026-09-13T17:00:00Z,5525.911814116666,BAL,IND,lowvig,LowVig.ag,2026-09-09T20:53:42Z,23.291153,-175.0,153.0,0.6363636363636364,0.3952569169960474,0.031620553359683834,0.38314176245210724,BAL,-3.5,104.0,3.5,-115.0,48.0,-102,-113
2026-09-09T20:54:05Z,SCHEDULED_FULL,b6cfdcbafa61ce220ba87dc2d9b80c77,2026_01_BAL_IND,2026.0,1.0,2026-09-13T17:00:00Z,5525.911814116666,BAL,IND,betrivers,BetRivers,2026-09-09T20:53:41Z,24.291153,-175.0,140.0,0.6363636363636364,0.4166666666666667,0.05303030303030298,0.3956834532374101,BAL,-3.5,-106.0,3.5,-115.0,48.0,-108,-113
2026-09-09T20:54:05Z,SCHEDULED_FULL,b6cfdcbafa61ce220ba87dc2d9b80c77,2026_01_BAL_IND,2026.0,1.0,2026-09-13T17:00:00Z,5525.911814116666,BAL,IND,betonlineag,BetOnline.ag,2026-09-09T20:53:40Z,25.291153,-175.0,153.0,0.6363636363636364,0.3952569169960474,0.031620553359683834,0.38314176245210724,BAL,-3.5,102.0,3.5,-122.0,48.0,-105,-115
2026-09-09T20:54:05Z,SCHEDULED_FULL,b6cfdcbafa61ce220ba87dc2d9b80c77,2026_01_BAL_IND,2026.0,1.0,2026-09-13T17:00:00Z,5525.911814116666,BAL,IND,fanduel,FanDuel,2026-09-09T20:53:39Z,26.291153,-180.0,152.0,0.6428571428571429,0.3968253968253968,0.039682539682539764,0.38167938931297707,BAL,-3.5,-104.0,3.5,-118.0,47.5,-115,-105
2026-09-09T20:54:05Z,SCHEDULED_FULL,b6cfdcbafa61ce220ba87dc2d9b80c77,2026_01_BAL_IND,2026.0,1.0,2026-09-13T17:00:00Z,5525.911814116666,BAL,IND,betmgm,BetMGM,2026-09-09T20:53:41Z,24.291153,-190.0,155.0,0.6551724137931034,0.39215686274509803,0.047329276538201404,0.37443511943189156,BAL,-3.5,-105.0,3.5,-115.0,47.5,-110,-108
2026-09-09T20:54:05Z,SCHEDULED_FULL,b6cfdcbafa61ce220ba87dc2d9b80c77,2026_01_BAL_IND,2026.0,1.0,2026-09-13T17:00:00Z,5525.911814116666,BAL,IND,bovada,Bovada,2026-09-09T20:52:59Z,66.291153,-180.0,155.0,0.6428571428571429,0.39215686274509803,0.035014005602240994,0.37889039242219213,BAL,-3.5,100.0,3.5,-120.0,48.0,-105,-115
2026-09-09T20:54:05Z,SCHEDULED_FULL,b6cfdcbafa61ce220ba87dc2d9b80c77,2026_01_BAL_IND,2026.0,1.0,2026-09-13T17:00:00Z,5525.911814116666,BAL,IND,pinnacle,Pinnacle,2026-09-09T20:54:03Z,2.291153,-175.0,154.0,0.6363636363636364,0.3937007874015748,0.030064423765211234,0.3822098679638638,BAL,-3.5,103.0,3.5,-116.0,47.5,-117,100
2026-09-09T20:54:05Z,SCHEDULED_FULL,b6cfdcbafa61ce220ba87dc2d9b80c77,2026_01_BAL_IND,2026.0,1.0,2026-09-13T17:00:00Z,5525.911814116666,BAL,IND,mybookieag,MyBookie.ag,2026-09-09T20:52:32Z,93.291153,-183.0,142.0,0.6466431095406361,0.4132231404958678,0.05986625003650392,0.38988234645799463,BAL,-3.5,100.0,3.5,-120.0,48.0,-110,-110
2026-09-09T20:54:05Z,SCHEDULED_FULL,7e09efed7e12c659b82740b67ce2f9a1,2026_01_BUF_HOU,2026.0,1.0,2026-09-13T17:00:00Z,5525.911814116666,BUF,HOU,draftkings,DraftKings,2026-09-09T20:53:43Z,22.291153,-118.0,-102.0,0.5412844036697247,0.504950495049505,0.04623489871922981,0.4826358742837298,BUF,-1.5,-102.0,1.5,-118.0,44.5,-115,-105
2026-09-09T20:54:05Z,SCHEDULED_FULL,7e09efed7e12c659b82740b67ce2f9a1,2026_01_BUF_HOU,2026.0,1.0,2026-09-13T17:00:00Z,5525.911814116666,BUF,HOU,betus,BetUS,2026-09-09T20:53:51Z,14.291153,,,,,,,,0.0,-120.0,0.0,100.0,45.0,-110,-110
2026-09-09T20:54:05Z,SCHEDULED_FULL,7e09efed7e12c659b82740b67ce2f9a1,2026_01_BUF_HOU,2026.0,1.0,2026-09-13T17:00:00Z,5525.911814116666,BUF,HOU,lowvig,LowVig.ag,2026-09-09T20:53:42Z,23.291153,-121.0,101.0,0.5475113122171946,0.4975124378109453,0.04502375002813985,0.47607763727623276,BUF,-1.0,-105.0,1.0,-105.0,45.0,-107,-107
2026-09-09T20:54:05Z,SCHEDULED_FULL,7e09efed7e12c659b82740b67ce2f9a1,2026_01_BUF_HOU,2026.0,1.0,2026-09-13T17:00:00Z,5525.911814116666,BUF,HOU,betrivers,BetRivers,2026-09-09T20:53:41Z,24.291153,-115.0,-106.0,0.5348837209302325,0.5145631067961165,0.049446827726348896,0.4903184165232359,BUF,-1.0,-108.0,1.0,-113.0,44.5,-110,-110
2026-09-09T20:54:05Z,SCHEDULED_FULL,7e09efed7e12c659b82740b67ce2f9a1,2026_01_BUF_HOU,2026.0,1.0,2026-09-13T17:00:00Z,5525.911814116666,BUF,HOU,betonlineag,BetOnline.ag,2026-09-09T20:53:40Z,25.291153,-121.0,101.0,0.5475113122171946,0.4975124378109453,0.04502375002813985,0.47607763727623276,BUF,-1.0,-110.0,1.0,-110.0,45.0,-110,-110
2026-09-09T20:54:05Z,SCHEDULED_FULL,7e09efed7e12c659b82740b67ce2f9a1,2026_01_BUF_HOU,2026.0,1.0,2026-09-13T17:00:00Z,5525.911814116666,BUF,HOU,fanduel,FanDuel,2026-09-09T20:53:39Z,26.291153,-120.0,102.0,0.5454545454545454,0.49504950495049505,0.04050405040504046,0.4757785467128028,BUF,-1.5,-106.0,1.5,-114.0,44.5,-118,-104
2026-09-09T20:54:05Z,SCHEDULED_FULL,7e09efed7e12c659b82740b67ce2f9a1,2026_01_BUF_HOU,2026.0,1.0,2026-09-13T17:00:00Z,5525.911814116666,BUF,HOU,betmgm,BetMGM,2026-09-09T20:53:41Z,24.291153,-120.0,100.0,0.5454545454545454,0.5,0.045454545454545414,0.4782608695652174,BUF,-1.0,-110.0,1.0,-108.0,44.5,-110,-108
2026-09-09T20:54:05Z,SCHEDULED_FULL,7e09efed7e12c659b82740b67ce2f9a1,2026_01_BUF_HOU,2026.0,1.0,2026-09-13T17:00:00Z,5525.911814116666,BUF,HOU,bovada,Bovada,2026-09-09T20:52:59Z,66.291153,-115.0,-105.0,0.5348837209302325,0.5121951219512195,0.04707884288145214,0.4891657638136511,BUF,-1.0,-110.0,1.0,-110.0,45.0,-110,-110
2026-09-09T20:54:05Z,SCHEDULED_FULL,7e09efed7e12c659b82740b67ce2f9a1,2026_01_BUF_HOU,2026.0,1.0,2026-09-13T17:00:00Z,5525.911814116666,BUF,HOU,pinnacle,Pinnacle,2026-09-09T20:54:03Z,2.291153,-113.0,101.0,0.5305164319248826,0.4975124378109453,0.028028869735827966,0.4839479244768591,BUF,-1.0,-106.0,1.0,-106.0,45.0,-107,-109
2026-09-09T20:54:05Z,SCHEDULED_FULL,7e09efed7e12c659b82740b67ce2f9a1,2026_01_BUF_HOU,2026.0,1.0,2026-09-13T17:00:00Z,5525.911814116666,BUF,HOU,mybookieag,MyBookie.ag,2026-09-09T20:52:32Z,93.291153,-121.0,-105.0,0.5475113122171946,0.5121951219512195,0.059706434168414146,0.4833368048323266,BUF,-1.0,-110.0,1.0,-110.0,45.0,-110,-110
2026-09-09T20:54:05Z,SCHEDULED_FULL,fc362aff0d889ec52d358307a70c32ed,2026_01_CHI_CAR,2026.0,1.0,2026-09-13T17:00:00Z,5525.911814116666,CHI,CAR,draftkings,DraftKings,2026-09-09T20:53:43Z,22.291153,-162.0,136.0,0.6183206106870229,0.423728813559322,0.042049424246344946,0.4066302458405761,CHI,-3.0,-118.0,3.0,-102.0,47.5,-102,-118
2026-09-09T20:54:05Z,SCHEDULED_FULL,fc362aff0d889ec52d358307a70c32ed,2026_01_CHI_CAR,2026.0,1.0,2026-09-13T17:00:00Z,5525.911814116666,CHI,CAR,fanduel,FanDuel,2026-09-09T20:53:39Z,26.291153,-164.0,138.0,0.6212121212121212,0.42016806722689076,0.04138018843901192,0.4034723071280108,CHI,-3.0,-106.0,3.0,-114.0,47.5,-102,-120
2026-09-09T20:54:05Z,SCHEDULED_FULL,fc362aff0d889ec52d358307a70c32ed,2026_01_CHI_CAR,2026.0,1.0,2026-09-13T17:00:00Z,5525.911814116666,CHI,CAR,lowvig,LowVig.ag,2026-09-09T20:53:42Z,23.291153,-170.0,149.0,0.6296296296296297,0.40160642570281124,0.031236055332440893,0.3894418000865426,CHI,-3.0,-110.0,3.0,100.0,47.0,-107,-107
2026-09-09T20:54:05Z,SCHEDULED_FULL,fc362aff0d889ec52d358307a70c32ed,2026_01_CHI_CAR,2026.0,1.0,2026-09-13T17:00:00Z,5525.911814116666,CHI,CAR,betus,BetUS,2026-09-09T20:53:51Z,14.291153,-165.0,142.0,0.6226415094339622,0.4132231404958678,0.03586464992983007,0.39891615234080985,CHI,-3.0,-115.0,3.0,-105.0,47.0,-110,-110
2026-09-09T20:54:05Z,SCHEDULED_FULL,fc362aff0d889ec52d358307a70c32ed,2026_01_CHI_CAR,2026.0,1.0,2026-09-13T17:00:00Z,5525.911814116666,CHI,CAR,betonlineag,BetOnline.ag,2026-09-09T20:53:40Z,25.291153,-170.0,149.0,0.6296296296296297,0.40160642570281124,0.031236055332440893,0.3894418000865426,CHI,-3.0,-115.0,3.0,-105.0,47.0,-110,-110
2026-09-09T20:54:05Z,SCHEDULED_FULL,fc362aff0d889ec52d358307a70c32ed,2026_01_CHI_CAR,2026.0,1.0,2026-09-13T17:00:00Z,5525.911814116666,CHI,CAR,betrivers,BetRivers,2026-09-09T20:53:41Z,24.291153,-175.0,140.0,0.6363636363636364,0.4166666666666667,0.05303030303030298,0.3956834532374101,CHI,-3.0,-108.0,3.0,-113.0,47.0,-112,-109
2026-09-09T20:54:05Z,SCHEDULED_FULL,fc362aff0d889ec52d358307a70c32ed,2026_01_CHI_CAR,2026.0,1.0,2026-09-13T17:00:00Z,5525.911814116666,CHI,CAR,betmgm,BetMGM,2026-09-09T20:53:41Z,24.291153,-165.0,140.0,0.6226415094339622,0.4166666666666667,0.03930817610062887,0.40090771558245086,CHI,-3.0,-118.0,3.0,-102.0,47.0,-110,-108
2026-09-09T20:54:05Z,SCHEDULED_FULL,fc362aff0d889ec52d358307a70c32ed,2026_01_CHI_CAR,2026.0,1.0,2026-09-13T17:00:00Z,5525.911814116666,CHI,CAR,bovada,Bovada,2026-09-09T20:52:59Z,66.291153,-170.0,145.0,0.6296296296296297,0.40816326530612246,0.03779289493575222,0.39329934450109244,CHI,-3.0,-110.0,3.0,-110.0,47.0,-110,-110
2026-09-09T20:54:05Z,SCHEDULED_FULL,fc362aff0d889ec52d358307a70c32ed,2026_01_CHI_CAR,2026.0,1.0,2026-09-13T17:00:00Z,5525.911814116666,CHI,CAR,pinnacle,Pinnacle,2026-09-09T20:54:03Z,2.291153,-165.0,145.0,0.6226415094339622,0.40816326530612246,0.030804774740084806,0.39596563317146055,CHI,-2.5,-130.0,2.5,115.0,47.5,100,-116
2026-09-09T20:54:05Z,SCHEDULED_FULL,fc362aff0d889ec52d358307a70c32ed,2026_01_CHI_CAR,2026.0,1.0,2026-09-13T17:00:00Z,5525.911814116666,CHI,CAR,mybookieag,MyBookie.ag,2026-09-09T20:52:32Z,93.291153,-173.0,135.0,0.6336996336996337,0.425531914893617,0.05923154859325064,0.4017364432344934,CHI,-3.0,-110.0,3.0,-110.0,47.0,-110,-110
2026-09-09T20:54:05Z,SCHEDULED_FULL,ed6d24ff979f9c71979fead577b0b3f7,2026_01_TB_CIN,2026.0,1.0,2026-09-13T17:00:00Z,5525.911814116666,TB,CIN,draftkings,DraftKings,2026-09-09T20:53:43Z,22.291153,164.0,-198.0,0.3787878787878788,0.6644295302013423,0.043217408989220996,0.6369041816941223,CIN,3.5,-108.0,-3.5,-112.0,50.5,-108,-112
2026-09-09T20:54:05Z,SCHEDULED_FULL,ed6d24ff979f9c71979fead577b0b3f7,2026_01_TB_CIN,2026.0,1.0,2026-09-13T17:00:00Z,5525.911814116666,TB,CIN,fanduel,FanDuel,2026-09-09T20:47:46Z,379.291153,176.0,-210.0,0.36231884057971014,0.6774193548387096,0.03973819541841972,0.6515287769784173,CIN,3.5,-105.0,-3.5,-115.0,50.5,-112,-108
2026-09-09T20:54:05Z,SCHEDULED_FULL,ed6d24ff979f9c71979fead577b0b3f7,2026_01_TB_CIN,2026.0,1.0,2026-09-13T17:00:00Z,5525.911814116666,TB,CIN,lowvig,LowVig.ag,2026-09-09T20:53:42Z,23.291153,174.0,-200.0,0.36496350364963503,0.6666666666666666,0.031630170316301776,0.6462264150943395,CIN,4.0,-110.0,-4.0,100.0,50.5,-102,-113
2026-09-09T20:54:05Z,SCHEDULED_FULL,ed6d24ff979f9c71979fead577b0b3f7,2026_01_TB_CIN,2026.0,1.0,2026-09-13T17:00:00Z,5525.911814116666,TB,CIN,betus,BetUS,2026-09-09T20:53:51Z,14.291153,170.0,-200.0,0.37037037037037035,0.6666666666666666,0.03703703703703698,0.6428571428571429,CIN,4.0,-110.0,-4.0,-110.0,50.5,-105,-115
2026-09-09T20:54:05Z,SCHEDULED_FULL,ed6d24ff979f9c71979fead577b0b3f7,2026_01_TB_CIN,2026.0,1.0,2026-09-13T17:00:00Z,5525.911814116666,TB,CIN,betonlineag,BetOnline.ag,2026-09-09T20:53:40Z,25.291153,174.0,-200.0,0.36496350364963503,0.6666666666666666,0.031630170316301776,0.6462264150943395,CIN,4.0,-115.0,-4.0,-105.0,50.5,-105,-115
2026-09-09T20:54:05Z,SCHEDULED_FULL,ed6d24ff979f9c71979fead577b0b3f7,2026_01_TB_CIN,2026.0,1.0,2026-09-13T17:00:00Z,5525.911814116666,TB,CIN,betrivers,BetRivers,2026-09-09T20:53:41Z,24.291153,170.0,-210.0,0.37037037037037035,0.6774193548387096,0.04778972520907998,0.6465222348916762,CIN,4.0,-114.0,-4.0,-107.0,50.5,-110,-110
2026-09-09T20:54:05Z,SCHEDULED_FULL,ed6d24ff979f9c71979fead577b0b3f7,2026_01_TB_CIN,2026.0,1.0,2026-09-13T17:00:00Z,5525.911814116666,TB,CIN,betmgm,BetMGM,2026-09-09T20:53:41Z,24.291153,170.0,-210.0,0.37037037037037035,0.6774193548387096,0.04778972520907998,0.6465222348916762,CIN,3.5,-108.0,-3.5,-110.0,50.5,-108,-110
2026-09-09T20:54:05Z,SCHEDULED_FULL,ed6d24ff979f9c71979fead577b0b3f7,2026_01_TB_CIN,2026.0,1.0,2026-09-13T17:00:00Z,5525.911814116666,TB,CIN,bovada,Bovada,2026-09-09T20:52:59Z,66.291153,175.0,-210.0,0.36363636363636365,0.6774193548387096,0.04105571847507328,0.6507042253521127,CIN,4.0,-115.0,-4.0,-105.0,50.5,-105,-115
2026-09-09T20:54:05Z,SCHEDULED_FULL,ed6d24ff979f9c71979fead577b0b3f7,2026_01_TB_CIN,2026.0,1.0,2026-09-13T17:00:00Z,5525.911814116666,TB,CIN,pinnacle,Pinnacle,2026-09-09T20:54:03Z,2.291153,174.0,-201.0,0.36496350364963503,0.6677740863787376,0.03273759002837262,0.646605771714373,CIN,4.0,-110.0,-4.0,-102.0,50.0,-111,-105
2026-09-09T20:54:05Z,SCHEDULED_FULL,ed6d24ff979f9c71979fead577b0b3f7,2026_01_TB_CIN,2026.0,1.0,2026-09-13T17:00:00Z,5525.911814116666,TB,CIN,mybookieag,MyBookie.ag,2026-09-09T20:52:32Z,93.291153,164.0,-214.0,0.3787878787878788,0.6815286624203821,0.06031654120826091,0.6427596250113771,CIN,4.0,-110.0,-4.0,-110.0,50.5,-110,-110
2026-09-09T20:54:05Z,SCHEDULED_FULL,e55c6fe19fce094ce214c8b0e5b504e9,2026_01_CLE_JAX,2026.0,1.0,2026-09-13T17:00:00Z,5525.911814116666,CLE,JAX,draftkings,DraftKings,2026-09-09T20:53:43Z,22.291153,360.0,-470.0,0.21739130434782608,0.8245614035087719,0.04195270785659799,0.7913616398243045,JAX,8.5,-110.0,-8.5,-110.0,40.5,-110,-110
2026-09-09T20:54:05Z,SCHEDULED_FULL,e55c6fe19fce094ce214c8b0e5b504e9,2026_01_CLE_JAX,2026.0,1.0,2026-09-13T17:00:00Z,5525.911814116666,CLE,JAX,fanduel,FanDuel,2026-09-09T20:53:39Z,26.291153,350.0,-450.0,0.2222222222222222,0.8181818181818182,0.04040404040404044,0.7864077669902912,JAX,8.5,-112.0,-8.5,-108.0,40.5,-108,-112
2026-09-09T20:54:05Z,SCHEDULED_FULL,e55c6fe19fce094ce214c8b0e5b504e9,2026_01_CLE_JAX,2026.0,1.0,2026-09-13T17:00:00Z,5525.911814116666,CLE,JAX,betus,BetUS,2026-09-09T20:53:51Z,14.291153,320.0,-400.0,0.23809523809523808,0.8,0.03809523809523818,0.7706422018348623,JAX,9.0,-115.0,-9.0,-105.0,40.5,-110,-110
2026-09-09T20:54:05Z,SCHEDULED_FULL,e55c6fe19fce094ce214c8b0e5b504e9,2026_01_CLE_JAX,2026.0,1.0,2026-09-13T17:00:00Z,5525.911814116666,CLE,JAX,betrivers,BetRivers,2026-09-09T20:53:41Z,24.291153,310.0,-400.0,0.24390243902439024,0.8,0.04390243902439028,0.7663551401869159,JAX,8.0,-108.0,-8.0,-113.0,40.5,-114,-107
2026-09-09T20:54:05Z,SCHEDULED_FULL,e55c6fe19fce094ce214c8b0e5b504e9,2026_01_CLE_JAX,2026.0,1.0,2026-09-13T17:00:00Z,5525.911814116666,CLE,JAX,betonlineag,BetOnline.ag,2026-09-09T20:53:40Z,25.291153,316.0,-400.0,0.2403846153846154,0.8,0.04038461538461546,0.7689463955637708,JAX,9.0,-115.0,-9.0,-105.0,40.5,-112,-108
2026-09-09T20:54:05Z,SCHEDULED_FULL,e55c6fe19fce094ce214c8b0e5b504e9,2026_01_CLE_JAX,2026.0,1.0,2026-09-13T17:00:00Z,5525.911814116666,CLE,JAX,lowvig,LowVig.ag,2026-09-09T20:53:42Z,23.291153,316.0,-400.0,0.2403846153846154,0.8,0.04038461538461546,0.7689463955637708,JAX,9.0,-110.0,-9.0,100.0,40.5,-109,-105
2026-09-09T20:54:05Z,SCHEDULED_FULL,e55c6fe19fce094ce214c8b0e5b504e9,2026_01_CLE_JAX,2026.0,1.0,2026-09-13T17:00:00Z,5525.911814116666,CLE,JAX,betmgm,BetMGM,2026-09-09T20:53:41Z,24.291153,340.0,-450.0,0.22727272727272727,0.8181818181818182,0.045454545454545414,0.782608695652174,JAX,8.5,-110.0,-8.5,-108.0,40.5,-108,-110
2026-09-09T20:54:05Z,SCHEDULED_FULL,e55c6fe19fce094ce214c8b0e5b504e9,2026_01_CLE_JAX,2026.0,1.0,2026-09-13T17:00:00Z,5525.911814116666,CLE,JAX,bovada,Bovada,2026-09-09T20:52:59Z,66.291153,310.0,-415.0,0.24390243902439024,0.8058252427184466,0.049727681742836705,0.7676517031355742,JAX,8.5,-110.0,-8.5,-110.0,40.5,-115,-105
2026-09-09T20:54:05Z,SCHEDULED_FULL,e55c6fe19fce094ce214c8b0e5b504e9,2026_01_CLE_JAX,2026.0,1.0,2026-09-13T17:00:00Z,5525.911814116666,CLE,JAX,pinnacle,Pinnacle,2026-09-09T20:54:03Z,2.291153,320.0,-396.0,0.23809523809523808,0.7983870967741935,0.03648233486943164,0.7702852908484623,JAX,9.5,-114.0,-9.5,101.0,40.5,-112,-105
2026-09-09T20:54:05Z,SCHEDULED_FULL,e55c6fe19fce094ce214c8b0e5b504e9,2026_01_CLE_JAX,2026.0,1.0,2026-09-13T17:00:00Z,5525.911814116666,CLE,JAX,mybookieag,MyBookie.ag,2026-09-09T20:52:32Z,93.291153,340.0,-500.0,0.22727272727272727,0.8333333333333334,0.06060606060606055,0.7857142857142858,JAX,9.0,-110.0,-9.0,-110.0,40.5,-110,-110
2026-09-09T20:54:05Z,SCHEDULED_FULL,c1d3fcec25aaeb06ebd2244d33d338e0,2026_01_NO_DET,2026.0,1.0,2026-09-13T17:00:00Z,5525.911814116666,NO,DET,draftkings,DraftKings,2026-09-09T20:53:43Z,22.291153,250.0,-310.0,0.2857142857142857,0.7560975609756098,0.04181184668989557,0.725752508361204,DET,7.0,-112.0,-7.0,-108.0,49.5,-118,-102
2026-09-09T20:54:05Z,SCHEDULED_FULL,c1d3fcec25aaeb06ebd2244d33d338e0,2026_01_NO_DET,2026.0,1.0,2026-09-13T17:00:00Z,5525.911814116666,NO,DET,fanduel,FanDuel,2026-09-09T20:53:39Z,26.291153,270.0,-335.0,0.2702702702702703,0.7701149425287356,0.040385212799005865,0.7402209614810391,DET,6.5,100.0,-6.5,-122.0,49.5,-115,-105
2026-09-09T20:54:05Z,SCHEDULED_FULL,c1d3fcec25aaeb06ebd2244d33d338e0,2026_01_NO_DET,2026.0,1.0,2026-09-13T17:00:00Z,5525.911814116666,NO,DET,lowvig,LowVig.ag,2026-09-09T20:53:42Z,23.291153,252.0,-310.0,0.2840909090909091,0.7560975609756098,0.04018847006651893,0.7268851585398347,DET,7.0,-112.0,-7.0,101.0,50.0,-107,-107
2026-09-09T20:54:05Z,SCHEDULED_FULL,c1d3fcec25aaeb06ebd2244d33d338e0,2026_01_NO_DET,2026.0,1.0,2026-09-13T17:00:00Z,5525.911814116666,NO,DET,betonlineag,BetOnline.ag,2026-09-09T20:53:40Z,25.291153,252.0,-310.0,0.2840909090909091,0.7560975609756098,0.04018847006651893,0.7268851585398347,DET,7.0,-116.0,-7.0,-104.0,50.0,-110,-110
2026-09-09T20:54:05Z,SCHEDULED_FULL,c1d3fcec25aaeb06ebd2244d33d338e0,2026_01_NO_DET,2026.0,1.0,2026-09-13T17:00:00Z,5525.911814116666,NO,DET,betus,BetUS,2026-09-09T20:53:51Z,14.291153,255.0,-310.0,0.28169014084507044,0.7560975609756098,0.03778770182068025,0.7285666997682886,DET,7.0,-115.0,-7.0,-105.0,50.0,-110,-110
2026-09-09T20:54:05Z,SCHEDULED_FULL,c1d3fcec25aaeb06ebd2244d33d338e0,2026_01_NO_DET,2026.0,1.0,2026-09-13T17:00:00Z,5525.911814116666,NO,DET,betrivers,BetRivers,2026-09-09T20:53:41Z,24.291153,265.0,-345.0,0.273972602739726,0.7752808988764045,0.049253501616130624,0.738888073932815,DET,7.0,-113.0,-7.0,-108.0,50.0,-113,-108
2026-09-09T20:54:05Z,SCHEDULED_FULL,c1d3fcec25aaeb06ebd2244d33d338e0,2026_01_NO_DET,2026.0,1.0,2026-09-13T17:00:00Z,5525.911814116666,NO,DET,betmgm,BetMGM,2026-09-09T20:53:41Z,24.291153,260.0,-325.0,0.2777777777777778,0.7647058823529411,0.0424836601307188,0.7335423197492164,DET,7.0,-110.0,-7.0,-108.0,49.5,-110,-108
2026-09-09T20:54:05Z,SCHEDULED_FULL,c1d3fcec25aaeb06ebd2244d33d338e0,2026_01_NO_DET,2026.0,1.0,2026-09-13T17:00:00Z,5525.911814116666,NO,DET,bovada,Bovada,2026-09-09T20:52:59Z,66.291153,265.0,-330.0,0.273972602739726,0.7674418604651163,0.04141446320484232,0.7369226063016213,DET,7.0,-110.0,-7.0,-110.0,49.5,-110,-110
2026-09-09T20:54:05Z,SCHEDULED_FULL,c1d3fcec25aaeb06ebd2244d33d338e0,2026_01_NO_DET,2026.0,1.0,2026-09-13T17:00:00Z,5525.911814116666,NO,DET,pinnacle,Pinnacle,2026-09-09T20:54:03Z,2.291153,266.0,-320.0,0.273224043715847,0.7619047619047619,0.03512880562060894,0.7360482654600301,DET,7.0,-108.0,-7.0,-104.0,49.5,-111,-105
2026-09-09T20:54:05Z,SCHEDULED_FULL,c1d3fcec25aaeb06ebd2244d33d338e0,2026_01_NO_DET,2026.0,1.0,2026-09-13T17:00:00Z,5525.911814116666,NO,DET,mybookieag,MyBookie.ag,2026-09-09T20:52:32Z,93.291153,238.0,-330.0,0.2958579881656805,0.7674418604651163,0.06329984863079674,0.7217548854665459,DET,7.0,-110.0,-7.0,-110.0,50.0,-110,-110
2026-09-09T20:54:05Z,SCHEDULED_FULL,7dddb296a42e7a41a774b24bd1709ce1,2026_01_NYJ_TEN,2026.0,1.0,2026-09-13T17:00:00Z,5525.911814116666,NYJ,TEN,draftkings,DraftKings,2026-09-09T20:53:43Z,22.291153,102.0,-122.0,0.49504950495049505,0.5495495495495496,0.044599054500044755,0.5260865852617197,TEN,1.5,-110.0,-1.5,-110.0,38.5,-112,-108
2026-09-09T20:54:05Z,SCHEDULED_FULL,7dddb296a42e7a41a774b24bd1709ce1,2026_01_NYJ_TEN,2026.0,1.0,2026-09-13T17:00:00Z,5525.911814116666,NYJ,TEN,fanduel,FanDuel,2026-09-09T20:53:39Z,26.291153,106.0,-124.0,0.4854368932038835,0.5535714285714286,0.039008321775312105,0.5327882529617888,TEN,1.5,-110.0,-1.5,-110.0,38.5,-110,-110
2026-09-09T20:54:05Z,SCHEDULED_FULL,7dddb296a42e7a41a774b24bd1709ce1,2026_01_NYJ_TEN,2026.0,1.0,2026-09-13T17:00:00Z,5525.911814116666,NYJ,TEN,lowvig,LowVig.ag,2026-09-09T20:53:42Z,23.291153,,,,,,,,0.0,101.0,0.0,-112.0,38.5,-107,-107
2026-09-09T20:54:05Z,SCHEDULED_FULL,7dddb296a42e7a41a774b24bd1709ce1,2026_01_NYJ_TEN,2026.0,1.0,2026-09-13T17:00:00Z,5525.911814116666,NYJ,TEN,betus,BetUS,2026-09-09T20:53:51Z,14.291153,,,,,,,,0.0,100.0,0.0,-120.0,38.5,-110,-110
2026-09-09T20:54:05Z,SCHEDULED_FULL,7dddb296a42e7a41a774b24bd1709ce1,2026_01_NYJ_TEN,2026.0,1.0,2026-09-13T17:00:00Z,5525.911814116666,NYJ,TEN,betonlineag,BetOnline.ag,2026-09-09T20:53:40Z,25.291153,,,,,,,,0.0,-104.0,0.0,-116.0,38.5,-110,-110
2026-09-09T20:54:05Z,SCHEDULED_FULL,7dddb296a42e7a41a774b24bd1709ce1,2026_01_NYJ_TEN,2026.0,1.0,2026-09-13T17:00:00Z,5525.911814116666,NYJ,TEN,betrivers,BetRivers,2026-09-09T20:53:41Z,24.291153,104.0,-125.0,0.49019607843137253,0.5555555555555556,0.045751633986928164,0.53125,TEN,1.5,-112.0,-1.5,-109.0,38.5,-112,-109
2026-09-09T20:54:05Z,SCHEDULED_FULL,7dddb296a42e7a41a774b24bd1709ce1,2026_01_NYJ_TEN,2026.0,1.0,2026-09-13T17:00:00Z,5525.911814116666,NYJ,TEN,betmgm,BetMGM,2026-09-09T20:53:41Z,24.291153,105.0,-120.0,0.4878048780487805,0.5454545454545454,0.03325942350332589,0.5278969957081545,TEN,1.5,-108.0,-1.5,-110.0,38.5,-110,-110
2026-09-09T20:54:05Z,SCHEDULED_FULL,7dddb296a42e7a41a774b24bd1709ce1,2026_01_NYJ_TEN,2026.0,1.0,2026-09-13T17:00:00Z,5525.911814116666,NYJ,TEN,bovada,Bovada,2026-09-09T20:52:59Z,66.291153,100.0,-120.0,0.5,0.5454545454545454,0.045454545454545414,0.5217391304347826,TEN,1.0,-110.0,-1.0,-110.0,38.5,-110,-110
2026-09-09T20:54:05Z,SCHEDULED_FULL,7dddb296a42e7a41a774b24bd1709ce1,2026_01_NYJ_TEN,2026.0,1.0,2026-09-13T17:00:00Z,5525.911814116666,NYJ,TEN,pinnacle,Pinnacle,2026-09-09T20:54:03Z,2.291153,102.0,-114.0,0.49504950495049505,0.5327102803738317,0.02775978532432677,0.5183217790582515,TEN,1.0,-104.0,-1.0,-108.0,38.5,-107,-109
2026-09-09T20:54:05Z,SCHEDULED_FULL,7dddb296a42e7a41a774b24bd1709ce1,2026_01_NYJ_TEN,2026.0,1.0,2026-09-13T17:00:00Z,5525.911814116666,NYJ,TEN,mybookieag,MyBookie.ag,2026-09-09T20:52:32Z,93.291153,100.0,-127.0,0.5,0.5594713656387665,0.05947136563876665,0.528066528066528,TEN,1.0,-110.0,-1.0,-110.0,38.5,-110,-110
2026-09-09T20:54:05Z,SCHEDULED_FULL,1edfa5ceaa1ad2cb57df1c1b908731f6,2026_01_ARI_LAC,2026.0,1.0,2026-09-13T20:25:00Z,5730.911814116666,ARI,LAC,draftkings,DraftKings,2026-09-09T20:53:43Z,22.291153,380.0,-500.0,0.20833333333333334,0.8333333333333334,0.04166666666666674,0.7999999999999999,LAC,9.5,-105.0,-9.5,-115.0,47.5,-102,-118
2026-09-09T20:54:05Z,SCHEDULED_FULL,1edfa5ceaa1ad2cb57df1c1b908731f6,2026_01_ARI_LAC,2026.0,1.0,2026-09-13T20:25:00Z,5730.911814116666,ARI,LAC,lowvig,LowVig.ag,2026-09-09T20:53:42Z,23.291153,393.0,-515.0,0.2028397565922921,0.8373983739837398,0.04023813057603198,0.8050064205202999,LAC,9.5,-105.0,-9.5,-105.0,47.0,-113,-102
2026-09-09T20:54:05Z,SCHEDULED_FULL,1edfa5ceaa1ad2cb57df1c1b908731f6,2026_01_ARI_LAC,2026.0,1.0,2026-09-13T20:25:00Z,5730.911814116666,ARI,LAC,betonlineag,BetOnline.ag,2026-09-09T20:53:40Z,25.291153,393.0,-515.0,0.2028397565922921,0.8373983739837398,0.04023813057603198,0.8050064205202999,LAC,9.5,-110.0,-9.5,-110.0,47.0,-115,-105
2026-09-09T20:54:05Z,SCHEDULED_FULL,1edfa5ceaa1ad2cb57df1c1b908731f6,2026_01_ARI_LAC,2026.0,1.0,2026-09-13T20:25:00Z,5730.911814116666,ARI,LAC,betus,BetUS,2026-09-09T20:53:51Z,14.291153,400.0,-515.0,0.2,0.8373983739837398,0.0373983739837398,0.8072100313479624,LAC,9.5,-110.0,-9.5,-110.0,47.5,-110,-110
2026-09-09T20:54:05Z,SCHEDULED_FULL,1edfa5ceaa1ad2cb57df1c1b908731f6,2026_01_ARI_LAC,2026.0,1.0,2026-09-13T20:25:00Z,5730.911814116666,ARI,LAC,betrivers,BetRivers,2026-09-09T20:53:41Z,24.291153,380.0,-530.0,0.20833333333333334,0.8412698412698413,0.04960317460317465,0.8015122873345936,LAC,9.5,-106.0,-9.5,-115.0,47.0,-114,-107
2026-09-09T20:54:05Z,SCHEDULED_FULL,1edfa5ceaa1ad2cb57df1c1b908731f6,2026_01_ARI_LAC,2026.0,1.0,2026-09-13T20:25:00Z,5730.911814116666,ARI,LAC,fanduel,FanDuel,2026-09-09T20:53:39Z,26.291153,420.0,-560.0,0.19230769230769232,0.8484848484848485,0.04079254079254091,0.8152295632698767,LAC,9.5,-106.0,-9.5,-114.0,47.5,-104,-118
2026-09-09T20:54:05Z,SCHEDULED_FULL,1edfa5ceaa1ad2cb57df1c1b908731f6,2026_01_ARI_LAC,2026.0,1.0,2026-09-13T20:25:00Z,5730.911814116666,ARI,LAC,betmgm,BetMGM,2026-09-09T20:53:41Z,24.291153,400.0,-525.0,0.2,0.84,0.040000000000000036,0.8076923076923076,LAC,9.5,-110.0,-9.5,-108.0,47.5,-108,-110
2026-09-09T20:54:05Z,SCHEDULED_FULL,1edfa5ceaa1ad2cb57df1c1b908731f6,2026_01_ARI_LAC,2026.0,1.0,2026-09-13T20:25:00Z,5730.911814116666,ARI,LAC,bovada,Bovada,2026-09-09T20:52:59Z,66.291153,360.0,-500.0,0.21739130434782608,0.8333333333333334,0.050724637681159424,0.7931034482758621,LAC,9.0,-110.0,-9.0,-110.0,47.0,-115,-105
2026-09-09T20:54:05Z,SCHEDULED_FULL,1edfa5ceaa1ad2cb57df1c1b908731f6,2026_01_ARI_LAC,2026.0,1.0,2026-09-13T20:25:00Z,5730.911814116666,ARI,LAC,pinnacle,Pinnacle,2026-09-09T20:54:03Z,2.291153,373.0,-476.0,0.21141649048625794,0.8263888888888888,0.03780537937514672,0.7962850311938546,LAC,10.5,-132.0,-10.5,118.0,47.0,-112,-104
2026-09-09T20:54:05Z,SCHEDULED_FULL,1edfa5ceaa1ad2cb57df1c1b908731f6,2026_01_ARI_LAC,2026.0,1.0,2026-09-13T20:25:00Z,5730.911814116666,ARI,LAC,mybookieag,MyBookie.ag,2026-09-09T20:52:32Z,93.291153,350.0,-500.0,0.2222222222222222,0.8333333333333334,0.05555555555555558,0.7894736842105263,LAC,10.0,-110.0,-10.0,-110.0,47.0,-110,-110
2026-09-09T20:54:05Z,SCHEDULED_FULL,cb77efed7e711d25a72c1a2a0a1af119,2026_01_GB_MIN,2026.0,1.0,2026-09-13T20:25:00Z,5730.911814116666,GB,MIN,draftkings,DraftKings,2026-09-09T20:53:43Z,22.291153,100.0,-120.0,0.5,0.5454545454545454,0.045454545454545414,0.5217391304347826,MIN,1.5,-112.0,-1.5,-108.0,46.5,-108,-112
2026-09-09T20:54:05Z,SCHEDULED_FULL,cb77efed7e711d25a72c1a2a0a1af119,2026_01_GB_MIN,2026.0,1.0,2026-09-13T20:25:00Z,5730.911814116666,GB,MIN,lowvig,LowVig.ag,2026-09-09T20:53:42Z,23.291153,103.0,-123.0,0.49261083743842365,0.5515695067264574,0.04418034416488115,0.5282320336795786,MIN,1.0,100.0,-1.0,-110.0,46.0,-113,-102
2026-09-09T20:54:05Z,SCHEDULED_FULL,cb77efed7e711d25a72c1a2a0a1af119,2026_01_GB_MIN,2026.0,1.0,2026-09-13T20:25:00Z,5730.911814116666,GB,MIN,betonlineag,BetOnline.ag,2026-09-09T20:53:40Z,25.291153,103.0,-123.0,0.49261083743842365,0.5515695067264574,0.04418034416488115,0.5282320336795786,MIN,1.0,-105.0,-1.0,-115.0,46.0,-115,-105
2026-09-09T20:54:05Z,SCHEDULED_FULL,cb77efed7e711d25a72c1a2a0a1af119,2026_01_GB_MIN,2026.0,1.0,2026-09-13T20:25:00Z,5730.911814116666,GB,MIN,betus,BetUS,2026-09-09T20:53:51Z,14.291153,105.0,-125.0,0.4878048780487805,0.5555555555555556,0.04336043360433606,0.5324675324675325,MIN,1.0,-105.0,-1.0,-115.0,46.0,-115,-105
2026-09-09T20:54:05Z,SCHEDULED_FULL,cb77efed7e711d25a72c1a2a0a1af119,2026_01_GB_MIN,2026.0,1.0,2026-09-13T20:25:00Z,5730.911814116666,GB,MIN,betrivers,BetRivers,2026-09-09T20:53:41Z,24.291153,102.0,-122.0,0.49504950495049505,0.5495495495495496,0.044599054500044755,0.5260865852617197,MIN,1.5,-112.0,-1.5,-109.0,46.0,-113,-108
2026-09-09T20:54:05Z,SCHEDULED_FULL,cb77efed7e711d25a72c1a2a0a1af119,2026_01_GB_MIN,2026.0,1.0,2026-09-13T20:25:00Z,5730.911814116666,GB,MIN,fanduel,FanDuel,2026-09-09T20:53:39Z,26.291153,104.0,-122.0,0.49019607843137253,0.5495495495495496,0.03974562798092207,0.5285423037716617,MIN,1.5,-110.0,-1.5,-110.0,46.5,-110,-110
2026-09-09T20:54:05Z,SCHEDULED_FULL,cb77efed7e711d25a72c1a2a0a1af119,2026_01_GB_MIN,2026.0,1.0,2026-09-13T20:25:00Z,5730.911814116666,GB,MIN,betmgm,BetMGM,2026-09-09T20:53:41Z,24.291153,100.0,-120.0,0.5,0.5454545454545454,0.045454545454545414,0.5217391304347826,MIN,1.5,-110.0,-1.5,-108.0,46.0,-110,-108
2026-09-09T20:54:05Z,SCHEDULED_FULL,cb77efed7e711d25a72c1a2a0a1af119,2026_01_GB_MIN,2026.0,1.0,2026-09-13T20:25:00Z,5730.911814116666,GB,MIN,bovada,Bovada,2026-09-09T20:52:59Z,66.291153,105.0,-125.0,0.4878048780487805,0.5555555555555556,0.04336043360433606,0.5324675324675325,MIN,1.5,-110.0,-1.5,-110.0,46.0,-115,-105
2026-09-09T20:54:05Z,SCHEDULED_FULL,cb77efed7e711d25a72c1a2a0a1af119,2026_01_GB_MIN,2026.0,1.0,2026-09-13T20:25:00Z,5730.911814116666,GB,MIN,pinnacle,Pinnacle,2026-09-09T20:54:03Z,2.291153,107.0,-120.0,0.4830917874396135,0.5454545454545454,0.028546332894158866,0.5303159692570453,MIN,1.0,101.0,-1.0,-114.0,46.0,-111,-105
2026-09-09T20:54:05Z,SCHEDULED_FULL,cb77efed7e711d25a72c1a2a0a1af119,2026_01_GB_MIN,2026.0,1.0,2026-09-13T20:25:00Z,5730.911814116666,GB,MIN,mybookieag,MyBookie.ag,2026-09-09T20:52:32Z,93.291153,-101.0,-126.0,0.5024875621890548,0.5575221238938053,0.06000968608286006,0.5259594617046021,MIN,1.5,-110.0,-1.5,-110.0,46.5,-110,-110
2026-09-09T20:54:05Z,SCHEDULED_FULL,c5d95f48a16849ab6bebc68fbbfcb74a,2026_01_MIA_LV,2026.0,1.0,2026-09-13T20:25:00Z,5730.911814116666,MIA,LV,draftkings,DraftKings,2026-09-09T20:53:43Z,22.291153,140.0,-166.0,0.4166666666666667,0.6240601503759399,0.0407268170426065,0.5996387718242023,LV,3.0,-108.0,-3.0,-112.0,40.5,-112,-108
2026-09-09T20:54:05Z,SCHEDULED_FULL,c5d95f48a16849ab6bebc68fbbfcb74a,2026_01_MIA_LV,2026.0,1.0,2026-09-13T20:25:00Z,5730.911814116666,MIA,LV,betus,BetUS,2026-09-09T20:53:51Z,14.291153,142.0,-165.0,0.4132231404958678,0.6226415094339622,0.03586464992983007,0.6010838476591901,LV,3.0,-115.0,-3.0,-105.0,40.0,-110,-110
2026-09-09T20:54:05Z,SCHEDULED_FULL,c5d95f48a16849ab6bebc68fbbfcb74a,2026_01_MIA_LV,2026.0,1.0,2026-09-13T20:25:00Z,5730.911814116666,MIA,LV,betrivers,BetRivers,2026-09-09T20:53:41Z,24.291153,128.0,-155.0,0.43859649122807015,0.6078431372549019,0.046439628482972006,0.5808678500986193,LV,3.0,-109.0,-3.0,-112.0,40.0,-114,-107
2026-09-09T20:54:05Z,SCHEDULED_FULL,c5d95f48a16849ab6bebc68fbbfcb74a,2026_01_MIA_LV,2026.0,1.0,2026-09-13T20:25:00Z,5730.911814116666,MIA,LV,fanduel,FanDuel,2026-09-09T20:53:39Z,26.291153,140.0,-166.0,0.4166666666666667,0.6240601503759399,0.0407268170426065,0.5996387718242023,LV,3.0,-105.0,-3.0,-115.0,39.5,-112,-108
2026-09-09T20:54:05Z,SCHEDULED_FULL,c5d95f48a16849ab6bebc68fbbfcb74a,2026_01_MIA_LV,2026.0,1.0,2026-09-13T20:25:00Z,5730.911814116666,MIA,LV,betonlineag,BetOnline.ag,2026-09-09T20:53:40Z,25.291153,145.0,-165.0,0.40816326530612246,0.6226415094339622,0.030804774740084806,0.6040343668285393,LV,3.0,-113.0,-3.0,-107.0,40.5,-110,-110
2026-09-09T20:54:05Z,SCHEDULED_FULL,c5d95f48a16849ab6bebc68fbbfcb74a,2026_01_MIA_LV,2026.0,1.0,2026-09-13T20:25:00Z,5730.911814116666,MIA,LV,lowvig,LowVig.ag,2026-09-09T20:53:42Z,23.291153,145.0,-165.0,0.40816326530612246,0.6226415094339622,0.030804774740084806,0.6040343668285393,LV,3.0,-108.0,-3.0,-102.0,40.5,-107,-107
2026-09-09T20:54:05Z,SCHEDULED_FULL,c5d95f48a16849ab6bebc68fbbfcb74a,2026_01_MIA_LV,2026.0,1.0,2026-09-13T20:25:00Z,5730.911814116666,MIA,LV,betmgm,BetMGM,2026-09-09T20:53:41Z,24.291153,135.0,-160.0,0.425531914893617,0.6153846153846154,0.04091653027823239,0.5911949685534592,LV,3.0,-108.0,-3.0,-110.0,40.5,-110,-120
2026-09-09T20:54:05Z,SCHEDULED_FULL,c5d95f48a16849ab6bebc68fbbfcb74a,2026_01_MIA_LV,2026.0,1.0,2026-09-13T20:25:00Z,5730.911814116666,MIA,LV,bovada,Bovada,2026-09-09T20:52:59Z,66.291153,145.0,-170.0,0.40816326530612246,0.6296296296296297,0.03779289493575222,0.6067006554989074,LV,3.0,-105.0,-3.0,-115.0,40.0,-115,-105
2026-09-09T20:54:05Z,SCHEDULED_FULL,c5d95f48a16849ab6bebc68fbbfcb74a,2026_01_MIA_LV,2026.0,1.0,2026-09-13T20:25:00Z,5730.911814116666,MIA,LV,pinnacle,Pinnacle,2026-09-09T20:54:03Z,2.291153,149.0,-169.0,0.40160642570281124,0.6282527881040892,0.029859213806900486,0.6100375465707949,LV,3.0,-101.0,-3.0,-111.0,40.5,-103,-113
2026-09-09T20:54:05Z,SCHEDULED_FULL,c5d95f48a16849ab6bebc68fbbfcb74a,2026_01_MIA_LV,2026.0,1.0,2026-09-13T20:25:00Z,5730.911814116666,MIA,LV,mybookieag,MyBookie.ag,2026-09-09T20:52:32Z,93.291153,132.0,-170.0,0.43103448275862066,0.6296296296296297,0.06066411238825031,0.5936183022275737,LV,3.0,-110.0,-3.0,-110.0,40.5,-110,-110
2026-09-09T20:54:05Z,SCHEDULED_FULL,17885cb8dcade8f6c3bce14b2de805e8,2026_01_WAS_PHI,2026.0,1.0,2026-09-13T20:25:00Z,5730.911814116666,WAS,PHI,draftkings,DraftKings,2026-09-09T20:53:43Z,22.291153,180.0,-218.0,0.35714285714285715,0.6855345911949685,0.04267744833782561,0.6574752261956054,PHI,5.5,-112.0,-5.5,-108.0,44.5,-105,-115
2026-09-09T20:54:05Z,SCHEDULED_FULL,17885cb8dcade8f6c3bce14b2de805e8,2026_01_WAS_PHI,2026.0,1.0,2026-09-13T20:25:00Z,5730.911814116666,WAS,PHI,fanduel,FanDuel,2026-09-09T20:53:39Z,26.291153,194.0,-235.0,0.3401360544217687,0.7014925373134329,0.0416285917352015,0.6734574519933717,PHI,5.5,-115.0,-5.5,-105.0,44.5,-112,-108
2026-09-09T20:54:05Z,SCHEDULED_FULL,17885cb8dcade8f6c3bce14b2de805e8,2026_01_WAS_PHI,2026.0,1.0,2026-09-13T20:25:00Z,5730.911814116666,WAS,PHI,betus,BetUS,2026-09-09T20:53:51Z,14.291153,195.0,-230.0,0.3389830508474576,0.696969696969697,0.03595274781715463,0.6727813584531482,PHI,4.5,-105.0,-4.5,-115.0,44.5,-105,-115
2026-09-09T20:54:05Z,SCHEDULED_FULL,17885cb8dcade8f6c3bce14b2de805e8,2026_01_WAS_PHI,2026.0,1.0,2026-09-13T20:25:00Z,5730.911814116666,WAS,PHI,betrivers,BetRivers,2026-09-09T20:53:41Z,24.291153,175.0,-215.0,0.36363636363636365,0.6825396825396826,0.04617604617604609,0.6524137931034484,PHI,5.0,-110.0,-5.0,-110.0,44.5,-107,-114
2026-09-09T20:54:05Z,SCHEDULED_FULL,17885cb8dcade8f6c3bce14b2de805e8,2026_01_WAS_PHI,2026.0,1.0,2026-09-13T20:25:00Z,5730.911814116666,WAS,PHI,betonlineag,BetOnline.ag,2026-09-09T20:53:40Z,25.291153,189.0,-225.0,0.3460207612456747,0.6923076923076923,0.038328453553367,0.6667521148423481,PHI,4.5,-107.0,-4.5,-113.0,44.5,-105,-115
2026-09-09T20:54:05Z,SCHEDULED_FULL,17885cb8dcade8f6c3bce14b2de805e8,2026_01_WAS_PHI,2026.0,1.0,2026-09-13T20:25:00Z,5730.911814116666,WAS,PHI,lowvig,LowVig.ag,2026-09-09T20:53:42Z,23.291153,189.0,-225.0,0.3460207612456747,0.6923076923076923,0.038328453553367,0.6667521148423481,PHI,4.5,-102.0,-4.5,-108.0,44.5,-102,-113
2026-09-09T20:54:05Z,SCHEDULED_FULL,17885cb8dcade8f6c3bce14b2de805e8,2026_01_WAS_PHI,2026.0,1.0,2026-09-13T20:25:00Z,5730.911814116666,WAS,PHI,betmgm,BetMGM,2026-09-09T20:53:41Z,24.291153,190.0,-235.0,0.3448275862068966,0.7014925373134329,0.04632012352032944,0.6704377766847024,PHI,5.5,-110.0,-5.5,-108.0,44.5,-110,-120
2026-09-09T20:54:05Z,SCHEDULED_FULL,17885cb8dcade8f6c3bce14b2de805e8,2026_01_WAS_PHI,2026.0,1.0,2026-09-13T20:25:00Z,5730.911814116666,WAS,PHI,bovada,Bovada,2026-09-09T20:52:59Z,66.291153,195.0,-235.0,0.3389830508474576,0.7014925373134329,0.040475588160890474,0.6742037442256261,PHI,5.0,-110.0,-5.0,-110.0,44.0,-115,-105
2026-09-09T20:54:05Z,SCHEDULED_FULL,17885cb8dcade8f6c3bce14b2de805e8,2026_01_WAS_PHI,2026.0,1.0,2026-09-13T20:25:00Z,5730.911814116666,WAS,PHI,pinnacle,Pinnacle,2026-09-09T20:54:03Z,2.291153,199.0,-231.0,0.33444816053511706,0.6978851963746223,0.032333356909739486,0.6760269749141128,PHI,4.5,-102.0,-4.5,-111.0,44.5,-102,-114
2026-09-09T20:54:05Z,SCHEDULED_FULL,17885cb8dcade8f6c3bce14b2de805e8,2026_01_WAS_PHI,2026.0,1.0,2026-09-13T20:25:00Z,5730.911814116666,WAS,PHI,mybookieag,MyBookie.ag,2026-09-09T20:52:32Z,93.291153,179.0,-236.0,0.35842293906810035,0.7023809523809523,0.06080389144905274,0.662121394955955,PHI,5.0,-110.0,-5.0,-110.0,44.5,-110,-110
2026-09-09T20:54:05Z,SCHEDULED_FULL,3e646c7479c57f5d9752d8c7dfe7059b,2026_01_DAL_NYG,2026.0,1.0,2026-09-14T00:20:00Z,5965.911814116666,DAL,NYG,draftkings,DraftKings,2026-09-09T20:53:43Z,22.291153,-162.0,136.0,0.6183206106870229,0.423728813559322,0.042049424246344946,0.4066302458405761,DAL,-3.0,-105.0,3.0,-115.0,48.5,-105,-115
2026-09-09T20:54:05Z,SCHEDULED_FULL,3e646c7479c57f5d9752d8c7dfe7059b,2026_01_DAL_NYG,2026.0,1.0,2026-09-14T00:20:00Z,5965.911814116666,DAL,NYG,fanduel,FanDuel,2026-09-09T20:53:39Z,26.291153,-154.0,130.0,0.6062992125984252,0.43478260869565216,0.041081821294077336,0.4176257809930944,DAL,-2.5,-115.0,2.5,-105.0,48.5,-105,-115
2026-09-09T20:54:05Z,SCHEDULED_FULL,3e646c7479c57f5d9752d8c7dfe7059b,2026_01_DAL_NYG,2026.0,1.0,2026-09-14T00:20:00Z,5965.911814116666,DAL,NYG,betonlineag,BetOnline.ag,2026-09-09T20:53:40Z,25.291153,-158.0,138.0,0.6124031007751938,0.42016806722689076,0.032571168002084594,0.4069143902592896,DAL,-3.0,-107.0,3.0,-113.0,48.0,-110,-110
2026-09-09T20:54:05Z,SCHEDULED_FULL,3e646c7479c57f5d9752d8c7dfe7059b,2026_01_DAL_NYG,2026.0,1.0,2026-09-14T00:20:00Z,5965.911814116666,DAL,NYG,betmgm,BetMGM,2026-09-09T20:53:41Z,24.291153,-160.0,138.0,0.6153846153846154,0.42016806722689076,0.03555268261150624,0.40574282147315854,DAL,-3.0,-102.0,3.0,-118.0,48.0,-110,-108
2026-09-09T20:54:05Z,SCHEDULED_FULL,3e646c7479c57f5d9752d8c7dfe7059b,2026_01_DAL_NYG,2026.0,1.0,2026-09-14T00:20:00Z,5965.911814116666,DAL,NYG,lowvig,LowVig.ag,2026-09-09T20:53:42Z,23.291153,-158.0,138.0,0.6124031007751938,0.42016806722689076,0.032571168002084594,0.4069143902592896,DAL,-3.0,-102.0,3.0,-108.0,48.0,-107,-107
2026-09-09T20:54:05Z,SCHEDULED_FULL,3e646c7479c57f5d9752d8c7dfe7059b,2026_01_DAL_NYG,2026.0,1.0,2026-09-14T00:20:00Z,5965.911814116666,DAL,NYG,betrivers,BetRivers,2026-09-09T20:53:41Z,24.291153,-157.0,132.0,0.6108949416342413,0.43103448275862066,0.04192942439286185,0.41368875152919965,DAL,-3.0,-108.0,3.0,-113.0,48.0,-112,-109
2026-09-09T20:54:05Z,SCHEDULED_FULL,3e646c7479c57f5d9752d8c7dfe7059b,2026_01_DAL_NYG,2026.0,1.0,2026-09-14T00:20:00Z,5965.911814116666,DAL,NYG,bovada,Bovada,2026-09-09T20:52:59Z,66.291153,-160.0,135.0,0.6153846153846154,0.425531914893617,0.04091653027823239,0.4088050314465409,DAL,-3.0,-105.0,3.0,-115.0,48.0,-110,-110
2026-09-09T20:54:05Z,SCHEDULED_FULL,3e646c7479c57f5d9752d8c7dfe7059b,2026_01_DAL_NYG,2026.0,1.0,2026-09-14T00:20:00Z,5965.911814116666,DAL,NYG,betus,BetUS,2026-09-09T20:53:51Z,14.291153,-160.0,138.0,0.6153846153846154,0.42016806722689076,0.03555268261150624,0.40574282147315854,DAL,-3.0,-105.0,3.0,-115.0,48.0,-110,-110
2026-09-09T20:54:05Z,SCHEDULED_FULL,3e646c7479c57f5d9752d8c7dfe7059b,2026_01_DAL_NYG,2026.0,1.0,2026-09-14T00:20:00Z,5965.911814116666,DAL,NYG,pinnacle,Pinnacle,2026-09-09T20:54:03Z,2.291153,-157.0,139.0,0.6108949416342413,0.41841004184100417,0.02930498347524546,0.40649763535422234,DAL,-2.5,-123.0,2.5,109.0,47.5,-116,-101
2026-09-09T20:54:05Z,SCHEDULED_FULL,3e646c7479c57f5d9752d8c7dfe7059b,2026_01_DAL_NYG,2026.0,1.0,2026-09-14T00:20:00Z,5965.911814116666,DAL,NYG,mybookieag,MyBookie.ag,2026-09-09T20:52:32Z,93.291153,-164.0,128.0,0.6212121212121212,0.43859649122807015,0.05980861244019131,0.41384499623777277,DAL,-3.0,100.0,3.0,-120.0,48.5,-110,-110
2026-09-09T20:54:05Z,SCHEDULED_FULL,5ad8135dc2b5f27de0b777acd317855a,2026_01_DEN_KC,2026.0,1.0,2026-09-15T00:15:00Z,7400.911814116666,DEN,KC,draftkings,DraftKings,2026-09-09T20:53:43Z,22.291153,130.0,-155.0,0.43478260869565216,0.6078431372549019,0.04262574595055413,0.5829926410466066,KC,3.0,-120.0,-3.0,100.0,43.5,-110,-110
2026-09-09T20:54:05Z,SCHEDULED_FULL,5ad8135dc2b5f27de0b777acd317855a,2026_01_DEN_KC,2026.0,1.0,2026-09-15T00:15:00Z,7400.911814116666,DEN,KC,fanduel,FanDuel,2026-09-09T20:53:39Z,26.291153,120.0,-142.0,0.45454545454545453,0.5867768595041323,0.04132231404958686,0.5634920634920635,KC,2.5,-105.0,-2.5,-115.0,43.5,-108,-112
2026-09-09T20:54:05Z,SCHEDULED_FULL,5ad8135dc2b5f27de0b777acd317855a,2026_01_DEN_KC,2026.0,1.0,2026-09-15T00:15:00Z,7400.911814116666,DEN,KC,lowvig,LowVig.ag,2026-09-09T20:53:42Z,23.291153,125.0,-145.0,0.4444444444444444,0.5918367346938775,0.03628117913832196,0.5711159737417943,KC,2.5,101.0,-2.5,-112.0,43.5,-113,-102
2026-09-09T20:54:05Z,SCHEDULED_FULL,5ad8135dc2b5f27de0b777acd317855a,2026_01_DEN_KC,2026.0,1.0,2026-09-15T00:15:00Z,7400.911814116666,DEN,KC,betonlineag,BetOnline.ag,2026-09-09T20:53:40Z,25.291153,125.0,-145.0,0.4444444444444444,0.5918367346938775,0.03628117913832196,0.5711159737417943,KC,2.5,-104.0,-2.5,-116.0,43.5,-115,-105
2026-09-09T20:54:05Z,SCHEDULED_FULL,5ad8135dc2b5f27de0b777acd317855a,2026_01_DEN_KC,2026.0,1.0,2026-09-15T00:15:00Z,7400.911814116666,DEN,KC,betmgm,BetMGM,2026-09-09T20:53:41Z,24.291153,125.0,-150.0,0.4444444444444444,0.6,0.04444444444444429,0.574468085106383,KC,,,,,43.5,-112,-105
2026-09-09T20:54:05Z,SCHEDULED_FULL,5ad8135dc2b5f27de0b777acd317855a,2026_01_DEN_KC,2026.0,1.0,2026-09-15T00:15:00Z,7400.911814116666,DEN,KC,bovada,Bovada,2026-09-09T20:52:59Z,66.291153,130.0,-150.0,0.43478260869565216,0.6,0.034782608695652195,0.5798319327731092,KC,2.5,100.0,-2.5,-120.0,44.0,-105,-115
2026-09-09T20:54:05Z,SCHEDULED_FULL,5ad8135dc2b5f27de0b777acd317855a,2026_01_DEN_KC,2026.0,1.0,2026-09-15T00:15:00Z,7400.911814116666,DEN,KC,betus,BetUS,2026-09-09T20:53:51Z,14.291153,125.0,-145.0,0.4444444444444444,0.5918367346938775,0.03628117913832196,0.5711159737417943,KC,2.0,100.0,-2.0,-120.0,43.5,-115,-105
2026-09-09T20:54:05Z,SCHEDULED_FULL,5ad8135dc2b5f27de0b777acd317855a,2026_01_DEN_KC,2026.0,1.0,2026-09-15T00:15:00Z,7400.911814116666,DEN,KC,betrivers,BetRivers,2026-09-09T20:53:41Z,24.291153,120.0,-148.0,0.45454545454545453,0.5967741935483871,0.0513196480938416,0.5676429567642958,KC,2.5,-103.0,-2.5,-118.0,43.5,-108,-113
2026-09-09T20:54:05Z,SCHEDULED_FULL,5ad8135dc2b5f27de0b777acd317855a,2026_01_DEN_KC,2026.0,1.0,2026-09-15T00:15:00Z,7400.911814116666,DEN,KC,pinnacle,Pinnacle,2026-09-09T20:54:03Z,2.291153,130.0,-147.0,0.43478260869565216,0.5951417004048583,0.02992430910051036,0.5778499401811656,KC,3.0,-121.0,-3.0,107.0,44.0,-105,-111
2026-09-09T20:54:05Z,SCHEDULED_FULL,5ad8135dc2b5f27de0b777acd317855a,2026_01_DEN_KC,2026.0,1.0,2026-09-15T00:15:00Z,7400.911814116666,DEN,KC,mybookieag,MyBookie.ag,2026-09-09T20:52:32Z,93.291153,120.0,-153.0,0.45454545454545453,0.6047430830039525,0.059288537549406994,0.5708955223880597,KC,2.5,-105.0,-2.5,-115.0,43.5,-110,-110
2026-09-09T20:54:05Z,SCHEDULED_FULL,56e8897681915f7ec92baeee952bb1ae,odds_56e8897681915f7ec92baeee952bb1ae,,,2026-09-18T00:15:00Z,11720.911814116667,DET,BUF,draftkings,DraftKings,2026-09-09T20:53:43Z,22.291153,136.0,-162.0,0.423728813559322,0.6183206106870229,0.042049424246344946,0.593369754159424,BUF,3.0,-105.0,-3.0,-115.0,52.5,-105,-115
2026-09-09T20:54:05Z,SCHEDULED_FULL,56e8897681915f7ec92baeee952bb1ae,odds_56e8897681915f7ec92baeee952bb1ae,,,2026-09-18T00:15:00Z,11720.911814116667,DET,BUF,fanduel,FanDuel,2026-09-09T20:53:39Z,26.291153,164.0,-196.0,0.3787878787878788,0.6621621621621622,0.040950040950040956,0.6361132966168371,BUF,3.5,-110.0,-3.5,-110.0,52.5,-110,-110
2026-09-09T20:54:05Z,SCHEDULED_FULL,56e8897681915f7ec92baeee952bb1ae,odds_56e8897681915f7ec92baeee952bb1ae,,,2026-09-18T00:15:00Z,11720.911814116667,DET,BUF,betonlineag,BetOnline.ag,2026-09-09T20:53:40Z,25.291153,,,,,,,,3.0,-110.0,-3.0,-110.0,51.5,-110,-110
2026-09-09T20:54:05Z,SCHEDULED_FULL,56e8897681915f7ec92baeee952bb1ae,odds_56e8897681915f7ec92baeee952bb1ae,,,2026-09-18T00:15:00Z,11720.911814116667,DET,BUF,lowvig,LowVig.ag,2026-09-09T20:53:42Z,23.291153,,,,,,,,3.0,-105.0,-3.0,-105.0,51.5,-107,-107
2026-09-09T20:54:05Z,SCHEDULED_FULL,56e8897681915f7ec92baeee952bb1ae,odds_56e8897681915f7ec92baeee952bb1ae,,,2026-09-18T00:15:00Z,11720.911814116667,DET,BUF,betrivers,BetRivers,2026-09-09T20:53:41Z,24.291153,140.0,-175.0,0.4166666666666667,0.6363636363636364,0.05303030303030298,0.60431654676259,BUF,3.0,-109.0,-3.0,-112.0,52.5,-109,-112
2026-09-09T20:54:05Z,SCHEDULED_FULL,56e8897681915f7ec92baeee952bb1ae,odds_56e8897681915f7ec92baeee952bb1ae,,,2026-09-18T00:15:00Z,11720.911814116667,DET,BUF,betus,BetUS,2026-09-09T20:53:51Z,14.291153,,,,,,,,3.0,-110.0,-3.0,-110.0,51.5,-110,-110
2026-09-09T20:54:05Z,SCHEDULED_FULL,aee7eae1849ebb103b9bf233e9741392,odds_aee7eae1849ebb103b9bf233e9741392,,,2026-09-20T17:00:00Z,15605.911814116667,CAR,ATL,draftkings,DraftKings,2026-09-09T20:53:43Z,22.291153,102.0,-122.0,0.49504950495049505,0.5495495495495496,0.044599054500044755,0.5260865852617197,ATL,1.5,-110.0,-1.5,-110.0,43.5,-118,-102
2026-09-09T20:54:05Z,SCHEDULED_FULL,aee7eae1849ebb103b9bf233e9741392,odds_aee7eae1849ebb103b9bf233e9741392,,,2026-09-20T17:00:00Z,15605.911814116667,CAR,ATL,betus,BetUS,2026-09-09T20:53:51Z,14.291153,,,,,,,,1.5,-110.0,-1.5,-110.0,44.0,-110,-110
2026-09-09T20:54:05Z,SCHEDULED_FULL,aee7eae1849ebb103b9bf233e9741392,odds_aee7eae1849ebb103b9bf233e9741392,,,2026-09-20T17:00:00Z,15605.911814116667,CAR,ATL,lowvig,LowVig.ag,2026-09-09T20:53:42Z,23.291153,,,,,,,,1.5,-105.0,-1.5,-105.0,44.0,-107,-107
2026-09-09T20:54:05Z,SCHEDULED_FULL,aee7eae1849ebb103b9bf233e9741392,odds_aee7eae1849ebb103b9bf233e9741392,,,2026-09-20T17:00:00Z,15605.911814116667,CAR,ATL,betonlineag,BetOnline.ag,2026-09-09T20:53:40Z,25.291153,,,,,,,,1.5,-110.0,-1.5,-110.0,44.0,-110,-110
2026-09-09T20:54:05Z,SCHEDULED_FULL,aee7eae1849ebb103b9bf233e9741392,odds_aee7eae1849ebb103b9bf233e9741392,,,2026-09-20T17:00:00Z,15605.911814116667,CAR,ATL,fanduel,FanDuel,2026-09-09T20:53:39Z,26.291153,102.0,-120.0,0.49504950495049505,0.5454545454545454,0.04050405040504046,0.5242214532871973,ATL,1.5,-114.0,-1.5,-106.0,43.5,-110,-110
2026-09-09T20:54:05Z,SCHEDULED_FULL,aee7eae1849ebb103b9bf233e9741392,odds_aee7eae1849ebb103b9bf233e9741392,,,2026-09-20T17:00:00Z,15605.911814116667,CAR,ATL,betrivers,BetRivers,2026-09-09T20:53:41Z,24.291153,102.0,-124.0,0.49504950495049505,0.5535714285714286,0.04862093352192365,0.5279042320013488,ATL,1.5,-110.0,-1.5,-110.0,43.5,-110,-110
2026-09-09T20:54:05Z,SCHEDULED_FULL,2143ade9684fd876b68a4e8cbf451f05,odds_2143ade9684fd876b68a4e8cbf451f05,,,2026-09-20T17:00:00Z,15605.911814116667,NO,BAL,draftkings,DraftKings,2026-09-09T20:53:43Z,22.291153,280.0,-355.0,0.2631578947368421,0.7802197802197802,0.04337767495662237,0.7477827050997783,BAL,7.5,-110.0,-7.5,-110.0,46.5,-110,-110
2026-09-09T20:54:05Z,SCHEDULED_FULL,2143ade9684fd876b68a4e8cbf451f05,odds_2143ade9684fd876b68a4e8cbf451f05,,,2026-09-20T17:00:00Z,15605.911814116667,NO,BAL,betus,BetUS,2026-09-09T20:53:51Z,14.291153,,,,,,,,7.5,-110.0,-7.5,-110.0,46.5,-110,-110
2026-09-09T20:54:05Z,SCHEDULED_FULL,2143ade9684fd876b68a4e8cbf451f05,odds_2143ade9684fd876b68a4e8cbf451f05,,,2026-09-20T17:00:00Z,15605.911814116667,NO,BAL,lowvig,LowVig.ag,2026-09-09T20:53:42Z,23.291153,,,,,,,,7.5,-105.0,-7.5,-105.0,46.5,-107,-107
2026-09-09T20:54:05Z,SCHEDULED_FULL,2143ade9684fd876b68a4e8cbf451f05,odds_2143ade9684fd876b68a4e8cbf451f05,,,2026-09-20T17:00:00Z,15605.911814116667,NO,BAL,betonlineag,BetOnline.ag,2026-09-09T20:53:40Z,25.291153,,,,,,,,7.5,-110.0,-7.5,-110.0,46.5,-110,-110
2026-09-09T20:54:05Z,SCHEDULED_FULL,2143ade9684fd876b68a4e8cbf451f05,odds_2143ade9684fd876b68a4e8cbf451f05,,,2026-09-20T17:00:00Z,15605.911814116667,NO,BAL,fanduel,FanDuel,2026-09-09T20:53:39Z,26.291153,360.0,-460.0,0.21739130434782608,0.8214285714285714,0.03881987577639756,0.7907324364723467,BAL,8.5,-118.0,-8.5,-104.0,46.5,-118,-104
2026-09-09T20:54:05Z,SCHEDULED_FULL,2143ade9684fd876b68a4e8cbf451f05,odds_2143ade9684fd876b68a4e8cbf451f05,,,2026-09-20T17:00:00Z,15605.911814116667,NO,BAL,betrivers,BetRivers,2026-09-09T20:53:41Z,24.291153,300.0,-400.0,0.25,0.8,0.050000000000000044,0.7619047619047619,BAL,7.5,-109.0,-7.5,-112.0,46.5,-110,-110
2026-09-09T20:54:05Z,SCHEDULED_FULL,0283a29e1b38ef78b29b904fd56a16dd,odds_0283a29e1b38ef78b29b904fd56a16dd,,,2026-09-20T17:00:00Z,15605.911814116667,MIN,CHI,draftkings,DraftKings,2026-09-09T20:53:43Z,22.291153,142.0,-170.0,0.4132231404958678,0.6296296296296297,0.042852770125497486,0.6037569709421778,CHI,3.0,-110.0,-3.0,-110.0,45.5,-110,-110
2026-09-09T20:54:05Z,SCHEDULED_FULL,0283a29e1b38ef78b29b904fd56a16dd,odds_0283a29e1b38ef78b29b904fd56a16dd,,,2026-09-20T17:00:00Z,15605.911814116667,MIN,CHI,lowvig,LowVig.ag,2026-09-09T20:53:42Z,23.291153,,,,,,,,3.5,-110.0,-3.5,100.0,45.5,-107,-107
2026-09-09T20:54:05Z,SCHEDULED_FULL,0283a29e1b38ef78b29b904fd56a16dd,odds_0283a29e1b38ef78b29b904fd56a16dd,,,2026-09-20T17:00:00Z,15605.911814116667,MIN,CHI,betonlineag,BetOnline.ag,2026-09-09T20:53:40Z,25.291153,,,,,,,,3.5,-115.0,-3.5,-105.0,45.5,-110,-110
2026-09-09T20:54:05Z,SCHEDULED_FULL,0283a29e1b38ef78b29b904fd56a16dd,odds_0283a29e1b38ef78b29b904fd56a16dd,,,2026-09-20T17:00:00Z,15605.911814116667,MIN,CHI,betus,BetUS,2026-09-09T20:53:51Z,14.291153,,,,,,,,3.5,-115.0,-3.5,-105.0,45.5,-110,-110
2026-09-09T20:54:05Z,SCHEDULED_FULL,0283a29e1b38ef78b29b904fd56a16dd,odds_0283a29e1b38ef78b29b904fd56a16dd,,,2026-09-20T17:00:00Z,15605.911814116667,MIN,CHI,fanduel,FanDuel,2026-09-09T20:53:39Z,26.291153,138.0,-164.0,0.42016806722689076,0.6212121212121212,0.04138018843901192,0.5965276928719893,CHI,3.0,-110.0,-3.0,-110.0,46.5,-110,-110
2026-09-09T20:54:05Z,SCHEDULED_FULL,0283a29e1b38ef78b29b904fd56a16dd,odds_0283a29e1b38ef78b29b904fd56a16dd,,,2026-09-20T17:00:00Z,15605.911814116667,MIN,CHI,betrivers,BetRivers,2026-09-09T20:53:41Z,24.291153,135.0,-165.0,0.425531914893617,0.6226415094339622,0.04817342432757932,0.5940252776713902,CHI,3.0,-110.0,-3.0,-110.0,45.5,-112,-109
2026-09-09T20:54:05Z,SCHEDULED_FULL,36ad2fa722f4915ef23d2c81351261de,odds_36ad2fa722f4915ef23d2c81351261de,,,2026-09-20T17:00:00Z,15605.911814116667,CIN,HOU,draftkings,DraftKings,2026-09-09T20:53:43Z,22.291153,124.0,-148.0,0.44642857142857145,0.5967741935483871,0.04320276497695863,0.5720596355604638,HOU,2.5,-102.0,-2.5,-118.0,45.5,-110,-110
2026-09-09T20:54:05Z,SCHEDULED_FULL,36ad2fa722f4915ef23d2c81351261de,odds_36ad2fa722f4915ef23d2c81351261de,,,2026-09-20T17:00:00Z,15605.911814116667,CIN,HOU,betus,BetUS,2026-09-09T20:53:51Z,14.291153,,,,,,,,3.0,-115.0,-3.0,-105.0,45.5,-110,-110
2026-09-09T20:54:05Z,SCHEDULED_FULL,36ad2fa722f4915ef23d2c81351261de,odds_36ad2fa722f4915ef23d2c81351261de,,,2026-09-20T17:00:00Z,15605.911814116667,CIN,HOU,lowvig,LowVig.ag,2026-09-09T20:53:42Z,23.291153,,,,,,,,3.0,-108.0,-3.0,-102.0,46.5,-107,-107
2026-09-09T20:54:05Z,SCHEDULED_FULL,36ad2fa722f4915ef23d2c81351261de,odds_36ad2fa722f4915ef23d2c81351261de,,,2026-09-20T17:00:00Z,15605.911814116667,CIN,HOU,betonlineag,BetOnline.ag,2026-09-09T20:53:40Z,25.291153,,,,,,,,3.0,-113.0,-3.0,-107.0,46.5,-110,-110
2026-09-09T20:54:05Z,SCHEDULED_FULL,36ad2fa722f4915ef23d2c81351261de,odds_36ad2fa722f4915ef23d2c81351261de,,,2026-09-20T17:00:00Z,15605.911814116667,CIN,HOU,fanduel,FanDuel,2026-09-09T20:53:39Z,26.291153,116.0,-136.0,0.46296296296296297,0.576271186440678,0.039234149403641005,0.5545152521896708,HOU,2.5,-110.0,-2.5,-110.0,46.5,-110,-110
2026-09-09T20:54:05Z,SCHEDULED_FULL,36ad2fa722f4915ef23d2c81351261de,odds_36ad2fa722f4915ef23d2c81351261de,,,2026-09-20T17:00:00Z,15605.911814116667,CIN,HOU,betrivers,BetRivers,2026-09-09T20:53:41Z,24.291153,116.0,-141.0,0.46296296296296297,0.5850622406639004,0.048025203626863355,0.5582520712662219,HOU,2.5,-109.0,-2.5,-112.0,46.0,-113,-108
2026-09-09T20:54:05Z,SCHEDULED_FULL,0636ebff776d43f8c829a36713c80b22,odds_0636ebff776d43f8c829a36713c80b22,,,2026-09-20T17:00:00Z,15605.911814116667,CLE,TB,draftkings,DraftKings,2026-09-09T20:53:43Z,22.291153,225.0,-278.0,0.3076923076923077,0.7354497354497355,0.043142043142043285,0.705033164260632,TB,6.5,-110.0,-6.5,-110.0,42.5,-110,-110
2026-09-09T20:54:05Z,SCHEDULED_FULL,0636ebff776d43f8c829a36713c80b22,odds_0636ebff776d43f8c829a36713c80b22,,,2026-09-20T17:00:00Z,15605.911814116667,CLE,TB,betus,BetUS,2026-09-09T20:53:51Z,14.291153,,,,,,,,6.5,-110.0,-6.5,-110.0,41.5,-110,-110
2026-09-09T20:54:05Z,SCHEDULED_FULL,0636ebff776d43f8c829a36713c80b22,odds_0636ebff776d43f8c829a36713c80b22,,,2026-09-20T17:00:00Z,15605.911814116667,CLE,TB,lowvig,LowVig.ag,2026-09-09T20:53:42Z,23.291153,,,,,,,,6.5,-105.0,-6.5,-105.0,42.0,-102,-113
2026-09-09T20:54:05Z,SCHEDULED_FULL,0636ebff776d43f8c829a36713c80b22,odds_0636ebff776d43f8c829a36713c80b22,,,2026-09-20T17:00:00Z,15605.911814116667,CLE,TB,betonlineag,BetOnline.ag,2026-09-09T20:53:40Z,25.291153,,,,,,,,6.5,-110.0,-6.5,-110.0,42.0,-105,-115
2026-09-09T20:54:05Z,SCHEDULED_FULL,0636ebff776d43f8c829a36713c80b22,odds_0636ebff776d43f8c829a36713c80b22,,,2026-09-20T17:00:00Z,15605.911814116667,CLE,TB,fanduel,FanDuel,2026-09-09T20:53:39Z,26.291153,265.0,-330.0,0.273972602739726,0.7674418604651163,0.04141446320484232,0.7369226063016213,TB,6.5,-105.0,-6.5,-115.0,40.5,-105,-115
2026-09-09T20:54:05Z,SCHEDULED_FULL,0636ebff776d43f8c829a36713c80b22,odds_0636ebff776d43f8c829a36713c80b22,,,2026-09-20T17:00:00Z,15605.911814116667,CLE,TB,betrivers,BetRivers,2026-09-09T20:53:41Z,24.291153,230.0,-295.0,0.30303030303030304,0.7468354430379747,0.04986574606827765,0.711362805991962,TB,6.5,-110.0,-6.5,-110.0,41.5,-110,-110
2026-09-09T20:54:05Z,SCHEDULED_FULL,4aeee070bb6ec60bdfae4dede61b9014,odds_4aeee070bb6ec60bdfae4dede61b9014,,,2026-09-20T17:00:00Z,15605.911814116667,GB,NYJ,draftkings,DraftKings,2026-09-09T20:53:43Z,22.291153,-245.0,200.0,0.7101449275362319,0.3333333333333333,0.04347826086956519,0.3194444444444444,GB,-5.5,-110.0,5.5,-110.0,42.5,-110,-110
2026-09-09T20:54:05Z,SCHEDULED_FULL,4aeee070bb6ec60bdfae4dede61b9014,odds_4aeee070bb6ec60bdfae4dede61b9014,,,2026-09-20T17:00:00Z,15605.911814116667,GB,NYJ,lowvig,LowVig.ag,2026-09-09T20:53:42Z,23.291153,,,,,,,,-5.5,-105.0,5.5,-105.0,42.5,-107,-107
2026-09-09T20:54:05Z,SCHEDULED_FULL,4aeee070bb6ec60bdfae4dede61b9014,odds_4aeee070bb6ec60bdfae4dede61b9014,,,2026-09-20T17:00:00Z,15605.911814116667,GB,NYJ,betonlineag,BetOnline.ag,2026-09-09T20:53:40Z,25.291153,,,,,,,,-5.5,-110.0,5.5,-110.0,42.5,-110,-110
2026-09-09T20:54:05Z,SCHEDULED_FULL,4aeee070bb6ec60bdfae4dede61b9014,odds_4aeee070bb6ec60bdfae4dede61b9014,,,2026-09-20T17:00:00Z,15605.911814116667,GB,NYJ,betus,BetUS,2026-09-09T20:53:51Z,14.291153,,,,,,,,-5.5,-110.0,5.5,-110.0,42.5,-110,-110
2026-09-09T20:54:05Z,SCHEDULED_FULL,4aeee070bb6ec60bdfae4dede61b9014,odds_4aeee070bb6ec60bdfae4dede61b9014,,,2026-09-20T17:00:00Z,15605.911814116667,GB,NYJ,fanduel,FanDuel,2026-09-09T20:53:39Z,26.291153,-245.0,200.0,0.7101449275362319,0.3333333333333333,0.04347826086956519,0.3194444444444444,GB,-5.5,-110.0,5.5,-110.0,42.5,-118,-104
2026-09-09T20:54:05Z,SCHEDULED_FULL,4aeee070bb6ec60bdfae4dede61b9014,odds_4aeee070bb6ec60bdfae4dede61b9014,,,2026-09-20T17:00:00Z,15605.911814116667,GB,NYJ,betrivers,BetRivers,2026-09-09T20:53:41Z,24.291153,-245.0,200.0,0.7101449275362319,0.3333333333333333,0.04347826086956519,0.3194444444444444,GB,-5.5,-112.0,5.5,-109.0,42.5,-112,-109
2026-09-09T20:54:05Z,SCHEDULED_FULL,9d14f87600f6edc74dbcb5c74edf6246,odds_9d14f87600f6edc74dbcb5c74edf6246,,,2026-09-20T17:00:00Z,15605.911814116667,PIT,NE,draftkings,DraftKings,2026-09-09T20:53:43Z,22.291153,180.0,-218.0,0.35714285714285715,0.6855345911949685,0.04267744833782561,0.6574752261956054,NE,4.5,-110.0,-4.5,-110.0,43.5,-110,-110
2026-09-09T20:54:05Z,SCHEDULED_FULL,9d14f87600f6edc74dbcb5c74edf6246,odds_9d14f87600f6edc74dbcb5c74edf6246,,,2026-09-20T17:00:00Z,15605.911814116667,PIT,NE,betus,BetUS,2026-09-09T20:53:51Z,14.291153,,,,,,,,5.0,-105.0,-5.0,-115.0,43.0,-110,-110
2026-09-09T20:54:05Z,SCHEDULED_FULL,9d14f87600f6edc74dbcb5c74edf6246,odds_9d14f87600f6edc74dbcb5c74edf6246,,,2026-09-20T17:00:00Z,15605.911814116667,PIT,NE,lowvig,LowVig.ag,2026-09-09T20:53:42Z,23.291153,,,,,,,,5.0,100.0,-5.0,-110.0,43.0,-107,-107
2026-09-09T20:54:05Z,SCHEDULED_FULL,9d14f87600f6edc74dbcb5c74edf6246,odds_9d14f87600f6edc74dbcb5c74edf6246,,,2026-09-20T17:00:00Z,15605.911814116667,PIT,NE,betonlineag,BetOnline.ag,2026-09-09T20:53:40Z,25.291153,,,,,,,,5.0,-105.0,-5.0,-115.0,43.0,-110,-110
2026-09-09T20:54:05Z,SCHEDULED_FULL,9d14f87600f6edc74dbcb5c74edf6246,odds_9d14f87600f6edc74dbcb5c74edf6246,,,2026-09-20T17:00:00Z,15605.911814116667,PIT,NE,fanduel,FanDuel,2026-09-09T20:53:39Z,26.291153,198.0,-240.0,0.33557046979865773,0.7058823529411765,0.041452822739834305,0.6777862016679302,NE,5.5,-110.0,-5.5,-110.0,43.5,-105,-115
2026-09-09T20:54:05Z,SCHEDULED_FULL,9d14f87600f6edc74dbcb5c74edf6246,odds_9d14f87600f6edc74dbcb5c74edf6246,,,2026-09-20T17:00:00Z,15605.911814116667,PIT,NE,betrivers,BetRivers,2026-09-09T20:53:41Z,24.291153,170.0,-220.0,0.37037037037037035,0.6875,0.05787037037037024,0.6498905908096281,NE,5.0,-112.0,-5.0,-109.0,43.5,-112,-109
2026-09-09T20:54:05Z,SCHEDULED_FULL,fafc649c455e32a0f2ba1bd06e2039bc,odds_fafc649c455e32a0f2ba1bd06e2039bc,,,2026-09-20T17:00:00Z,15605.911814116667,PHI,TEN,draftkings,DraftKings,2026-09-09T20:53:43Z,22.291153,-230.0,190.0,0.696969696969697,0.3448275862068966,0.04179728317659359,0.33099297893681046,PHI,-5.5,-110.0,5.5,-110.0,42.5,-110,-110
2026-09-09T20:54:05Z,SCHEDULED_FULL,fafc649c455e32a0f2ba1bd06e2039bc,odds_fafc649c455e32a0f2ba1bd06e2039bc,,,2026-09-20T17:00:00Z,15605.911814116667,PHI,TEN,betus,BetUS,2026-09-09T20:53:51Z,14.291153,,,,,,,,-4.5,-110.0,4.5,-110.0,42.5,-110,-110
2026-09-09T20:54:05Z,SCHEDULED_FULL,fafc649c455e32a0f2ba1bd06e2039bc,odds_fafc649c455e32a0f2ba1bd06e2039bc,,,2026-09-20T17:00:00Z,15605.911814116667,PHI,TEN,lowvig,LowVig.ag,2026-09-09T20:53:42Z,23.291153,,,,,,,,-4.5,-105.0,4.5,-105.0,42.5,-107,-107
2026-09-09T20:54:05Z,SCHEDULED_FULL,fafc649c455e32a0f2ba1bd06e2039bc,odds_fafc649c455e32a0f2ba1bd06e2039bc,,,2026-09-20T17:00:00Z,15605.911814116667,PHI,TEN,betonlineag,BetOnline.ag,2026-09-09T20:53:40Z,25.291153,,,,,,,,-4.5,-110.0,4.5,-110.0,42.5,-110,-110
2026-09-09T20:54:05Z,SCHEDULED_FULL,fafc649c455e32a0f2ba1bd06e2039bc,odds_fafc649c455e32a0f2ba1bd06e2039bc,,,2026-09-20T17:00:00Z,15605.911814116667,PHI,TEN,fanduel,FanDuel,2026-09-09T20:53:39Z,26.291153,-255.0,210.0,0.7183098591549296,0.3225806451612903,0.04089050431621999,0.3099083369707551,PHI,-5.5,-110.0,5.5,-110.0,41.5,-115,-105
2026-09-09T20:54:05Z,SCHEDULED_FULL,fafc649c455e32a0f2ba1bd06e2039bc,odds_fafc649c455e32a0f2ba1bd06e2039bc,,,2026-09-20T17:00:00Z,15605.911814116667,PHI,TEN,betrivers,BetRivers,2026-09-09T20:53:41Z,24.291153,-245.0,200.0,0.7101449275362319,0.3333333333333333,0.04347826086956519,0.3194444444444444,PHI,-5.5,-110.0,5.5,-110.0,42.5,-110,-110
2026-09-09T20:54:05Z,SCHEDULED_FULL,1fd6628c781f556a7a19638e97d7107f,odds_1fd6628c781f556a7a19638e97d7107f,,,2026-09-20T20:05:00Z,15790.911814116667,JAX,DEN,draftkings,DraftKings,2026-09-09T20:53:43Z,22.291153,130.0,-155.0,0.43478260869565216,0.6078431372549019,0.04262574595055413,0.5829926410466066,DEN,3.0,-110.0,-3.0,-110.0,43.5,-110,-110
2026-09-09T20:54:05Z,SCHEDULED_FULL,1fd6628c781f556a7a19638e97d7107f,odds_1fd6628c781f556a7a19638e97d7107f,,,2026-09-20T20:05:00Z,15790.911814116667,JAX,DEN,betus,BetUS,2026-09-09T20:53:51Z,14.291153,,,,,,,,3.0,-105.0,-3.0,-115.0,44.5,-110,-110
2026-09-09T20:54:05Z,SCHEDULED_FULL,1fd6628c781f556a7a19638e97d7107f,odds_1fd6628c781f556a7a19638e97d7107f,,,2026-09-20T20:05:00Z,15790.911814116667,JAX,DEN,lowvig,LowVig.ag,2026-09-09T20:53:42Z,23.291153,,,,,,,,3.0,100.0,-3.0,-110.0,44.5,-107,-107
2026-09-09T20:54:05Z,SCHEDULED_FULL,1fd6628c781f556a7a19638e97d7107f,odds_1fd6628c781f556a7a19638e97d7107f,,,2026-09-20T20:05:00Z,15790.911814116667,JAX,DEN,betonlineag,BetOnline.ag,2026-09-09T20:53:40Z,25.291153,,,,,,,,3.0,-105.0,-3.0,-115.0,44.5,-110,-110
2026-09-09T20:54:05Z,SCHEDULED_FULL,1fd6628c781f556a7a19638e97d7107f,odds_1fd6628c781f556a7a19638e97d7107f,,,2026-09-20T20:05:00Z,15790.911814116667,JAX,DEN,fanduel,FanDuel,2026-09-09T20:53:39Z,26.291153,120.0,-142.0,0.45454545454545453,0.5867768595041323,0.04132231404958686,0.5634920634920635,DEN,2.5,-106.0,-2.5,-114.0,44.5,-118,-104
2026-09-09T20:54:05Z,SCHEDULED_FULL,1fd6628c781f556a7a19638e97d7107f,odds_1fd6628c781f556a7a19638e97d7107f,,,2026-09-20T20:05:00Z,15790.911814116667,JAX,DEN,betrivers,BetRivers,2026-09-09T20:53:41Z,24.291153,120.0,-148.0,0.45454545454545453,0.5967741935483871,0.0513196480938416,0.5676429567642958,DEN,3.0,-112.0,-3.0,-109.0,44.5,-110,-110
2026-09-09T20:54:05Z,SCHEDULED_FULL,71b3b83747589efdc5baef2c5cf811bf,odds_71b3b83747589efdc5baef2c5cf811bf,,,2026-09-20T20:05:00Z,15790.911814116667,LV,LAC,draftkings,DraftKings,2026-09-09T20:53:43Z,22.291153,310.0,-395.0,0.24390243902439024,0.797979797979798,0.04188223700418825,0.7659021045164341,LAC,9.5,-110.0,-9.5,-110.0,42.5,-110,-110
2026-09-09T20:54:05Z,SCHEDULED_FULL,71b3b83747589efdc5baef2c5cf811bf,odds_71b3b83747589efdc5baef2c5cf811bf,,,2026-09-20T20:05:00Z,15790.911814116667,LV,LAC,betus,BetUS,2026-09-09T20:53:51Z,14.291153,,,,,,,,9.5,-110.0,-9.5,-110.0,42.5,-110,-110
2026-09-09T20:54:05Z,SCHEDULED_FULL,71b3b83747589efdc5baef2c5cf811bf,odds_71b3b83747589efdc5baef2c5cf811bf,,,2026-09-20T20:05:00Z,15790.911814116667,LV,LAC,lowvig,LowVig.ag,2026-09-09T20:53:42Z,23.291153,,,,,,,,8.5,-105.0,-8.5,-105.0,42.5,-107,-107
2026-09-09T20:54:05Z,SCHEDULED_FULL,71b3b83747589efdc5baef2c5cf811bf,odds_71b3b83747589efdc5baef2c5cf811bf,,,2026-09-20T20:05:00Z,15790.911814116667,LV,LAC,betonlineag,BetOnline.ag,2026-09-09T20:53:40Z,25.291153,,,,,,,,8.5,-110.0,-8.5,-110.0,42.5,-110,-110
2026-09-09T20:54:05Z,SCHEDULED_FULL,71b3b83747589efdc5baef2c5cf811bf,odds_71b3b83747589efdc5baef2c5cf811bf,,,2026-09-20T20:05:00Z,15790.911814116667,LV,LAC,fanduel,FanDuel,2026-09-09T20:53:39Z,26.291153,420.0,-550.0,0.19230769230769232,0.8461538461538461,0.03846153846153855,0.8148148148148148,LAC,9.5,-110.0,-9.5,-110.0,42.5,-105,-115
2026-09-09T20:54:05Z,SCHEDULED_FULL,71b3b83747589efdc5baef2c5cf811bf,odds_71b3b83747589efdc5baef2c5cf811bf,,,2026-09-20T20:05:00Z,15790.911814116667,LV,LAC,betrivers,BetRivers,2026-09-09T20:53:41Z,24.291153,290.0,-385.0,0.2564102564102564,0.7938144329896907,0.050224689399946953,0.755852001006796,LAC,8.5,-113.0,-8.5,-108.0,42.5,-113,-108
2026-09-09T20:54:05Z,SCHEDULED_FULL,4dd8020192a544385db42374e5555303,odds_4dd8020192a544385db42374e5555303,,,2026-09-20T20:25:00Z,15810.911814116667,SEA,ARI,draftkings,DraftKings,2026-09-09T20:53:43Z,22.291153,-550.0,410.0,0.8461538461538461,0.19607843137254902,0.042232277526395245,0.18813314037626627,SEA,-10.0,-110.0,10.0,-110.0,44.5,-110,-110
2026-09-09T20:54:05Z,SCHEDULED_FULL,4dd8020192a544385db42374e5555303,odds_4dd8020192a544385db42374e5555303,,,2026-09-20T20:25:00Z,15810.911814116667,SEA,ARI,betus,BetUS,2026-09-09T20:53:51Z,14.291153,,,,,,,,-10.0,-105.0,10.0,-115.0,44.5,-110,-110
2026-09-09T20:54:05Z,SCHEDULED_FULL,4dd8020192a544385db42374e5555303,odds_4dd8020192a544385db42374e5555303,,,2026-09-20T20:25:00Z,15810.911814116667,SEA,ARI,lowvig,LowVig.ag,2026-09-09T20:53:42Z,23.291153,,,,,,,,-10.0,100.0,10.0,-110.0,44.5,-107,-107
2026-09-09T20:54:05Z,SCHEDULED_FULL,4dd8020192a544385db42374e5555303,odds_4dd8020192a544385db42374e5555303,,,2026-09-20T20:25:00Z,15810.911814116667,SEA,ARI,betonlineag,BetOnline.ag,2026-09-09T20:53:40Z,25.291153,,,,,,,,-10.0,-105.0,10.0,-115.0,44.5,-110,-110
2026-09-09T20:54:05Z,SCHEDULED_FULL,4dd8020192a544385db42374e5555303,odds_4dd8020192a544385db42374e5555303,,,2026-09-20T20:25:00Z,15810.911814116667,SEA,ARI,fanduel,FanDuel,2026-09-09T20:53:39Z,26.291153,-500.0,385.0,0.8333333333333334,0.20618556701030927,0.03951890034364269,0.1983471074380165,SEA,-9.5,-105.0,9.5,-115.0,44.5,-102,-120
2026-09-09T20:54:05Z,SCHEDULED_FULL,4dd8020192a544385db42374e5555303,odds_4dd8020192a544385db42374e5555303,,,2026-09-20T20:25:00Z,15810.911814116667,SEA,ARI,betrivers,BetRivers,2026-09-09T20:53:41Z,24.291153,-530.0,375.0,0.8412698412698413,0.21052631578947367,0.05179615705931484,0.20015885623510724,SEA,-10.0,-110.0,10.0,-110.0,44.5,-109,-112
2026-09-09T20:54:05Z,SCHEDULED_FULL,85ef85098ddd22fe4ecf45e7e3c0a9c0,odds_85ef85098ddd22fe4ecf45e7e3c0a9c0,,,2026-09-20T20:25:00Z,15810.911814116667,WAS,DAL,draftkings,DraftKings,2026-09-09T20:53:43Z,22.291153,170.0,-205.0,0.37037037037037035,0.6721311475409836,0.042501517911353925,0.644729178800233,DAL,4.5,-115.0,-4.5,-105.0,51.5,-110,-110
2026-09-09T20:54:05Z,SCHEDULED_FULL,85ef85098ddd22fe4ecf45e7e3c0a9c0,odds_85ef85098ddd22fe4ecf45e7e3c0a9c0,,,2026-09-20T20:25:00Z,15810.911814116667,WAS,DAL,betus,BetUS,2026-09-09T20:53:51Z,14.291153,,,,,,,,4.5,-115.0,-4.5,-105.0,51.5,-110,-110
2026-09-09T20:54:05Z,SCHEDULED_FULL,85ef85098ddd22fe4ecf45e7e3c0a9c0,odds_85ef85098ddd22fe4ecf45e7e3c0a9c0,,,2026-09-20T20:25:00Z,15810.911814116667,WAS,DAL,lowvig,LowVig.ag,2026-09-09T20:53:42Z,23.291153,,,,,,,,4.5,-110.0,-4.5,100.0,51.5,-107,-107
2026-09-09T20:54:05Z,SCHEDULED_FULL,85ef85098ddd22fe4ecf45e7e3c0a9c0,odds_85ef85098ddd22fe4ecf45e7e3c0a9c0,,,2026-09-20T20:25:00Z,15810.911814116667,WAS,DAL,betonlineag,BetOnline.ag,2026-09-09T20:53:40Z,25.291153,,,,,,,,4.5,-115.0,-4.5,-105.0,51.5,-110,-110
2026-09-09T20:54:05Z,SCHEDULED_FULL,85ef85098ddd22fe4ecf45e7e3c0a9c0,odds_85ef85098ddd22fe4ecf45e7e3c0a9c0,,,2026-09-20T20:25:00Z,15810.911814116667,WAS,DAL,fanduel,FanDuel,2026-09-09T20:53:39Z,26.291153,190.0,-230.0,0.3448275862068966,0.696969696969697,0.04179728317659359,0.6690070210631895,DAL,4.5,-105.0,-4.5,-115.0,51.5,-115,-105
2026-09-09T20:54:05Z,SCHEDULED_FULL,85ef85098ddd22fe4ecf45e7e3c0a9c0,odds_85ef85098ddd22fe4ecf45e7e3c0a9c0,,,2026-09-20T20:25:00Z,15810.911814116667,WAS,DAL,betrivers,BetRivers,2026-09-09T20:53:41Z,24.291153,175.0,-220.0,0.36363636363636365,0.6875,0.05113636363636376,0.6540540540540539,DAL,4.5,-109.0,-4.5,-112.0,51.5,-109,-112
2026-09-09T20:54:05Z,SCHEDULED_FULL,68bc55903f50af4af4766adcc89fcc61,odds_68bc55903f50af4af4766adcc89fcc61,,,2026-09-20T20:25:00Z,15810.911814116667,MIA,SF,draftkings,DraftKings,2026-09-09T20:53:43Z,22.291153,490.0,-675.0,0.1694915254237288,0.8709677419354839,0.04045926735921279,0.8370993168681029,SF,10.5,-110.0,-10.5,-110.0,46.5,-110,-110
2026-09-09T20:54:05Z,SCHEDULED_FULL,68bc55903f50af4af4766adcc89fcc61,odds_68bc55903f50af4af4766adcc89fcc61,,,2026-09-20T20:25:00Z,15810.911814116667,MIA,SF,betus,BetUS,2026-09-09T20:53:51Z,14.291153,,,,,,,,10.5,-110.0,-10.5,-110.0,46.5,-110,-110
2026-09-09T20:54:05Z,SCHEDULED_FULL,68bc55903f50af4af4766adcc89fcc61,odds_68bc55903f50af4af4766adcc89fcc61,,,2026-09-20T20:25:00Z,15810.911814116667,MIA,SF,lowvig,LowVig.ag,2026-09-09T20:53:42Z,23.291153,,,,,,,,10.5,-105.0,-10.5,-105.0,46.5,-107,-107
2026-09-09T20:54:05Z,SCHEDULED_FULL,68bc55903f50af4af4766adcc89fcc61,odds_68bc55903f50af4af4766adcc89fcc61,,,2026-09-20T20:25:00Z,15810.911814116667,MIA,SF,betonlineag,BetOnline.ag,2026-09-09T20:53:40Z,25.291153,,,,,,,,10.5,-110.0,-10.5,-110.0,46.5,-110,-110
2026-09-09T20:54:05Z,SCHEDULED_FULL,68bc55903f50af4af4766adcc89fcc61,odds_68bc55903f50af4af4766adcc89fcc61,,,2026-09-20T20:25:00Z,15810.911814116667,MIA,SF,fanduel,FanDuel,2026-09-09T20:53:39Z,26.291153,590.0,-850.0,0.14492753623188406,0.8947368421052632,0.03966437833714731,0.8606016140865737,SF,12.5,-110.0,-12.5,-110.0,45.5,-118,-104
2026-09-09T20:54:05Z,SCHEDULED_FULL,68bc55903f50af4af4766adcc89fcc61,odds_68bc55903f50af4af4766adcc89fcc61,,,2026-09-20T20:25:00Z,15810.911814116667,MIA,SF,betrivers,BetRivers,2026-09-09T20:53:41Z,24.291153,500.0,-770.0,0.16666666666666666,0.8850574712643678,0.051724137931034475,0.8415300546448088,SF,10.5,-110.0,-10.5,-110.0,46.5,-109,-112
2026-09-09T20:54:05Z,SCHEDULED_FULL,50bc247030707d823b9c3581d7eb5760,odds_50bc247030707d823b9c3581d7eb5760,,,2026-09-21T00:20:00Z,16045.911814116667,IND,KC,draftkings,DraftKings,2026-09-09T20:53:43Z,22.291153,260.0,-325.0,0.2777777777777778,0.7647058823529411,0.0424836601307188,0.7335423197492164,KC,6.5,-110.0,-6.5,-110.0,47.5,-110,-110
2026-09-09T20:54:05Z,SCHEDULED_FULL,50bc247030707d823b9c3581d7eb5760,odds_50bc247030707d823b9c3581d7eb5760,,,2026-09-21T00:20:00Z,16045.911814116667,IND,KC,betus,BetUS,2026-09-09T20:53:51Z,14.291153,,,,,,,,6.5,-110.0,-6.5,-110.0,47.5,-110,-110
2026-09-09T20:54:05Z,SCHEDULED_FULL,50bc247030707d823b9c3581d7eb5760,odds_50bc247030707d823b9c3581d7eb5760,,,2026-09-21T00:20:00Z,16045.911814116667,IND,KC,betonlineag,BetOnline.ag,2026-09-09T20:53:40Z,25.291153,,,,,,,,6.5,-110.0,-6.5,-110.0,47.5,-110,-110
2026-09-09T20:54:05Z,SCHEDULED_FULL,50bc247030707d823b9c3581d7eb5760,odds_50bc247030707d823b9c3581d7eb5760,,,2026-09-21T00:20:00Z,16045.911814116667,IND,KC,lowvig,LowVig.ag,2026-09-09T20:53:42Z,23.291153,,,,,,,,6.5,-105.0,-6.5,-105.0,47.5,-107,-107
2026-09-09T20:54:05Z,SCHEDULED_FULL,50bc247030707d823b9c3581d7eb5760,odds_50bc247030707d823b9c3581d7eb5760,,,2026-09-21T00:20:00Z,16045.911814116667,IND,KC,fanduel,FanDuel,2026-09-09T20:53:39Z,26.291153,205.0,-250.0,0.32786885245901637,0.7142857142857143,0.042154566744730726,0.6853932584269663,KC,5.5,-110.0,-5.5,-110.0,46.5,-110,-110
2026-09-09T20:54:05Z,SCHEDULED_FULL,50bc247030707d823b9c3581d7eb5760,odds_50bc247030707d823b9c3581d7eb5760,,,2026-09-21T00:20:00Z,16045.911814116667,IND,KC,betrivers,BetRivers,2026-09-09T20:53:41Z,24.291153,220.0,-278.0,0.3125,0.7354497354497355,0.04794973544973535,0.7017986746607764,KC,6.5,-112.0,-6.5,-109.0,47.5,-109,-112
2026-09-09T20:54:05Z,SCHEDULED_FULL,32367f882fac1a0c20a6335619922025,odds_32367f882fac1a0c20a6335619922025,,,2026-09-22T00:15:00Z,17480.911814116665,NYG,LA,draftkings,DraftKings,2026-09-09T20:53:43Z,22.291153,370.0,-485.0,0.2127659574468085,0.8290598290598291,0.0418257865066376,0.7957758771164253,LA,9.5,-108.0,-9.5,-112.0,48.5,-110,-110
2026-09-09T20:54:05Z,SCHEDULED_FULL,32367f882fac1a0c20a6335619922025,odds_32367f882fac1a0c20a6335619922025,,,2026-09-22T00:15:00Z,17480.911814116665,NYG,LA,betus,BetUS,2026-09-09T20:53:51Z,14.291153,,,,,,,,8.5,-110.0,-8.5,-110.0,48.5,-110,-110
2026-09-09T20:54:05Z,SCHEDULED_FULL,32367f882fac1a0c20a6335619922025,odds_32367f882fac1a0c20a6335619922025,,,2026-09-22T00:15:00Z,17480.911814116665,NYG,LA,betonlineag,BetOnline.ag,2026-09-09T20:53:40Z,25.291153,,,,,,,,8.5,-110.0,-8.5,-110.0,48.5,-110,-110
2026-09-09T20:54:05Z,SCHEDULED_FULL,32367f882fac1a0c20a6335619922025,odds_32367f882fac1a0c20a6335619922025,,,2026-09-22T00:15:00Z,17480.911814116665,NYG,LA,lowvig,LowVig.ag,2026-09-09T20:53:42Z,23.291153,,,,,,,,8.5,-105.0,-8.5,-105.0,48.5,-107,-107
2026-09-09T20:54:05Z,SCHEDULED_FULL,32367f882fac1a0c20a6335619922025,odds_32367f882fac1a0c20a6335619922025,,,2026-09-22T00:15:00Z,17480.911814116665,NYG,LA,fanduel,FanDuel,2026-09-09T20:53:39Z,26.291153,430.0,-590.0,0.18867924528301888,0.855072463768116,0.04375170905113479,0.819229761592874,LA,9.5,-104.0,-9.5,-118.0,47.5,-110,-110
2026-09-09T20:54:05Z,SCHEDULED_FULL,32367f882fac1a0c20a6335619922025,odds_32367f882fac1a0c20a6335619922025,,,2026-09-22T00:15:00Z,17480.911814116665,NYG,LA,betrivers,BetRivers,2026-09-09T20:53:41Z,24.291153,370.0,-500.0,0.2127659574468085,0.8333333333333334,0.046099290780141855,0.7966101694915254,LA,9.5,-112.0,-9.5,-109.0,48.5,-110,-110
2026-09-09T20:54:05Z,SCHEDULED_FULL,e5fbd3b3953b896b1bf897ddadb3cc4b,odds_e5fbd3b3953b896b1bf897ddadb3cc4b,,,2026-09-25T00:15:00Z,21800.911814116665,ATL,GB,draftkings,DraftKings,2026-09-09T20:53:43Z,22.291153,295.0,-375.0,0.25316455696202533,0.7894736842105263,0.04263824117255166,0.7571884984025559,GB,7.5,-110.0,-7.5,-110.0,46.5,-110,-110
2026-09-09T20:54:05Z,SCHEDULED_FULL,e5fbd3b3953b896b1bf897ddadb3cc4b,odds_e5fbd3b3953b896b1bf897ddadb3cc4b,,,2026-09-25T00:15:00Z,21800.911814116665,ATL,GB,betus,BetUS,2026-09-09T20:53:51Z,14.291153,,,,,,,,7.5,-110.0,-7.5,-110.0,46.5,-110,-110
2026-09-09T20:54:05Z,SCHEDULED_FULL,b225458a282e140c44c45651255f2f6c,odds_b225458a282e140c44c45651255f2f6c,,,2026-09-27T17:00:00Z,25685.911814116665,LAC,BUF,draftkings,DraftKings,2026-09-09T20:53:43Z,22.291153,136.0,-162.0,0.423728813559322,0.6183206106870229,0.042049424246344946,0.593369754159424,BUF,3.0,-110.0,-3.0,-110.0,48.5,-110,-110
2026-09-09T20:54:05Z,SCHEDULED_FULL,613b8cd3a5fab58f7be4e3fd6f76223e,odds_613b8cd3a5fab58f7be4e3fd6f76223e,,,2026-09-27T17:00:00Z,25685.911814116665,CAR,CLE,draftkings,DraftKings,2026-09-09T20:53:43Z,22.291153,-125.0,105.0,0.5555555555555556,0.4878048780487805,0.04336043360433606,0.4675324675324675,CAR,-1.5,-110.0,1.5,-110.0,39.5,-110,-110
2026-09-09T20:54:05Z,SCHEDULED_FULL,71123be049587b6facce3a20c53e5d09,odds_71123be049587b6facce3a20c53e5d09,,,2026-09-27T17:00:00Z,25685.911814116665,CIN,PIT,draftkings,DraftKings,2026-09-09T20:53:43Z,22.291153,-125.0,105.0,0.5555555555555556,0.4878048780487805,0.04336043360433606,0.4675324675324675,CIN,-1.5,-110.0,1.5,-110.0,46.5,-118,-102
2026-09-09T20:54:05Z,SCHEDULED_FULL,71123be049587b6facce3a20c53e5d09,odds_71123be049587b6facce3a20c53e5d09,,,2026-09-27T17:00:00Z,25685.911814116665,CIN,PIT,betus,BetUS,2026-09-09T20:53:51Z,14.291153,,,,,,,,-1.5,100.0,1.5,-120.0,47.5,-110,-110
2026-09-09T20:54:05Z,SCHEDULED_FULL,07f552badfa8a565d1be22123713e4da,odds_07f552badfa8a565d1be22123713e4da,,,2026-09-27T17:00:00Z,25685.911814116665,NYJ,DET,draftkings,DraftKings,2026-09-09T20:53:43Z,22.291153,320.0,-410.0,0.23809523809523808,0.803921568627451,0.04201680672268915,0.771505376344086,DET,9.5,-110.0,-9.5,-110.0,45.5,-110,-110
2026-09-09T20:54:05Z,SCHEDULED_FULL,17a730b7d399feeab6a78c30767c29d2,odds_17a730b7d399feeab6a78c30767c29d2,,,2026-09-27T17:00:00Z,25685.911814116665,HOU,IND,draftkings,DraftKings,2026-09-09T20:53:43Z,22.291153,-122.0,102.0,0.5495495495495496,0.49504950495049505,0.044599054500044755,0.4739134147382802,HOU,-1.5,-110.0,1.5,-110.0,45.5,-110,-110
2026-09-09T20:54:05Z,SCHEDULED_FULL,17a730b7d399feeab6a78c30767c29d2,odds_17a730b7d399feeab6a78c30767c29d2,,,2026-09-27T17:00:00Z,25685.911814116665,HOU,IND,betus,BetUS,2026-09-09T20:53:51Z,14.291153,,,,,,,,-1.5,-115.0,1.5,-105.0,45.5,-110,-110
2026-09-09T20:54:05Z,SCHEDULED_FULL,0339a0e41bcee12820eb3e64bb5fadb4,odds_0339a0e41bcee12820eb3e64bb5fadb4,,,2026-09-27T17:00:00Z,25685.911814116665,KC,MIA,draftkings,DraftKings,2026-09-09T20:53:43Z,22.291153,-440.0,340.0,0.8148148148148148,0.22727272727272727,0.04208754208754195,0.21809369951534735,KC,-7.5,-110.0,7.5,-110.0,44.5,-110,-110
2026-09-09T20:54:05Z,SCHEDULED_FULL,0339a0e41bcee12820eb3e64bb5fadb4,odds_0339a0e41bcee12820eb3e64bb5fadb4,,,2026-09-27T17:00:00Z,25685.911814116665,KC,MIA,betus,BetUS,2026-09-09T20:53:51Z,14.291153,,,,,,,,-7.0,-115.0,7.0,-105.0,44.5,-110,-110
2026-09-09T20:54:05Z,SCHEDULED_FULL,555afd4a27aaa392662881cffa8f2eef,odds_555afd4a27aaa392662881cffa8f2eef,,,2026-09-27T17:00:00Z,25685.911814116665,TEN,NYG,draftkings,DraftKings,2026-09-09T20:53:43Z,22.291153,140.0,-166.0,0.4166666666666667,0.6240601503759399,0.0407268170426065,0.5996387718242023,NYG,3.0,-105.0,-3.0,-115.0,44.5,-110,-110
2026-09-09T20:54:05Z,SCHEDULED_FULL,555afd4a27aaa392662881cffa8f2eef,odds_555afd4a27aaa392662881cffa8f2eef,,,2026-09-27T17:00:00Z,25685.911814116665,TEN,NYG,betus,BetUS,2026-09-09T20:53:51Z,14.291153,,,,,,,,3.0,100.0,-3.0,-120.0,45.5,-110,-110
2026-09-09T20:54:05Z,SCHEDULED_FULL,2a529c108305ffa049d8b6cfdbaa4d36,odds_2a529c108305ffa049d8b6cfdbaa4d36,,,2026-09-27T17:00:00Z,25685.911814116665,SEA,WAS,draftkings,DraftKings,2026-09-09T20:53:43Z,22.291153,-192.0,160.0,0.6575342465753424,0.38461538461538464,0.04214963119072701,0.3690596562184025,SEA,-3.5,-110.0,3.5,-110.0,46.5,-110,-110
2026-09-09T20:54:05Z,SCHEDULED_FULL,2a529c108305ffa049d8b6cfdbaa4d36,odds_2a529c108305ffa049d8b6cfdbaa4d36,,,2026-09-27T17:00:00Z,25685.911814116665,SEA,WAS,betus,BetUS,2026-09-09T20:53:51Z,14.291153,,,,,,,,-3.5,-110.0,3.5,-110.0,46.5,-110,-110
2026-09-09T20:54:05Z,SCHEDULED_FULL,9d2b09e0f9b6dd5ce0d985894f4f98fa,odds_9d2b09e0f9b6dd5ce0d985894f4f98fa,,,2026-09-27T20:05:00Z,25870.911814116665,ARI,SF,draftkings,DraftKings,2026-09-09T20:53:43Z,22.291153,470.0,-650.0,0.17543859649122806,0.8666666666666667,0.04210526315789487,0.8316498316498315,SF,11.5,-110.0,-11.5,-110.0,46.5,-110,-110
2026-09-09T20:54:05Z,SCHEDULED_FULL,9d2b09e0f9b6dd5ce0d985894f4f98fa,odds_9d2b09e0f9b6dd5ce0d985894f4f98fa,,,2026-09-27T20:05:00Z,25870.911814116665,ARI,SF,betus,BetUS,2026-09-09T20:53:51Z,14.291153,,,,,,,,11.5,-110.0,-11.5,-110.0,46.5,-110,-110
2026-09-09T20:54:05Z,SCHEDULED_FULL,f1724dead3eab61546033032fc782375,odds_f1724dead3eab61546033032fc782375,,,2026-09-27T20:05:00Z,25870.911814116665,MIN,TB,draftkings,DraftKings,2026-09-09T20:53:43Z,22.291153,105.0,-125.0,0.4878048780487805,0.5555555555555556,0.04336043360433606,0.5324675324675325,TB,1.5,-110.0,-1.5,-110.0,44.5,-110,-110
2026-09-09T20:54:05Z,SCHEDULED_FULL,f1724dead3eab61546033032fc782375,odds_f1724dead3eab61546033032fc782375,,,2026-09-27T20:05:00Z,25870.911814116665,MIN,TB,betus,BetUS,2026-09-09T20:53:51Z,14.291153,,,,,,,,1.5,-110.0,-1.5,-110.0,44.5,-110,-110
2026-09-09T20:54:05Z,SCHEDULED_FULL,84cfca14efc21363fd605508404cf1ff,odds_84cfca14efc21363fd605508404cf1ff,,,2026-09-27T20:25:00Z,25890.911814116665,BAL,DAL,draftkings,DraftKings,2026-09-09T20:53:43Z,22.291153,-135.0,114.0,0.574468085106383,0.4672897196261682,0.04175780473255131,0.448558885283451,BAL,-2.5,-110.0,2.5,-110.0,51.5,-110,-110
2026-09-09T20:54:05Z,SCHEDULED_FULL,84cfca14efc21363fd605508404cf1ff,odds_84cfca14efc21363fd605508404cf1ff,,,2026-09-27T20:25:00Z,25890.911814116665,BAL,DAL,betus,BetUS,2026-09-09T20:53:51Z,14.291153,,,,,,,,-2.5,-110.0,2.5,-110.0,51.5,-110,-110
2026-09-09T20:54:05Z,SCHEDULED_FULL,2e523fcb0497aa689473e290eb2b97de,odds_2e523fcb0497aa689473e290eb2b97de,,,2026-09-27T20:25:00Z,25890.911814116665,LV,NO,draftkings,DraftKings,2026-09-09T20:53:43Z,22.291153,154.0,-185.0,0.3937007874015748,0.6491228070175439,0.04282359441911865,0.6224665518611737,NO,3.5,-110.0,-3.5,-110.0,42.5,-110,-110
2026-09-09T20:54:05Z,SCHEDULED_FULL,3bfd8bfb4b8e9a365a0877879b73b16b,odds_3bfd8bfb4b8e9a365a0877879b73b16b,,,2026-09-28T00:20:00Z,26125.911814116665,LA,DEN,draftkings,DraftKings,2026-09-09T20:53:43Z,22.291153,-155.0,130.0,0.6078431372549019,0.43478260869565216,0.04262574595055413,0.4170073589533933,LA,-3.0,-110.0,3.0,-110.0,45.5,-110,-110
2026-09-09T20:54:05Z,SCHEDULED_FULL,47dc7baa254659f3beb2ed2b38c207b6,odds_47dc7baa254659f3beb2ed2b38c207b6,,,2026-09-29T00:15:00Z,27560.911814116665,PHI,CHI,draftkings,DraftKings,2026-09-09T20:53:43Z,22.291153,-102.0,-118.0,0.504950495049505,0.5412844036697247,0.04623489871922981,0.5173641257162701,CHI,1.5,-115.0,-1.5,-105.0,46.5,-110,-110
2026-09-09T20:54:05Z,SCHEDULED_FULL,d55cb69fed50a09170560b5b75d8de86,odds_d55cb69fed50a09170560b5b75d8de86,,,2026-10-02T00:15:00Z,31880.911814116665,PIT,CLE,draftkings,DraftKings,2026-09-09T20:53:43Z,22.291153,-135.0,114.0,0.574468085106383,0.4672897196261682,0.04175780473255131,0.448558885283451,PIT,-2.5,-110.0,2.5,-110.0,40.5,-110,-110
2026-09-09T20:54:05Z,SCHEDULED_FULL,c9d8ed8aa4889486eaf10a630138ede0,odds_c9d8ed8aa4889486eaf10a630138ede0,,,2026-10-04T13:30:00Z,35555.91181411666,IND,WAS,draftkings,DraftKings,2026-09-09T20:53:43Z,22.291153,-102.0,-118.0,0.504950495049505,0.5412844036697247,0.04623489871922981,0.5173641257162701,WAS,1.5,-115.0,-1.5,-105.0,50.5,-110,-110
2026-09-09T20:54:05Z,SCHEDULED_FULL,c9d8ed8aa4889486eaf10a630138ede0,odds_c9d8ed8aa4889486eaf10a630138ede0,,,2026-10-04T13:30:00Z,35555.91181411666,IND,WAS,betus,BetUS,2026-09-09T20:53:51Z,14.291153,,,,,,,,1.5,-120.0,-1.5,100.0,48.5,-110,-110
2026-09-09T20:54:05Z,SCHEDULED_FULL,664e6bda5721dc63be16bcf7d962a436,odds_664e6bda5721dc63be16bcf7d962a436,,,2026-10-04T17:00:00Z,35765.91181411666,ARI,NYG,draftkings,DraftKings,2026-09-09T20:53:43Z,22.291153,260.0,-325.0,0.2777777777777778,0.7647058823529411,0.0424836601307188,0.7335423197492164,NYG,7.0,-110.0,-7.0,-110.0,45.5,-110,-110
2026-09-09T20:54:05Z,SCHEDULED_FULL,664e6bda5721dc63be16bcf7d962a436,odds_664e6bda5721dc63be16bcf7d962a436,,,2026-10-04T17:00:00Z,35765.91181411666,ARI,NYG,betus,BetUS,2026-09-09T20:53:51Z,14.291153,,,,,,,,7.0,-110.0,-7.0,-110.0,45.5,-110,-110
2026-09-09T20:54:05Z,SCHEDULED_FULL,f01589b0e7e6dd4f4ac1220a1db81f53,odds_f01589b0e7e6dd4f4ac1220a1db81f53,,,2026-10-04T17:00:00Z,35765.91181411666,TEN,BAL,draftkings,DraftKings,2026-09-09T20:53:43Z,22.291153,300.0,-380.0,0.25,0.7916666666666666,0.04166666666666652,0.7600000000000001,BAL,8.5,-110.0,-8.5,-110.0,47.5,-110,-110
2026-09-09T20:54:05Z,SCHEDULED_FULL,f01589b0e7e6dd4f4ac1220a1db81f53,odds_f01589b0e7e6dd4f4ac1220a1db81f53,,,2026-10-04T17:00:00Z,35765.91181411666,TEN,BAL,betus,BetUS,2026-09-09T20:53:51Z,14.291153,,,,,,,,8.5,-110.0,-8.5,-110.0,47.5,-110,-110
2026-09-09T20:54:05Z,SCHEDULED_FULL,573cc0ef39631a4f6673ec843a8bedd4,odds_573cc0ef39631a4f6673ec843a8bedd4,,,2026-10-04T17:00:00Z,35765.91181411666,NE,BUF,draftkings,DraftKings,2026-09-09T20:53:43Z,22.291153,136.0,-162.0,0.423728813559322,0.6183206106870229,0.042049424246344946,0.593369754159424,BUF,3.0,-110.0,-3.0,-110.0,49.5,-110,-110
2026-09-09T20:54:05Z,SCHEDULED_FULL,164e6eb68f31bac190381903c3cccd31,odds_164e6eb68f31bac190381903c3cccd31,,,2026-10-04T17:00:00Z,35765.91181411666,NYJ,CHI,draftkings,DraftKings,2026-09-09T20:53:43Z,22.291153,330.0,-425.0,0.23255813953488372,0.8095238095238095,0.042081949058693224,0.7768331562167907,CHI,8.5,-110.0,-8.5,-110.0,45.5,-110,-110
2026-09-09T20:54:05Z,SCHEDULED_FULL,2ea94ddf20f66432b9024fe2e2eaba5f,odds_2ea94ddf20f66432b9024fe2e2eaba5f,,,2026-10-04T17:00:00Z,35765.91181411666,JAX,CIN,draftkings,DraftKings,2026-09-09T20:53:43Z,22.291153,114.0,-135.0,0.4672897196261682,0.574468085106383,0.04175780473255131,0.551441114716549,CIN,2.5,-110.0,-2.5,-110.0,51.5,-110,-110
2026-09-09T20:54:05Z,SCHEDULED_FULL,2ea94ddf20f66432b9024fe2e2eaba5f,odds_2ea94ddf20f66432b9024fe2e2eaba5f,,,2026-10-04T17:00:00Z,35765.91181411666,JAX,CIN,betus,BetUS,2026-09-09T20:53:51Z,14.291153,,,,,,,,2.5,-110.0,-2.5,-110.0,51.5,-110,-110
2026-09-09T20:54:05Z,SCHEDULED_FULL,daf55e2df5341c007fee5a0fc5bbc2d4,odds_daf55e2df5341c007fee5a0fc5bbc2d4,,,2026-10-04T17:00:00Z,35765.91181411666,DAL,HOU,draftkings,DraftKings,2026-09-09T20:53:43Z,22.291153,114.0,-135.0,0.4672897196261682,0.574468085106383,0.04175780473255131,0.551441114716549,HOU,2.5,-110.0,-2.5,-110.0,47.5,-110,-110
2026-09-09T20:54:05Z,SCHEDULED_FULL,daf55e2df5341c007fee5a0fc5bbc2d4,odds_daf55e2df5341c007fee5a0fc5bbc2d4,,,2026-10-04T17:00:00Z,35765.91181411666,DAL,HOU,betus,BetUS,2026-09-09T20:53:51Z,14.291153,,,,,,,,2.5,-110.0,-2.5,-110.0,47.5,-110,-110
2026-09-09T20:54:05Z,SCHEDULED_FULL,99a9bae4dc0dc2590496bd3102b211f2,odds_99a9bae4dc0dc2590496bd3102b211f2,,,2026-10-04T17:00:00Z,35765.91181411666,GB,TB,draftkings,DraftKings,2026-09-09T20:53:43Z,22.291153,-125.0,105.0,0.5555555555555556,0.4878048780487805,0.04336043360433606,0.4675324675324675,GB,-1.5,-110.0,1.5,-110.0,47.5,-110,-110
2026-09-09T20:54:05Z,SCHEDULED_FULL,99a9bae4dc0dc2590496bd3102b211f2,odds_99a9bae4dc0dc2590496bd3102b211f2,,,2026-10-04T17:00:00Z,35765.91181411666,GB,TB,betus,BetUS,2026-09-09T20:53:51Z,14.291153,,,,,,,,-1.5,-110.0,1.5,-110.0,47.5,-110,-110
2026-09-09T20:54:05Z,SCHEDULED_FULL,1b4f2e60ce83fa1d63a5dff83769d27c,odds_1b4f2e60ce83fa1d63a5dff83769d27c,,,2026-10-04T17:00:00Z,35765.91181411666,LA,PHI,draftkings,DraftKings,2026-09-09T20:53:43Z,22.291153,-125.0,105.0,0.5555555555555556,0.4878048780487805,0.04336043360433606,0.4675324675324675,LA,-1.5,-110.0,1.5,-110.0,47.5,-110,-110
2026-09-09T20:54:05Z,SCHEDULED_FULL,c327223d76a3b7b0db8c6c104442f44b,odds_c327223d76a3b7b0db8c6c104442f44b,,,2026-10-04T20:05:00Z,35950.91181411666,MIA,MIN,draftkings,DraftKings,2026-09-09T20:53:43Z,22.291153,320.0,-410.0,0.23809523809523808,0.803921568627451,0.04201680672268915,0.771505376344086,MIN,7.5,-110.0,-7.5,-110.0,43.5,-110,-110
2026-09-09T20:54:05Z,SCHEDULED_FULL,c327223d76a3b7b0db8c6c104442f44b,odds_c327223d76a3b7b0db8c6c104442f44b,,,2026-10-04T20:05:00Z,35950.91181411666,MIA,MIN,betus,BetUS,2026-09-09T20:53:51Z,14.291153,,,,,,,,7.5,-110.0,-7.5,-110.0,43.5,-110,-110
2026-09-09T20:54:05Z,SCHEDULED_FULL,a7e7efb75a9792ac63480ae6328dca18,odds_a7e7efb75a9792ac63480ae6328dca18,,,2026-10-04T20:25:00Z,35970.91181411666,DEN,SF,draftkings,DraftKings,2026-09-09T20:53:43Z,22.291153,114.0,-135.0,0.4672897196261682,0.574468085106383,0.04175780473255131,0.551441114716549,SF,2.5,-110.0,-2.5,-110.0,46.5,-110,-110
2026-09-09T20:54:05Z,SCHEDULED_FULL,a7e7efb75a9792ac63480ae6328dca18,odds_a7e7efb75a9792ac63480ae6328dca18,,,2026-10-04T20:25:00Z,35970.91181411666,DEN,SF,betus,BetUS,2026-09-09T20:53:51Z,14.291153,,,,,,,,2.5,-110.0,-2.5,-110.0,46.5,-110,-110
2026-09-09T20:54:05Z,SCHEDULED_FULL,e0cbd266dcf997089203a1b33ba0333d,odds_e0cbd266dcf997089203a1b33ba0333d,,,2026-10-04T20:25:00Z,35970.91181411666,KC,LV,draftkings,DraftKings,2026-09-09T20:53:43Z,22.291153,-250.0,205.0,0.7142857142857143,0.32786885245901637,0.042154566744730726,0.31460674157303364,KC,-5.5,-110.0,5.5,-110.0,43.5,-110,-110
2026-09-09T20:54:05Z,SCHEDULED_FULL,96d2373cda647873b971f268482bced0,odds_96d2373cda647873b971f268482bced0,,,2026-10-04T20:25:00Z,35970.91181411666,LAC,SEA,draftkings,DraftKings,2026-09-09T20:53:43Z,22.291153,145.0,-175.0,0.40816326530612246,0.6363636363636364,0.0445269016697587,0.6092362344582594,SEA,3.0,-105.0,-3.0,-115.0,45.5,-110,-110
2026-09-09T20:54:05Z,SCHEDULED_FULL,96d2373cda647873b971f268482bced0,odds_96d2373cda647873b971f268482bced0,,,2026-10-04T20:25:00Z,35970.91181411666,LAC,SEA,betus,BetUS,2026-09-09T20:53:51Z,14.291153,,,,,,,,3.0,-110.0,-3.0,-110.0,45.5,-110,-110
2026-09-09T20:54:05Z,SCHEDULED_FULL,a73a76599a4f3422803e57bd8f61b626,odds_a73a76599a4f3422803e57bd8f61b626,,,2026-10-05T00:20:00Z,36205.91181411666,DET,CAR,draftkings,DraftKings,2026-09-09T20:53:43Z,22.291153,-162.0,136.0,0.6183206106870229,0.423728813559322,0.042049424246344946,0.4066302458405761,DET,-3.0,-110.0,3.0,-110.0,47.5,-110,-110
2026-09-09T20:54:05Z,SCHEDULED_FULL,8bd90781e17e6d97df3941063cedae1e,odds_8bd90781e17e6d97df3941063cedae1e,,,2026-10-06T00:15:00Z,37640.91181411666,ATL,NO,draftkings,DraftKings,2026-09-09T20:53:43Z,22.291153,114.0,-135.0,0.4672897196261682,0.574468085106383,0.04175780473255131,0.551441114716549,NO,2.5,-110.0,-2.5,-110.0,45.5,-115,-105
2026-09-09T20:54:05Z,SCHEDULED_FULL,8bd90781e17e6d97df3941063cedae1e,odds_8bd90781e17e6d97df3941063cedae1e,,,2026-10-06T00:15:00Z,37640.91181411666,ATL,NO,betus,BetUS,2026-09-09T20:53:51Z,14.291153,,,,,,,,2.5,-110.0,-2.5,-110.0,45.5,-110,-110
2026-09-09T20:54:05Z,SCHEDULED_FULL,259b5df9aa0d10257f56de78523495e0,odds_259b5df9aa0d10257f56de78523495e0,,,2026-10-09T00:15:00Z,41960.91181411666,TB,DAL,draftkings,DraftKings,2026-09-09T20:53:43Z,22.291153,170.0,-205.0,0.37037037037037035,0.6721311475409836,0.042501517911353925,0.644729178800233,DAL,3.5,-110.0,-3.5,-110.0,52.5,-110,-110
2026-09-09T20:54:05Z,SCHEDULED_FULL,259b5df9aa0d10257f56de78523495e0,odds_259b5df9aa0d10257f56de78523495e0,,,2026-10-09T00:15:00Z,41960.91181411666,TB,DAL,betus,BetUS,2026-09-09T20:53:51Z,14.291153,,,,,,,,3.5,-110.0,-3.5,-110.0,52.5,-110,-110
2026-09-09T20:54:05Z,SCHEDULED_FULL,21b26266f3d78af02eb672e606275d95,odds_21b26266f3d78af02eb672e606275d95,,,2026-10-11T13:30:00Z,45635.91181411666,PHI,JAX,draftkings,DraftKings,2026-09-09T20:53:43Z,22.291153,-125.0,105.0,0.5555555555555556,0.4878048780487805,0.04336043360433606,0.4675324675324675,PHI,-1.5,-110.0,1.5,-110.0,45.5,-110,-110
2026-09-09T20:54:05Z,SCHEDULED_FULL,21b26266f3d78af02eb672e606275d95,odds_21b26266f3d78af02eb672e606275d95,,,2026-10-11T13:30:00Z,45635.91181411666,PHI,JAX,betus,BetUS,2026-09-09T20:53:51Z,14.291153,,,,,,,,-1.5,-115.0,1.5,-105.0,44.5,-110,-110
2026-09-09T20:54:05Z,SCHEDULED_FULL,c4647ca1201e6768501877267ca8251b,odds_c4647ca1201e6768501877267ca8251b,,,2026-10-11T17:00:00Z,45845.91181411666,CIN,MIA,draftkings,DraftKings,2026-09-09T20:53:43Z,22.291153,-278.0,225.0,0.7354497354497355,0.3076923076923077,0.043142043142043285,0.2949668357393679,CIN,-6.0,-110.0,6.0,-110.0,49.5,-110,-110
2026-09-09T20:54:05Z,SCHEDULED_FULL,c4647ca1201e6768501877267ca8251b,odds_c4647ca1201e6768501877267ca8251b,,,2026-10-11T17:00:00Z,45845.91181411666,CIN,MIA,betus,BetUS,2026-09-09T20:53:51Z,14.291153,,,,,,,,-5.5,-110.0,5.5,-110.0,49.5,-110,-110
2026-09-09T20:54:05Z,SCHEDULED_FULL,9db4ed15fe34fca1fb62f040cd244591,odds_9db4ed15fe34fca1fb62f040cd244591,,,2026-10-11T17:00:00Z,45845.91181411666,CLE,NYJ,draftkings,DraftKings,2026-09-09T20:53:43Z,22.291153,110.0,-130.0,0.47619047619047616,0.5652173913043478,0.04140786749482395,0.5427435387673957,NYJ,2.5,-115.0,-2.5,-105.0,39.5,-110,-110
2026-09-09T20:54:05Z,SCHEDULED_FULL,cc52bba56e74f5cddbe9011046181c3d,odds_cc52bba56e74f5cddbe9011046181c3d,,,2026-10-11T17:00:00Z,45845.91181411666,HOU,TEN,draftkings,DraftKings,2026-09-09T20:53:43Z,22.291153,-192.0,160.0,0.6575342465753424,0.38461538461538464,0.04214963119072701,0.3690596562184025,HOU,-3.5,-110.0,3.5,-110.0,43.5,-110,-110
2026-09-09T20:54:05Z,SCHEDULED_FULL,cc52bba56e74f5cddbe9011046181c3d,odds_cc52bba56e74f5cddbe9011046181c3d,,,2026-10-11T17:00:00Z,45845.91181411666,HOU,TEN,betus,BetUS,2026-09-09T20:53:51Z,14.291153,,,,,,,,-3.5,-110.0,3.5,-110.0,43.5,-110,-110
2026-09-09T20:54:05Z,SCHEDULED_FULL,448d7cf18c6db4c811ed82ded1b72867,odds_448d7cf18c6db4c811ed82ded1b72867,,,2026-10-11T17:00:00Z,45845.91181411666,IND,PIT,draftkings,DraftKings,2026-09-09T20:53:43Z,22.291153,120.0,-142.0,0.45454545454545453,0.5867768595041323,0.04132231404958686,0.5634920634920635,PIT,2.5,-110.0,-2.5,-110.0,47.5,-110,-110
2026-09-09T20:54:05Z,SCHEDULED_FULL,448d7cf18c6db4c811ed82ded1b72867,odds_448d7cf18c6db4c811ed82ded1b72867,,,2026-10-11T17:00:00Z,45845.91181411666,IND,PIT,betus,BetUS,2026-09-09T20:53:51Z,14.291153,,,,,,,,2.5,-110.0,-2.5,-110.0,47.5,-110,-110
2026-09-09T20:54:05Z,SCHEDULED_FULL,6b024bad1abb54f597225e4ab9b39d89,odds_6b024bad1abb54f597225e4ab9b39d89,,,2026-10-11T17:00:00Z,45845.91181411666,LV,NE,draftkings,DraftKings,2026-09-09T20:53:43Z,22.291153,310.0,-395.0,0.24390243902439024,0.797979797979798,0.04188223700418825,0.7659021045164341,NE,8.5,-110.0,-8.5,-110.0,44.5,-110,-110
2026-09-09T20:54:05Z,SCHEDULED_FULL,2cda9bf0fbe35a2735f0dd8aaafe9eff,odds_2cda9bf0fbe35a2735f0dd8aaafe9eff,,,2026-10-11T17:00:00Z,45845.91181411666,MIN,NO,draftkings,DraftKings,2026-09-09T20:53:43Z,22.291153,-125.0,105.0,0.5555555555555556,0.4878048780487805,0.04336043360433606,0.4675324675324675,MIN,-1.5,-110.0,1.5,-110.0,44.5,-110,-110
2026-09-09T20:54:05Z,SCHEDULED_FULL,2cda9bf0fbe35a2735f0dd8aaafe9eff,odds_2cda9bf0fbe35a2735f0dd8aaafe9eff,,,2026-10-11T17:00:00Z,45845.91181411666,MIN,NO,betus,BetUS,2026-09-09T20:53:51Z,14.291153,,,,,,,,-1.5,-105.0,1.5,-115.0,44.5,-110,-110
2026-09-09T20:54:05Z,SCHEDULED_FULL,fbffd0b7722fd81d68d5d62472dc80e8,odds_fbffd0b7722fd81d68d5d62472dc80e8,,,2026-10-11T17:00:00Z,45845.91181411666,NYG,WAS,draftkings,DraftKings,2026-09-09T20:53:43Z,22.291153,110.0,-130.0,0.47619047619047616,0.5652173913043478,0.04140786749482395,0.5427435387673957,WAS,2.5,-115.0,-2.5,-105.0,48.5,-110,-110
2026-09-09T20:54:05Z,SCHEDULED_FULL,fbffd0b7722fd81d68d5d62472dc80e8,odds_fbffd0b7722fd81d68d5d62472dc80e8,,,2026-10-11T17:00:00Z,45845.91181411666,NYG,WAS,betus,BetUS,2026-09-09T20:53:51Z,14.291153,,,,,,,,2.5,-110.0,-2.5,-110.0,48.5,-110,-110
2026-09-09T20:54:05Z,SCHEDULED_FULL,d1d408fdfd272046fb517fe992a1c5a0,odds_d1d408fdfd272046fb517fe992a1c5a0,,,2026-10-11T20:05:00Z,46030.91181411666,DEN,LAC,draftkings,DraftKings,2026-09-09T20:53:43Z,22.291153,114.0,-135.0,0.4672897196261682,0.574468085106383,0.04175780473255131,0.551441114716549,LAC,2.5,-110.0,-2.5,-110.0,44.5,-110,-110
2026-09-09T20:54:05Z,SCHEDULED_FULL,d1d408fdfd272046fb517fe992a1c5a0,odds_d1d408fdfd272046fb517fe992a1c5a0,,,2026-10-11T20:05:00Z,46030.91181411666,DEN,LAC,betus,BetUS,2026-09-09T20:53:51Z,14.291153,,,,,,,,2.5,-110.0,-2.5,-110.0,44.5,-110,-110
2026-09-09T20:54:05Z,SCHEDULED_FULL,f8e7f43f73aa983c5c99c189587f0118,odds_f8e7f43f73aa983c5c99c189587f0118,,,2026-10-11T20:25:00Z,46050.91181411666,DET,ARI,draftkings,DraftKings,2026-09-09T20:53:43Z,22.291153,-395.0,310.0,0.797979797979798,0.24390243902439024,0.04188223700418825,0.23409789548356585,DET,-8.5,-110.0,8.5,-110.0,48.5,-110,-110
2026-09-09T20:54:05Z,SCHEDULED_FULL,2caea57b1e5cfbba1334cfbfd46f6771,odds_2caea57b1e5cfbba1334cfbfd46f6771,,,2026-10-11T20:25:00Z,46050.91181411666,CHI,GB,draftkings,DraftKings,2026-09-09T20:53:43Z,22.291153,140.0,-166.0,0.4166666666666667,0.6240601503759399,0.0407268170426065,0.5996387718242023,GB,3.0,-110.0,-3.0,-110.0,49.5,-110,-110
2026-09-09T20:54:05Z,SCHEDULED_FULL,8e5d515b10d8a5ffb324640ed60bcc55,odds_8e5d515b10d8a5ffb324640ed60bcc55,,,2026-10-11T20:25:00Z,46050.91181411666,SF,SEA,draftkings,DraftKings,2026-09-09T20:53:43Z,22.291153,170.0,-205.0,0.37037037037037035,0.6721311475409836,0.042501517911353925,0.644729178800233,SEA,3.5,-110.0,-3.5,-110.0,48.5,-110,-110
2026-09-09T20:54:05Z,SCHEDULED_FULL,8e5d515b10d8a5ffb324640ed60bcc55,odds_8e5d515b10d8a5ffb324640ed60bcc55,,,2026-10-11T20:25:00Z,46050.91181411666,SF,SEA,betus,BetUS,2026-09-09T20:53:51Z,14.291153,,,,,,,,3.5,-110.0,-3.5,-110.0,48.5,-110,-110
2026-09-09T20:54:05Z,SCHEDULED_FULL,86457f91112732f21ad4bb7d37bd291c,odds_86457f91112732f21ad4bb7d37bd291c,,,2026-10-12T00:20:00Z,46285.91181411666,BAL,ATL,draftkings,DraftKings,2026-09-09T20:53:43Z,22.291153,-205.0,170.0,0.6721311475409836,0.37037037037037035,0.042501517911353925,0.35527082119976705,BAL,-4.5,-110.0,4.5,-110.0,48.5,-110,-110
2026-09-09T20:54:05Z,SCHEDULED_FULL,86457f91112732f21ad4bb7d37bd291c,odds_86457f91112732f21ad4bb7d37bd291c,,,2026-10-12T00:20:00Z,46285.91181411666,BAL,ATL,betus,BetUS,2026-09-09T20:53:51Z,14.291153,,,,,,,,-4.5,-110.0,4.5,-110.0,48.5,-110,-110
2026-09-09T20:54:05Z,SCHEDULED_FULL,e6d00eedd87d367e510314bd8cab8f6f,odds_e6d00eedd87d367e510314bd8cab8f6f,,,2026-10-13T00:15:00Z,47720.91181411666,BUF,LA,draftkings,DraftKings,2026-09-09T20:53:43Z,22.291153,140.0,-166.0,0.4166666666666667,0.6240601503759399,0.0407268170426065,0.5996387718242023,LA,3.0,-110.0,-3.0,-110.0,53.5,-110,-110
2026-09-09T20:54:05Z,SCHEDULED_FULL,855f58fad5f0f14b239f4f63df27998b,odds_855f58fad5f0f14b239f4f63df27998b,,,2026-10-16T00:15:00Z,52040.91181411666,SEA,DEN,draftkings,DraftKings,2026-09-09T20:53:43Z,22.291153,-130.0,110.0,0.5652173913043478,0.47619047619047616,0.04140786749482395,0.4572564612326044,SEA,-2.5,-105.0,2.5,-115.0,43.5,-110,-110
2026-09-09T20:54:05Z,SCHEDULED_FULL,855f58fad5f0f14b239f4f63df27998b,odds_855f58fad5f0f14b239f4f63df27998b,,,2026-10-16T00:15:00Z,52040.91181411666,SEA,DEN,betus,BetUS,2026-09-09T20:53:51Z,14.291153,,,,,,,,-2.5,-105.0,2.5,-115.0,43.5,-110,-110
2026-09-09T20:54:05Z,SCHEDULED_FULL,57418b2cf5aca558b3c98eafac1e264a,odds_57418b2cf5aca558b3c98eafac1e264a,,,2026-10-18T13:30:00Z,55715.91181411666,HOU,JAX,draftkings,DraftKings,2026-09-09T20:53:43Z,22.291153,-108.0,-112.0,0.5192307692307693,0.5283018867924528,0.0475326560232221,0.5043297540699688,JAX,1.5,-122.0,-1.5,102.0,42.5,-110,-110
2026-09-09T20:54:05Z,SCHEDULED_FULL,57418b2cf5aca558b3c98eafac1e264a,odds_57418b2cf5aca558b3c98eafac1e264a,,,2026-10-18T13:30:00Z,55715.91181411666,HOU,JAX,betus,BetUS,2026-09-09T20:53:51Z,14.291153,,,,,,,,-1.5,100.0,1.5,-120.0,41.5,-110,-110
2026-09-09T20:54:05Z,SCHEDULED_FULL,7c312fdf24fb35f58b0e07c2932cc997,odds_7c312fdf24fb35f58b0e07c2932cc997,,,2026-10-18T17:00:00Z,55925.91181411666,CHI,ATL,draftkings,DraftKings,2026-09-09T20:53:43Z,22.291153,-155.0,130.0,0.6078431372549019,0.43478260869565216,0.04262574595055413,0.4170073589533933,CHI,-3.0,-110.0,3.0,-110.0,47.5,-110,-110
2026-09-09T20:54:05Z,SCHEDULED_FULL,e86227938fd3cf008fc5648fb5128344,odds_e86227938fd3cf008fc5648fb5128344,,,2026-10-18T17:00:00Z,55925.91181411666,BAL,CLE,draftkings,DraftKings,2026-09-09T20:53:43Z,22.291153,-250.0,205.0,0.7142857142857143,0.32786885245901637,0.042154566744730726,0.31460674157303364,BAL,-6.5,-110.0,6.5,-110.0,44.5,-110,-110
2026-09-09T20:54:05Z,SCHEDULED_FULL,caca2d752fe1a1779029082e95332fcc,odds_caca2d752fe1a1779029082e95332fcc,,,2026-10-18T17:00:00Z,55925.91181411666,CAR,PHI,draftkings,DraftKings,2026-09-09T20:53:43Z,22.291153,225.0,-278.0,0.3076923076923077,0.7354497354497355,0.043142043142043285,0.705033164260632,PHI,6.5,-110.0,-6.5,-110.0,43.5,-110,-110
2026-09-09T20:54:05Z,SCHEDULED_FULL,caca2d752fe1a1779029082e95332fcc,odds_caca2d752fe1a1779029082e95332fcc,,,2026-10-18T17:00:00Z,55925.91181411666,CAR,PHI,betus,BetUS,2026-09-09T20:53:51Z,14.291153,,,,,,,,6.5,-110.0,-6.5,-110.0,43.5,-110,-110
2026-09-09T20:54:05Z,SCHEDULED_FULL,84aa9e190e625d7e9cd67e1f157a45b4,odds_84aa9e190e625d7e9cd67e1f157a45b4,,,2026-10-18T17:00:00Z,55925.91181411666,TEN,IND,draftkings,DraftKings,2026-09-09T20:53:43Z,22.291153,164.0,-198.0,0.3787878787878788,0.6644295302013423,0.043217408989220996,0.6369041816941223,IND,3.5,-110.0,-3.5,-110.0,47.5,-110,-110
2026-09-09T20:54:05Z,SCHEDULED_FULL,84aa9e190e625d7e9cd67e1f157a45b4,odds_84aa9e190e625d7e9cd67e1f157a45b4,,,2026-10-18T17:00:00Z,55925.91181411666,TEN,IND,betus,BetUS,2026-09-09T20:53:51Z,14.291153,,,,,,,,3.5,-110.0,-3.5,-110.0,48.5,-110,-110
2026-09-09T20:54:05Z,SCHEDULED_FULL,0b0b582b32b09ab6ff6664ffae0c9653,odds_0b0b582b32b09ab6ff6664ffae0c9653,,,2026-10-18T17:00:00Z,55925.91181411666,NYJ,NE,draftkings,DraftKings,2026-09-09T20:53:43Z,22.291153,340.0,-440.0,0.22727272727272727,0.8148148148148148,0.04208754208754195,0.7819063004846527,NE,9.5,-110.0,-9.5,-110.0,42.5,-110,-110
2026-09-09T20:54:05Z,SCHEDULED_FULL,1cf74afd313e9fd300e1462012b174cb,odds_1cf74afd313e9fd300e1462012b174cb,,,2026-10-18T17:00:00Z,55925.91181411666,NO,NYG,draftkings,DraftKings,2026-09-09T20:53:43Z,22.291153,120.0,-142.0,0.45454545454545453,0.5867768595041323,0.04132231404958686,0.5634920634920635,NYG,2.5,-110.0,-2.5,-110.0,44.5,-110,-110
2026-09-09T20:54:05Z,SCHEDULED_FULL,1cf74afd313e9fd300e1462012b174cb,odds_1cf74afd313e9fd300e1462012b174cb,,,2026-10-18T17:00:00Z,55925.91181411666,NO,NYG,betus,BetUS,2026-09-09T20:53:51Z,14.291153,,,,,,,,2.5,-105.0,-2.5,-115.0,45.5,-110,-110
2026-09-09T20:54:05Z,SCHEDULED_FULL,27f3994841ce8081c0b7349cf3d1e3d7,odds_27f3994841ce8081c0b7349cf3d1e3d7,,,2026-10-18T17:00:00Z,55925.91181411666,PIT,TB,draftkings,DraftKings,2026-09-09T20:53:43Z,22.291153,105.0,-125.0,0.4878048780487805,0.5555555555555556,0.04336043360433606,0.5324675324675325,TB,1.5,-110.0,-1.5,-110.0,45.5,-110,-110
2026-09-09T20:54:05Z,SCHEDULED_FULL,27f3994841ce8081c0b7349cf3d1e3d7,odds_27f3994841ce8081c0b7349cf3d1e3d7,,,2026-10-18T17:00:00Z,55925.91181411666,PIT,TB,betus,BetUS,2026-09-09T20:53:51Z,14.291153,,,,,,,,1.5,-110.0,-1.5,-110.0,45.5,-110,-110
2026-09-09T20:54:05Z,SCHEDULED_FULL,3729ac6d2a66b642850caf2044cdc658,odds_3729ac6d2a66b642850caf2044cdc658,,,2026-10-18T20:05:00Z,56110.91181411666,ARI,LA,draftkings,DraftKings,2026-09-09T20:53:43Z,22.291153,525.0,-750.0,0.16,0.8823529411764706,0.04235294117647048,0.8465011286681716,LA,13.5,-108.0,-13.5,-112.0,47.5,-110,-110
2026-09-09T20:54:05Z,SCHEDULED_FULL,45b2690b350ed45145c7a716b18e8e66,odds_45b2690b350ed45145c7a716b18e8e66,,,2026-10-18T20:25:00Z,56130.91181411666,BUF,LV,draftkings,DraftKings,2026-09-09T20:53:43Z,22.291153,-265.0,215.0,0.726027397260274,0.31746031746031744,0.04348771472059143,0.30423004792665137,BUF,-6.5,-110.0,6.5,-110.0,47.5,-110,-110
2026-09-09T20:54:05Z,SCHEDULED_FULL,20fefae8c296247460ba5773caa42218,odds_20fefae8c296247460ba5773caa42218,,,2026-10-18T20:25:00Z,56130.91181411666,LAC,KC,draftkings,DraftKings,2026-09-09T20:53:43Z,22.291153,120.0,-142.0,0.45454545454545453,0.5867768595041323,0.04132231404958686,0.5634920634920635,KC,2.5,-110.0,-2.5,-110.0,46.5,-110,-110
2026-09-09T20:54:05Z,SCHEDULED_FULL,20fefae8c296247460ba5773caa42218,odds_20fefae8c296247460ba5773caa42218,,,2026-10-18T20:25:00Z,56130.91181411666,LAC,KC,betus,BetUS,2026-09-09T20:53:51Z,14.291153,,,,,,,,2.5,-110.0,-2.5,-110.0,46.5,-110,-110
2026-09-09T20:54:05Z,SCHEDULED_FULL,82fd5a159fa130e67abab93a9537f70b,odds_82fd5a159fa130e67abab93a9537f70b,,,2026-10-19T00:20:00Z,56365.91181411666,DAL,GB,draftkings,DraftKings,2026-09-09T20:53:43Z,22.291153,140.0,-166.0,0.4166666666666667,0.6240601503759399,0.0407268170426065,0.5996387718242023,GB,3.0,-110.0,-3.0,-110.0,51.5,-110,-110
2026-09-09T20:54:05Z,SCHEDULED_FULL,82fd5a159fa130e67abab93a9537f70b,odds_82fd5a159fa130e67abab93a9537f70b,,,2026-10-19T00:20:00Z,56365.91181411666,DAL,GB,betus,BetUS,2026-09-09T20:53:51Z,14.291153,,,,,,,,3.0,-110.0,-3.0,-110.0,51.5,-110,-110
2026-09-09T20:54:05Z,SCHEDULED_FULL,f122527f003276d3bca19efa48c902c1,odds_f122527f003276d3bca19efa48c902c1,,,2026-10-20T00:15:00Z,57800.91181411666,WAS,SF,draftkings,DraftKings,2026-09-09T20:53:43Z,22.291153,200.0,-245.0,0.3333333333333333,0.7101449275362319,0.04347826086956519,0.6805555555555556,SF,5.5,-110.0,-5.5,-110.0,50.5,-110,-110
2026-09-09T20:54:05Z,SCHEDULED_FULL,f122527f003276d3bca19efa48c902c1,odds_f122527f003276d3bca19efa48c902c1,,,2026-10-20T00:15:00Z,57800.91181411666,WAS,SF,betus,BetUS,2026-09-09T20:53:51Z,14.291153,,,,,,,,5.5,-110.0,-5.5,-110.0,50.5,-110,-110
2026-09-09T20:54:05Z,SCHEDULED_FULL,ffebea881c1d7b2dfb85b3e590c35985,odds_ffebea881c1d7b2dfb85b3e590c35985,,,2026-10-23T00:15:00Z,62120.91181411666,NE,CHI,draftkings,DraftKings,2026-09-09T20:53:43Z,22.291153,105.0,-125.0,0.4878048780487805,0.5555555555555556,0.04336043360433606,0.5324675324675325,CHI,1.5,-110.0,-1.5,-110.0,47.5,-110,-110
2026-09-09T20:54:05Z,SCHEDULED_FULL,2e710ea5a306b614f0f966e3d78732f8,odds_2e710ea5a306b614f0f966e3d78732f8,,,2026-10-25T13:30:00Z,65795.91181411667,PIT,NO,draftkings,DraftKings,2026-09-09T20:53:43Z,22.291153,-142.0,120.0,0.5867768595041323,0.45454545454545453,0.04132231404958686,0.43650793650793646,PIT,-2.5,-110.0,2.5,-110.0,42.5,-110,-110
2026-09-09T20:54:05Z,SCHEDULED_FULL,2e710ea5a306b614f0f966e3d78732f8,odds_2e710ea5a306b614f0f966e3d78732f8,,,2026-10-25T13:30:00Z,65795.91181411667,PIT,NO,betus,BetUS,2026-09-09T20:53:51Z,14.291153,,,,,,,,-2.5,-105.0,2.5,-115.0,42.5,-110,-110
2026-09-09T20:54:05Z,SCHEDULED_FULL,b1be064fb52a198a62109c279e7ab24c,odds_b1be064fb52a198a62109c279e7ab24c,,,2026-10-25T17:00:00Z,66005.91181411667,SF,ATL,draftkings,DraftKings,2026-09-09T20:53:43Z,22.291153,-225.0,185.0,0.6923076923076923,0.3508771929824561,0.04318488529014841,0.33635187580853815,SF,-4.5,-110.0,4.5,-110.0,47.5,-110,-110
2026-09-09T20:54:05Z,SCHEDULED_FULL,b1be064fb52a198a62109c279e7ab24c,odds_b1be064fb52a198a62109c279e7ab24c,,,2026-10-25T17:00:00Z,66005.91181411667,SF,ATL,betus,BetUS,2026-09-09T20:53:51Z,14.291153,,,,,,,,-4.5,-110.0,4.5,-110.0,47.5,-110,-110
2026-09-09T20:54:05Z,SCHEDULED_FULL,550ec5290f935d311995affbcb0b5c79,odds_550ec5290f935d311995affbcb0b5c79,,,2026-10-25T17:00:00Z,66005.91181411667,CIN,BAL,draftkings,DraftKings,2026-09-09T20:53:43Z,22.291153,154.0,-185.0,0.3937007874015748,0.6491228070175439,0.04282359441911865,0.6224665518611737,BAL,3.5,-110.0,-3.5,-110.0,51.5,-110,-110
2026-09-09T20:54:05Z,SCHEDULED_FULL,550ec5290f935d311995affbcb0b5c79,odds_550ec5290f935d311995affbcb0b5c79,,,2026-10-25T17:00:00Z,66005.91181411667,CIN,BAL,betus,BetUS,2026-09-09T20:53:51Z,14.291153,,,,,,,,3.5,-110.0,-3.5,-110.0,52.5,-110,-110
2026-09-09T20:54:05Z,SCHEDULED_FULL,2823e986597c449ab94126cd5ed3fae9,odds_2823e986597c449ab94126cd5ed3fae9,,,2026-10-25T17:00:00Z,66005.91181411667,TB,CAR,draftkings,DraftKings,2026-09-09T20:53:43Z,22.291153,-125.0,105.0,0.5555555555555556,0.4878048780487805,0.04336043360433606,0.4675324675324675,TB,-1.5,-110.0,1.5,-110.0,45.5,-110,-110
2026-09-09T20:54:05Z,SCHEDULED_FULL,2823e986597c449ab94126cd5ed3fae9,odds_2823e986597c449ab94126cd5ed3fae9,,,2026-10-25T17:00:00Z,66005.91181411667,TB,CAR,betus,BetUS,2026-09-09T20:53:51Z,14.291153,,,,,,,,-1.5,-105.0,1.5,-115.0,45.5,-110,-110
2026-09-09T20:54:05Z,SCHEDULED_FULL,5dce18baccec5d3ad5fb3a3ce52f7619,odds_5dce18baccec5d3ad5fb3a3ce52f7619,,,2026-10-25T17:00:00Z,66005.91181411667,CLE,TEN,draftkings,DraftKings,2026-09-09T20:53:43Z,22.291153,114.0,-135.0,0.4672897196261682,0.574468085106383,0.04175780473255131,0.551441114716549,TEN,2.5,-110.0,-2.5,-110.0,40.5,-110,-110
2026-09-09T20:54:05Z,SCHEDULED_FULL,2bba7fde6f97d0e54403d53676e4ab63,odds_2bba7fde6f97d0e54403d53676e4ab63,,,2026-10-25T17:00:00Z,66005.91181411667,NYG,HOU,draftkings,DraftKings,2026-09-09T20:53:43Z,22.291153,200.0,-245.0,0.3333333333333333,0.7101449275362319,0.04347826086956519,0.6805555555555556,HOU,5.5,-110.0,-5.5,-110.0,43.5,-110,-110
2026-09-09T20:54:05Z,SCHEDULED_FULL,2bba7fde6f97d0e54403d53676e4ab63,odds_2bba7fde6f97d0e54403d53676e4ab63,,,2026-10-25T17:00:00Z,66005.91181411667,NYG,HOU,betus,BetUS,2026-09-09T20:53:51Z,14.291153,,,,,,,,5.5,-110.0,-5.5,-110.0,43.5,-110,-110
2026-09-09T20:54:05Z,SCHEDULED_FULL,f3992ad4496724baf7dcd1ef58245d6b,odds_f3992ad4496724baf7dcd1ef58245d6b,,,2026-10-25T17:00:00Z,66005.91181411667,IND,MIN,draftkings,DraftKings,2026-09-09T20:53:43Z,22.291153,120.0,-142.0,0.45454545454545453,0.5867768595041323,0.04132231404958686,0.5634920634920635,MIN,2.5,-110.0,-2.5,-110.0,46.5,-110,-110
2026-09-09T20:54:05Z,SCHEDULED_FULL,f3992ad4496724baf7dcd1ef58245d6b,odds_f3992ad4496724baf7dcd1ef58245d6b,,,2026-10-25T17:00:00Z,66005.91181411667,IND,MIN,betus,BetUS,2026-09-09T20:53:51Z,14.291153,,,,,,,,3.0,-115.0,-3.0,-105.0,47.5,-110,-110
2026-09-09T20:54:05Z,SCHEDULED_FULL,be5dd120ca08b43d647b6caa8953500a,odds_be5dd120ca08b43d647b6caa8953500a,,,2026-10-25T17:00:00Z,66005.91181411667,MIA,NYJ,draftkings,DraftKings,2026-09-09T20:53:43Z,22.291153,120.0,-142.0,0.45454545454545453,0.5867768595041323,0.04132231404958686,0.5634920634920635,NYJ,2.5,-110.0,-2.5,-110.0,41.5,-110,-110
2026-09-09T20:54:05Z,SCHEDULED_FULL,436119bb3ccdaa6ed7808aa3ebd82b76,odds_436119bb3ccdaa6ed7808aa3ebd82b76,,,2026-10-25T20:05:00Z,66190.91181411667,DEN,ARI,draftkings,DraftKings,2026-09-09T20:53:43Z,22.291153,-375.0,295.0,0.7894736842105263,0.25316455696202533,0.04263824117255166,0.2428115015974441,DEN,-7.5,-110.0,7.5,-110.0,43.5,-110,-110
2026-09-09T20:54:05Z,SCHEDULED_FULL,436119bb3ccdaa6ed7808aa3ebd82b76,odds_436119bb3ccdaa6ed7808aa3ebd82b76,,,2026-10-25T20:05:00Z,66190.91181411667,DEN,ARI,betus,BetUS,2026-09-09T20:53:51Z,14.291153,,,,,,,,-7.5,-110.0,7.5,-110.0,43.5,-110,-110
2026-09-09T20:54:05Z,SCHEDULED_FULL,e8e5715eefb6a9ce64765e9ddf49c0cc,odds_e8e5715eefb6a9ce64765e9ddf49c0cc,,,2026-10-25T20:25:00Z,66210.91181411667,GB,DET,draftkings,DraftKings,2026-09-09T20:53:43Z,22.291153,120.0,-142.0,0.45454545454545453,0.5867768595041323,0.04132231404958686,0.5634920634920635,DET,2.5,-110.0,-2.5,-110.0,50.5,-110,-110
2026-09-09T20:54:05Z,SCHEDULED_FULL,f7679cf18454e4d88a8f2b990c3f08ac,odds_f7679cf18454e4d88a8f2b990c3f08ac,,,2026-10-25T20:25:00Z,66210.91181411667,LA,LV,draftkings,DraftKings,2026-09-09T20:53:43Z,22.291153,-345.0,275.0,0.7752808988764045,0.26666666666666666,0.04194756554307122,0.2559309849029475,LA,-7.5,-110.0,7.5,-110.0,46.5,-110,-110
2026-09-09T20:54:05Z,SCHEDULED_FULL,176d474ed8b2bbf1eb4d7e9c56b4bf22,odds_176d474ed8b2bbf1eb4d7e9c56b4bf22,,,2026-10-26T00:20:00Z,66445.91181411667,KC,SEA,draftkings,DraftKings,2026-09-09T20:53:43Z,22.291153,145.0,-175.0,0.40816326530612246,0.6363636363636364,0.0445269016697587,0.6092362344582594,SEA,3.0,-110.0,-3.0,-110.0,45.5,-110,-110
2026-09-09T20:54:05Z,SCHEDULED_FULL,176d474ed8b2bbf1eb4d7e9c56b4bf22,odds_176d474ed8b2bbf1eb4d7e9c56b4bf22,,,2026-10-26T00:20:00Z,66445.91181411667,KC,SEA,betus,BetUS,2026-09-09T20:53:51Z,14.291153,,,,,,,,3.0,-115.0,-3.0,-105.0,45.5,-110,-110
2026-09-09T20:54:05Z,SCHEDULED_FULL,4853610e63c246f2027a6a248e642c9a,odds_4853610e63c246f2027a6a248e642c9a,,,2026-10-27T00:15:00Z,67880.91181411667,DAL,PHI,draftkings,DraftKings,2026-09-09T20:53:43Z,22.291153,136.0,-162.0,0.423728813559322,0.6183206106870229,0.042049424246344946,0.593369754159424,PHI,3.0,-110.0,-3.0,-110.0,48.5,-110,-110
2026-09-09T20:54:05Z,SCHEDULED_FULL,4853610e63c246f2027a6a248e642c9a,odds_4853610e63c246f2027a6a248e642c9a,,,2026-10-27T00:15:00Z,67880.91181411667,DAL,PHI,betus,BetUS,2026-09-09T20:53:51Z,14.291153,,,,,,,,3.0,-110.0,-3.0,-110.0,48.5,-110,-110
2026-09-09T20:54:05Z,SCHEDULED_FULL,ab2865e9f2d4b012de8bc6fb6de11a7c,odds_ab2865e9f2d4b012de8bc6fb6de11a7c,,,2026-10-30T00:15:00Z,72200.91181411667,CAR,GB,draftkings,DraftKings,2026-09-09T20:53:43Z,22.291153,280.0,-355.0,0.2631578947368421,0.7802197802197802,0.04337767495662237,0.7477827050997783,GB,7.0,-110.0,-7.0,-110.0,45.5,-110,-110
2026-09-09T20:54:05Z,SCHEDULED_FULL,ab2865e9f2d4b012de8bc6fb6de11a7c,odds_ab2865e9f2d4b012de8bc6fb6de11a7c,,,2026-10-30T00:15:00Z,72200.91181411667,CAR,GB,betus,BetUS,2026-09-09T20:53:51Z,14.291153,,,,,,,,7.0,-110.0,-7.0,-110.0,45.5,-110,-110
2026-09-09T20:54:05Z,SCHEDULED_FULL,9255ca8f32aea590d00aa57de79f6bb6,odds_9255ca8f32aea590d00aa57de79f6bb6,,,2026-11-01T18:00:00Z,76145.91181411667,ARI,DAL,draftkings,DraftKings,2026-09-09T20:53:43Z,22.291153,410.0,-550.0,0.19607843137254902,0.8461538461538461,0.042232277526395245,0.8118668596237336,DAL,10.5,-110.0,-10.5,-110.0,47.5,-110,-110
2026-09-09T20:54:05Z,SCHEDULED_FULL,9255ca8f32aea590d00aa57de79f6bb6,odds_9255ca8f32aea590d00aa57de79f6bb6,,,2026-11-01T18:00:00Z,76145.91181411667,ARI,DAL,betus,BetUS,2026-09-09T20:53:51Z,14.291153,,,,,,,,10.5,-110.0,-10.5,-110.0,49.5,-110,-110
2026-09-09T20:54:05Z,SCHEDULED_FULL,921859689f5f8b3b8b1caf4248bdb1ec,odds_921859689f5f8b3b8b1caf4248bdb1ec,,,2026-11-01T18:00:00Z,76145.91181411667,ATL,TB,draftkings,DraftKings,2026-09-09T20:53:43Z,22.291153,180.0,-218.0,0.35714285714285715,0.6855345911949685,0.04267744833782561,0.6574752261956054,TB,4.5,-110.0,-4.5,-110.0,46.5,-110,-110
2026-09-09T20:54:05Z,SCHEDULED_FULL,921859689f5f8b3b8b1caf4248bdb1ec,odds_921859689f5f8b3b8b1caf4248bdb1ec,,,2026-11-01T18:00:00Z,76145.91181411667,ATL,TB,betus,BetUS,2026-09-09T20:53:51Z,14.291153,,,,,,,,4.5,-110.0,-4.5,-110.0,46.5,-110,-110
2026-09-09T20:54:05Z,SCHEDULED_FULL,c93c421e5fa46031a43162d111d981d0,odds_c93c421e5fa46031a43162d111d981d0,,,2026-11-01T18:00:00Z,76145.91181411667,BAL,BUF,draftkings,DraftKings,2026-09-09T20:53:43Z,22.291153,114.0,-135.0,0.4672897196261682,0.574468085106383,0.04175780473255131,0.551441114716549,BUF,2.5,-110.0,-2.5,-110.0,51.5,-110,-110
2026-09-09T20:54:05Z,SCHEDULED_FULL,9c5d8f57e0ba0fbd9ef436c1f0898f99,odds_9c5d8f57e0ba0fbd9ef436c1f0898f99,,,2026-11-01T18:00:00Z,76145.91181411667,TEN,CIN,draftkings,DraftKings,2026-09-09T20:53:43Z,22.291153,235.0,-290.0,0.29850746268656714,0.7435897435897436,0.04209720627631075,0.7135512302607419,CIN,6.5,-110.0,-6.5,-110.0,49.5,-110,-110
2026-09-09T20:54:05Z,SCHEDULED_FULL,9c5d8f57e0ba0fbd9ef436c1f0898f99,odds_9c5d8f57e0ba0fbd9ef436c1f0898f99,,,2026-11-01T18:00:00Z,76145.91181411667,TEN,CIN,betus,BetUS,2026-09-09T20:53:51Z,14.291153,,,,,,,,6.5,-105.0,-6.5,-115.0,49.5,-110,-110
2026-09-09T20:54:05Z,SCHEDULED_FULL,ab5ab731ab655bd6308bc7a922275518,odds_ab5ab731ab655bd6308bc7a922275518,,,2026-11-01T18:00:00Z,76145.91181411667,CLE,PIT,draftkings,DraftKings,2026-09-09T20:53:43Z,22.291153,210.0,-258.0,0.3225806451612903,0.7206703910614525,0.043251036222742734,0.690792883054068,PIT,6.0,-110.0,-6.0,-110.0,39.5,-110,-110
2026-09-09T20:54:05Z,SCHEDULED_FULL,52e7ee9c42525e6deec02da32dc2fad8,odds_52e7ee9c42525e6deec02da32dc2fad8,,,2026-11-01T18:00:00Z,76145.91181411667,MIN,DET,draftkings,DraftKings,2026-09-09T20:53:43Z,22.291153,185.0,-225.0,0.3508771929824561,0.6923076923076923,0.04318488529014841,0.6636481241914618,DET,4.5,-110.0,-4.5,-110.0,47.5,-110,-110
2026-09-09T20:54:05Z,SCHEDULED_FULL,159dbf0253dd2038eda2212f84387f0c,odds_159dbf0253dd2038eda2212f84387f0c,,,2026-11-01T18:00:00Z,76145.91181411667,IND,JAX,draftkings,DraftKings,2026-09-09T20:53:43Z,22.291153,185.0,-225.0,0.3508771929824561,0.6923076923076923,0.04318488529014841,0.6636481241914618,JAX,4.5,-110.0,-4.5,-110.0,49.5,-110,-110
2026-09-09T20:54:05Z,SCHEDULED_FULL,159dbf0253dd2038eda2212f84387f0c,odds_159dbf0253dd2038eda2212f84387f0c,,,2026-11-01T18:00:00Z,76145.91181411667,IND,JAX,betus,BetUS,2026-09-09T20:53:51Z,14.291153,,,,,,,,4.5,-110.0,-4.5,-110.0,49.5,-110,-110
2026-09-09T20:54:05Z,SCHEDULED_FULL,98f1b121b793977434c046e76c707145,odds_98f1b121b793977434c046e76c707145,,,2026-11-01T18:00:00Z,76145.91181411667,LV,NYJ,draftkings,DraftKings,2026-09-09T20:53:43Z,22.291153,102.0,-122.0,0.49504950495049505,0.5495495495495496,0.044599054500044755,0.5260865852617197,NYJ,1.5,-110.0,-1.5,-110.0,40.5,-110,-110
2026-09-09T20:54:05Z,SCHEDULED_FULL,2ff84d3f6053d083c8c0a5bebf7cdd4c,odds_2ff84d3f6053d083c8c0a5bebf7cdd4c,,,2026-11-01T21:05:00Z,76330.91181411667,LAC,LA,draftkings,DraftKings,2026-09-09T20:53:43Z,22.291153,164.0,-198.0,0.3787878787878788,0.6644295302013423,0.043217408989220996,0.6369041816941223,LA,3.5,-105.0,-3.5,-115.0,48.5,-110,-110
2026-09-09T20:54:05Z,SCHEDULED_FULL,f2a036d5edf483a277880014861e78ad,odds_f2a036d5edf483a277880014861e78ad,,,2026-11-01T21:25:00Z,76350.91181411667,KC,DEN,draftkings,DraftKings,2026-09-09T20:53:43Z,22.291153,105.0,-125.0,0.4878048780487805,0.5555555555555556,0.04336043360433606,0.5324675324675325,DEN,1.5,-110.0,-1.5,-110.0,43.5,-110,-110
2026-09-09T20:54:05Z,SCHEDULED_FULL,f2a036d5edf483a277880014861e78ad,odds_f2a036d5edf483a277880014861e78ad,,,2026-11-01T21:25:00Z,76350.91181411667,KC,DEN,betus,BetUS,2026-09-09T20:53:51Z,14.291153,,,,,,,,1.5,-115.0,-1.5,-105.0,43.5,-110,-110
2026-09-09T20:54:05Z,SCHEDULED_FULL,05405af79752f5e742cdf50b61f6745e,odds_05405af79752f5e742cdf50b61f6745e,,,2026-11-01T21:25:00Z,76350.91181411667,NE,MIA,draftkings,DraftKings,2026-09-09T20:53:43Z,22.291153,-355.0,280.0,0.7802197802197802,0.2631578947368421,0.04337767495662237,0.2522172949002217,NE,-7.0,-110.0,7.0,-110.0,45.5,-110,-110
2026-09-09T20:54:05Z,SCHEDULED_FULL,05405af79752f5e742cdf50b61f6745e,odds_05405af79752f5e742cdf50b61f6745e,,,2026-11-01T21:25:00Z,76350.91181411667,NE,MIA,betus,BetUS,2026-09-09T20:53:51Z,14.291153,,,,,,,,-7.0,-110.0,7.0,-110.0,45.5,-110,-110
2026-09-09T20:54:05Z,SCHEDULED_FULL,b9c60db63b1a19ad319f24b33c0defe8,odds_b9c60db63b1a19ad319f24b33c0defe8,,,2026-11-02T01:20:00Z,76585.91181411667,PHI,WAS,draftkings,DraftKings,2026-09-09T20:53:43Z,22.291153,-125.0,105.0,0.5555555555555556,0.4878048780487805,0.04336043360433606,0.4675324675324675,PHI,-1.5,-110.0,1.5,-110.0,46.5,-110,-110
2026-09-09T20:54:05Z,SCHEDULED_FULL,b9c60db63b1a19ad319f24b33c0defe8,odds_b9c60db63b1a19ad319f24b33c0defe8,,,2026-11-02T01:20:00Z,76585.91181411667,PHI,WAS,betus,BetUS,2026-09-09T20:53:51Z,14.291153,,,,,,,,-2.5,-110.0,2.5,-110.0,46.5,-110,-110
2026-09-09T20:54:05Z,SCHEDULED_FULL,7d664fbcd39350e559d83c0068ba7169,odds_7d664fbcd39350e559d83c0068ba7169,,,2026-11-03T01:20:00Z,78025.91181411667,CHI,SEA,draftkings,DraftKings,2026-09-09T20:53:43Z,22.291153,180.0,-218.0,0.35714285714285715,0.6855345911949685,0.04267744833782561,0.6574752261956054,SEA,4.5,-110.0,-4.5,-110.0,47.5,-110,-110
2026-09-09T20:54:05Z,SCHEDULED_FULL,c75744790b7acf6260c78ba5e739c0e5,odds_c75744790b7acf6260c78ba5e739c0e5,,,2026-11-06T01:15:00Z,82340.91181411667,JAX,BAL,draftkings,DraftKings,2026-09-09T20:53:43Z,22.291153,170.0,-205.0,0.37037037037037035,0.6721311475409836,0.042501517911353925,0.644729178800233,BAL,4.5,-110.0,-4.5,-110.0,49.5,-110,-110
2026-09-09T20:54:05Z,SCHEDULED_FULL,c75744790b7acf6260c78ba5e739c0e5,odds_c75744790b7acf6260c78ba5e739c0e5,,,2026-11-06T01:15:00Z,82340.91181411667,JAX,BAL,betus,BetUS,2026-09-09T20:53:51Z,14.291153,,,,,,,,4.5,-110.0,-4.5,-110.0,49.5,-110,-110
2026-09-09T20:54:05Z,SCHEDULED_FULL,dc56d980f527ffeef89940133b211b13,odds_dc56d980f527ffeef89940133b211b13,,,2026-11-08T14:30:00Z,86015.91181411667,CIN,ATL,draftkings,DraftKings,2026-09-09T20:53:43Z,22.291153,-230.0,190.0,0.696969696969697,0.3448275862068966,0.04179728317659359,0.33099297893681046,CIN,-5.5,-110.0,5.5,-110.0,49.5,-110,-110
2026-09-09T20:54:05Z,SCHEDULED_FULL,dc56d980f527ffeef89940133b211b13,odds_dc56d980f527ffeef89940133b211b13,,,2026-11-08T14:30:00Z,86015.91181411667,CIN,ATL,betus,BetUS,2026-09-09T20:53:51Z,14.291153,,,,,,,,-4.5,-115.0,4.5,-105.0,48.5,-110,-110
2026-09-09T20:54:05Z,SCHEDULED_FULL,014282b888c741b7d70c857c09f40aa7,odds_014282b888c741b7d70c857c09f40aa7,,,2026-11-08T18:00:00Z,86225.91181411667,DEN,CAR,draftkings,DraftKings,2026-09-09T20:53:44Z,21.291153,-162.0,136.0,0.6183206106870229,0.423728813559322,0.042049424246344946,0.4066302458405761,DEN,-3.0,-110.0,3.0,-110.0,42.5,-110,-110
2026-09-09T20:54:05Z,SCHEDULED_FULL,014282b888c741b7d70c857c09f40aa7,odds_014282b888c741b7d70c857c09f40aa7,,,2026-11-08T18:00:00Z,86225.91181411667,DEN,CAR,betus,BetUS,2026-09-09T20:53:51Z,14.291153,,,,,,,,-3.0,-110.0,3.0,-110.0,42.5,-110,-110
2026-09-09T20:54:05Z,SCHEDULED_FULL,e571bab6736f9338130a78a4f75c3231,odds_e571bab6736f9338130a78a4f75c3231,,,2026-11-08T18:00:00Z,86225.91181411667,CLE,NO,draftkings,DraftKings,2026-09-09T20:53:44Z,21.291153,160.0,-192.0,0.38461538461538464,0.6575342465753424,0.04214963119072701,0.6309403437815976,NO,3.5,-105.0,-3.5,-115.0,41.5,-110,-110
2026-09-09T20:54:05Z,SCHEDULED_FULL,415fc42e72888c63e82f7bce24c65391,odds_415fc42e72888c63e82f7bce24c65391,,,2026-11-08T18:00:00Z,86225.91181411667,DAL,IND,draftkings,DraftKings,2026-09-09T20:53:44Z,21.291153,-125.0,105.0,0.5555555555555556,0.4878048780487805,0.04336043360433606,0.4675324675324675,DAL,-1.5,-110.0,1.5,-110.0,52.5,-110,-110
2026-09-09T20:54:05Z,SCHEDULED_FULL,415fc42e72888c63e82f7bce24c65391,odds_415fc42e72888c63e82f7bce24c65391,,,2026-11-08T18:00:00Z,86225.91181411667,DAL,IND,betus,BetUS,2026-09-09T20:53:51Z,14.291153,,,,,,,,-1.5,-110.0,1.5,-110.0,52.5,-110,-110
2026-09-09T20:54:05Z,SCHEDULED_FULL,44d8c37868b700e90f816db7c5df5cdd,odds_44d8c37868b700e90f816db7c5df5cdd,,,2026-11-08T18:00:00Z,86225.91181411667,DET,MIA,draftkings,DraftKings,2026-09-09T20:53:44Z,21.291153,-278.0,225.0,0.7354497354497355,0.3076923076923077,0.043142043142043285,0.2949668357393679,DET,-6.5,-110.0,6.5,-110.0,47.5,-110,-110
2026-09-09T20:54:05Z,SCHEDULED_FULL,e354e6a04b1cb9c96e549b863debb92e,odds_e354e6a04b1cb9c96e549b863debb92e,,,2026-11-08T18:00:00Z,86225.91181411667,NYJ,KC,draftkings,DraftKings,2026-09-09T20:53:43Z,22.291153,350.0,-455.0,0.2222222222222222,0.8198198198198198,0.04204204204204198,0.7867435158501441,KC,9.5,-110.0,-9.5,-110.0,41.5,-110,-110
2026-09-09T20:54:05Z,SCHEDULED_FULL,89de07377e0aa8ffaa2ae6a7dc0855cc,odds_89de07377e0aa8ffaa2ae6a7dc0855cc,,,2026-11-08T18:00:00Z,86225.91181411667,LA,WAS,draftkings,DraftKings,2026-09-09T20:53:44Z,21.291153,-225.0,185.0,0.6923076923076923,0.3508771929824561,0.04318488529014841,0.33635187580853815,LA,-5.5,-105.0,5.5,-115.0,50.5,-110,-110
2026-09-09T20:54:05Z,SCHEDULED_FULL,fe93e6ab1e553c0169936a0a983c324f,odds_fe93e6ab1e553c0169936a0a983c324f,,,2026-11-08T18:00:00Z,86225.91181411667,NYG,PHI,draftkings,DraftKings,2026-09-09T20:53:44Z,21.291153,195.0,-238.0,0.3389830508474576,0.7041420118343196,0.04312506268177718,0.6750312469954812,PHI,5.5,-110.0,-5.5,-110.0,44.5,-110,-110
2026-09-09T20:54:05Z,SCHEDULED_FULL,fe93e6ab1e553c0169936a0a983c324f,odds_fe93e6ab1e553c0169936a0a983c324f,,,2026-11-08T18:00:00Z,86225.91181411667,NYG,PHI,betus,BetUS,2026-09-09T20:53:51Z,14.291153,,,,,,,,5.5,-110.0,-5.5,-110.0,44.5,-110,-110
2026-09-09T20:54:05Z,SCHEDULED_FULL,39aeac43cea7b12558b91cdab1255a10,odds_39aeac43cea7b12558b91cdab1255a10,,,2026-11-08T21:05:00Z,86410.91181411667,HOU,LAC,draftkings,DraftKings,2026-09-09T20:53:44Z,21.291153,120.0,-142.0,0.45454545454545453,0.5867768595041323,0.04132231404958686,0.5634920634920635,LAC,2.5,-110.0,-2.5,-110.0,43.5,-110,-110
2026-09-09T20:54:05Z,SCHEDULED_FULL,39aeac43cea7b12558b91cdab1255a10,odds_39aeac43cea7b12558b91cdab1255a10,,,2026-11-08T21:05:00Z,86410.91181411667,HOU,LAC,betus,BetUS,2026-09-09T20:53:51Z,14.291153,,,,,,,,1.5,-105.0,-1.5,-115.0,43.5,-110,-110
2026-09-09T20:54:05Z,SCHEDULED_FULL,ac9d38a18d5c92814233a31aa9a48d78,odds_ac9d38a18d5c92814233a31aa9a48d78,,,2026-11-08T21:05:00Z,86410.91181411667,LV,SF,draftkings,DraftKings,2026-09-09T20:53:44Z,21.291153,330.0,-425.0,0.23255813953488372,0.8095238095238095,0.042081949058693224,0.7768331562167907,SF,8.5,-110.0,-8.5,-110.0,46.5,-110,-110
2026-09-09T20:54:05Z,SCHEDULED_FULL,240e23b02b1e3fef655d04a286b5a623,odds_240e23b02b1e3fef655d04a286b5a623,,,2026-11-08T21:25:00Z,86430.91181411667,ARI,SEA,draftkings,DraftKings,2026-09-09T20:53:44Z,21.291153,575.0,-850.0,0.14814814814814814,0.8947368421052632,0.04288499025341119,0.8579439252336449,SEA,13.5,-110.0,-13.5,-110.0,45.5,-110,-110
2026-09-09T20:54:05Z,SCHEDULED_FULL,240e23b02b1e3fef655d04a286b5a623,odds_240e23b02b1e3fef655d04a286b5a623,,,2026-11-08T21:25:00Z,86430.91181411667,ARI,SEA,betus,BetUS,2026-09-09T20:53:51Z,14.291153,,,,,,,,13.5,-110.0,-13.5,-110.0,45.5,-110,-110
2026-09-09T20:54:05Z,SCHEDULED_FULL,2922c573ec3df8466c4a34975e446898,odds_2922c573ec3df8466c4a34975e446898,,,2026-11-08T21:25:00Z,86430.91181411667,GB,NE,draftkings,DraftKings,2026-09-09T20:53:44Z,21.291153,105.0,-125.0,0.4878048780487805,0.5555555555555556,0.04336043360433606,0.5324675324675325,NE,1.5,-110.0,-1.5,-110.0,46.5,-110,-110
2026-09-09T20:54:05Z,SCHEDULED_FULL,2922c573ec3df8466c4a34975e446898,odds_2922c573ec3df8466c4a34975e446898,,,2026-11-08T21:25:00Z,86430.91181411667,GB,NE,betus,BetUS,2026-09-09T20:53:51Z,14.291153,,,,,,,,1.5,-110.0,-1.5,-110.0,46.5,-110,-110
2026-09-09T20:54:05Z,SCHEDULED_FULL,9760d8f19f84bfee300a74ceb656c95d,odds_9760d8f19f84bfee300a74ceb656c95d,,,2026-11-09T01:20:00Z,86665.91181411667,TB,CHI,draftkings,DraftKings,2026-09-09T20:53:44Z,21.291153,160.0,-192.0,0.38461538461538464,0.6575342465753424,0.04214963119072701,0.6309403437815976,CHI,3.5,-110.0,-3.5,-110.0,48.5,-110,-110
2026-09-09T20:54:05Z,SCHEDULED_FULL,17ad7eff2f7875e20a8109abe40470e3,odds_17ad7eff2f7875e20a8109abe40470e3,,,2026-11-10T01:15:00Z,88100.91181411667,BUF,MIN,draftkings,DraftKings,2026-09-09T20:53:44Z,21.291153,-170.0,142.0,0.6296296296296297,0.4132231404958678,0.042852770125497486,0.3962430290578221,BUF,-3.0,-110.0,3.0,-110.0,48.5,-110,-110
2026-09-09T20:54:05Z,SCHEDULED_FULL,74d39e19225caf211ad2c8eb4110179f,odds_74d39e19225caf211ad2c8eb4110179f,,,2026-11-13T01:15:00Z,92420.91181411667,WAS,NYG,draftkings,DraftKings,2026-09-09T20:53:44Z,21.291153,102.0,-122.0,0.49504950495049505,0.5495495495495496,0.044599054500044755,0.5260865852617197,NYG,1.5,-110.0,-1.5,-110.0,47.5,-110,-110
2026-09-09T20:54:05Z,SCHEDULED_FULL,3c71d515b726f1096aabb435badb83fd,odds_3c71d515b726f1096aabb435badb83fd,,,2026-11-15T18:00:00Z,96305.91181411667,KC,ATL,draftkings,DraftKings,2026-09-09T20:53:44Z,21.291153,-225.0,185.0,0.6923076923076923,0.3508771929824561,0.04318488529014841,0.33635187580853815,KC,-4.5,-110.0,4.5,-110.0,45.5,-110,-110
2026-09-09T20:54:05Z,SCHEDULED_FULL,1057d50949844ddf483da9c8c20354be,odds_1057d50949844ddf483da9c8c20354be,,,2026-11-15T18:00:00Z,96305.91181411667,BUF,NYJ,draftkings,DraftKings,2026-09-09T20:53:44Z,21.291153,-345.0,275.0,0.7752808988764045,0.26666666666666666,0.04194756554307122,0.2559309849029475,BUF,-7.0,-115.0,7.0,-105.0,46.5,-110,-110
2026-09-09T20:54:05Z,SCHEDULED_FULL,e5aa20e1364dd639f042af1c2281bbe2,odds_e5aa20e1364dd639f042af1c2281bbe2,,,2026-11-15T18:00:00Z,96305.91181411667,CAR,NO,draftkings,DraftKings,2026-09-09T20:53:44Z,21.291153,100.0,-120.0,0.5,0.5454545454545454,0.045454545454545414,0.5217391304347826,NO,1.5,-115.0,-1.5,-105.0,43.5,-110,-110
2026-09-09T20:54:05Z,SCHEDULED_FULL,e5aa20e1364dd639f042af1c2281bbe2,odds_e5aa20e1364dd639f042af1c2281bbe2,,,2026-11-15T18:00:00Z,96305.91181411667,CAR,NO,betus,BetUS,2026-09-09T20:53:51Z,14.291153,,,,,,,,1.5,-110.0,-1.5,-110.0,43.5,-110,-110
2026-09-09T20:54:05Z,SCHEDULED_FULL,be0e03cc42fbc9b6962467b22c7bf9dd,odds_be0e03cc42fbc9b6962467b22c7bf9dd,,,2026-11-15T18:00:00Z,96305.91181411667,HOU,CLE,draftkings,DraftKings,2026-09-09T20:53:44Z,21.291153,-205.0,170.0,0.6721311475409836,0.37037037037037035,0.042501517911353925,0.35527082119976705,HOU,-4.5,-110.0,4.5,-110.0,38.5,-110,-110
2026-09-09T20:54:05Z,SCHEDULED_FULL,5d8d85473b87f772a979ecf294acab94,odds_5d8d85473b87f772a979ecf294acab94,,,2026-11-15T18:00:00Z,96305.91181411667,MIN,GB,draftkings,DraftKings,2026-09-09T20:53:44Z,21.291153,200.0,-245.0,0.3333333333333333,0.7101449275362319,0.04347826086956519,0.6805555555555556,GB,4.5,-110.0,-4.5,-110.0,45.5,-110,-110
2026-09-09T20:54:05Z,SCHEDULED_FULL,5d8d85473b87f772a979ecf294acab94,odds_5d8d85473b87f772a979ecf294acab94,,,2026-11-15T18:00:00Z,96305.91181411667,MIN,GB,betus,BetUS,2026-09-09T20:53:51Z,14.291153,,,,,,,,4.5,-110.0,-4.5,-110.0,45.5,-110,-110
2026-09-09T20:54:05Z,SCHEDULED_FULL,b5700b4d938fd94429f60d4622cc9c0a,odds_b5700b4d938fd94429f60d4622cc9c0a,,,2026-11-15T18:00:00Z,96305.91181411667,MIA,IND,draftkings,DraftKings,2026-09-09T20:53:44Z,21.291153,245.0,-305.0,0.2898550724637681,0.7530864197530864,0.042941492216854504,0.7220792588780237,IND,6.5,-110.0,-6.5,-110.0,47.5,-110,-110
2026-09-09T20:54:05Z,SCHEDULED_FULL,28800df7e768ecec14f116454d560f9b,odds_28800df7e768ecec14f116454d560f9b,,,2026-11-15T18:00:00Z,96305.91181411667,JAX,TEN,draftkings,DraftKings,2026-09-09T20:53:44Z,21.291153,-135.0,114.0,0.574468085106383,0.4672897196261682,0.04175780473255131,0.448558885283451,JAX,-2.5,-110.0,2.5,-110.0,45.5,-110,-110
2026-09-09T20:54:05Z,SCHEDULED_FULL,28800df7e768ecec14f116454d560f9b,odds_28800df7e768ecec14f116454d560f9b,,,2026-11-15T18:00:00Z,96305.91181411667,JAX,TEN,betus,BetUS,2026-09-09T20:53:51Z,14.291153,,,,,,,,-2.5,-110.0,2.5,-110.0,45.5,-110,-110
2026-09-09T20:54:05Z,SCHEDULED_FULL,6c932a965110f3f89ec4a5f1a6ac256e,odds_6c932a965110f3f89ec4a5f1a6ac256e,,,2026-11-15T21:05:00Z,96490.91181411667,LA,ARI,draftkings,DraftKings,2026-09-09T20:53:44Z,21.291153,-470.0,360.0,0.8245614035087719,0.21739130434782608,0.04195270785659799,0.20863836017569545,LA,-10.5,-110.0,10.5,-110.0,47.5,-110,-110
2026-09-09T20:54:05Z,SCHEDULED_FULL,6079a5cbabf99b265a17edfc92a1da60,odds_6079a5cbabf99b265a17edfc92a1da60,,,2026-11-15T21:05:00Z,96490.91181411667,SEA,LV,draftkings,DraftKings,2026-09-09T20:53:44Z,21.291153,-310.0,250.0,0.7560975609756098,0.2857142857142857,0.04181184668989557,0.27424749163879597,SEA,-7.0,-110.0,7.0,-110.0,43.5,-110,-110
2026-09-09T20:54:05Z,SCHEDULED_FULL,6079a5cbabf99b265a17edfc92a1da60,odds_6079a5cbabf99b265a17edfc92a1da60,,,2026-11-15T21:05:00Z,96490.91181411667,SEA,LV,betus,BetUS,2026-09-09T20:53:51Z,14.291153,,,,,,,,-7.0,-110.0,7.0,-110.0,43.5,-110,-110
2026-09-09T20:54:05Z,SCHEDULED_FULL,7627192fd89b05120ab6c712aa23fd81,odds_7627192fd89b05120ab6c712aa23fd81,,,2026-11-15T21:25:00Z,96510.91181411667,SF,DAL,draftkings,DraftKings,2026-09-09T20:53:44Z,21.291153,100.0,-120.0,0.5,0.5454545454545454,0.045454545454545414,0.5217391304347826,DAL,1.5,-115.0,-1.5,-105.0,52.5,-110,-110
2026-09-09T20:54:05Z,SCHEDULED_FULL,48e497c230e6c9afcb3b600091d28e17,odds_48e497c230e6c9afcb3b600091d28e17,,,2026-11-16T01:20:00Z,96745.91181411667,PIT,CIN,draftkings,DraftKings,2026-09-09T20:53:44Z,21.291153,164.0,-198.0,0.3787878787878788,0.6644295302013423,0.043217408989220996,0.6369041816941223,CIN,3.5,-110.0,-3.5,-110.0,47.5,-110,-110
2026-09-09T20:54:05Z,SCHEDULED_FULL,48e497c230e6c9afcb3b600091d28e17,odds_48e497c230e6c9afcb3b600091d28e17,,,2026-11-16T01:20:00Z,96745.91181411667,PIT,CIN,betus,BetUS,2026-09-09T20:53:51Z,14.291153,,,,,,,,3.5,-110.0,-3.5,-110.0,47.5,-110,-110
2026-09-09T20:54:05Z,SCHEDULED_FULL,35e3bdff558b5d1506251e814986f164,odds_35e3bdff558b5d1506251e814986f164,,,2026-11-17T01:15:00Z,98180.91181411667,LAC,BAL,draftkings,DraftKings,2026-09-09T20:53:44Z,21.291153,150.0,-180.0,0.4,0.6428571428571429,0.04285714285714293,0.6164383561643836,BAL,3.5,-110.0,-3.5,-110.0,47.5,-110,-110
2026-09-09T20:54:05Z,SCHEDULED_FULL,35e3bdff558b5d1506251e814986f164,odds_35e3bdff558b5d1506251e814986f164,,,2026-11-17T01:15:00Z,98180.91181411667,LAC,BAL,betus,BetUS,2026-09-09T20:53:51Z,14.291153,,,,,,,,2.5,-110.0,-2.5,-110.0,48.5,-110,-110
2026-09-09T20:54:05Z,SCHEDULED_FULL,66f9e83cf025d58acee12bce18661fb3,odds_66f9e83cf025d58acee12bce18661fb3,,,2026-11-20T01:15:00Z,102500.91181411667,IND,HOU,draftkings,DraftKings,2026-09-09T20:53:44Z,21.291153,195.0,-238.0,0.3389830508474576,0.7041420118343196,0.04312506268177718,0.6750312469954812,HOU,5.5,-110.0,-5.5,-110.0,45.5,-110,-110
2026-09-09T20:54:05Z,SCHEDULED_FULL,403a88701352da05b0710a9e883b803e,odds_403a88701352da05b0710a9e883b803e,,,2026-11-22T18:00:00Z,106385.91181411667,ARI,KC,draftkings,DraftKings,2026-09-09T20:53:44Z,21.291153,440.0,-600.0,0.18518518518518517,0.8571428571428571,0.042328042328042326,0.8223350253807106,KC,11.5,-110.0,-11.5,-110.0,44.5,-110,-110
2026-09-09T20:54:05Z,SCHEDULED_FULL,403a88701352da05b0710a9e883b803e,odds_403a88701352da05b0710a9e883b803e,,,2026-11-22T18:00:00Z,106385.91181411667,ARI,KC,betus,BetUS,2026-09-09T20:53:51Z,14.291153,,,,,,,,11.5,-110.0,-11.5,-110.0,44.5,-110,-110
2026-09-09T20:54:05Z,SCHEDULED_FULL,4527f57f5bc32742d8194af1ccf7da7e,odds_4527f57f5bc32742d8194af1ccf7da7e,,,2026-11-22T18:00:00Z,106385.91181411667,BAL,CAR,draftkings,DraftKings,2026-09-09T20:53:44Z,21.291153,-218.0,180.0,0.6855345911949685,0.35714285714285715,0.04267744833782561,0.34252477380439467,BAL,-4.5,-110.0,4.5,-110.0,46.5,-110,-110
2026-09-09T20:54:05Z,SCHEDULED_FULL,4527f57f5bc32742d8194af1ccf7da7e,odds_4527f57f5bc32742d8194af1ccf7da7e,,,2026-11-22T18:00:00Z,106385.91181411667,BAL,CAR,betus,BetUS,2026-09-09T20:53:51Z,14.291153,,,,,,,,-4.5,-110.0,4.5,-110.0,46.5,-110,-110
2026-09-09T20:54:05Z,SCHEDULED_FULL,4c5b1c0843a260278e95eb93e7787576,odds_4c5b1c0843a260278e95eb93e7787576,,,2026-11-22T18:00:00Z,106385.91181411667,MIA,BUF,draftkings,DraftKings,2026-09-09T20:53:44Z,21.291153,470.0,-650.0,0.17543859649122806,0.8666666666666667,0.04210526315789487,0.8316498316498315,BUF,11.5,-110.0,-11.5,-110.0,47.5,-110,-110
2026-09-09T20:54:05Z,SCHEDULED_FULL,3ea90704fb576633bd1e2fa5aafd9ea3,odds_3ea90704fb576633bd1e2fa5aafd9ea3,,,2026-11-22T18:00:00Z,106385.91181411667,NO,CHI,draftkings,DraftKings,2026-09-09T20:53:44Z,21.291153,235.0,-290.0,0.29850746268656714,0.7435897435897436,0.04209720627631075,0.7135512302607419,CHI,6.5,-110.0,-6.5,-110.0,46.5,-110,-110
2026-09-09T20:54:05Z,SCHEDULED_FULL,5e63079b678f8c13419adc169fff02d3,odds_5e63079b678f8c13419adc169fff02d3,,,2026-11-22T18:00:00Z,106385.91181411667,TEN,DAL,draftkings,DraftKings,2026-09-09T20:53:44Z,21.291153,230.0,-285.0,0.30303030303030304,0.7402597402597403,0.04329004329004338,0.7095435684647302,DAL,6.5,-110.0,-6.5,-110.0,48.5,-110,-110
2026-09-09T20:54:05Z,SCHEDULED_FULL,41e2dd69bddd65d7e823d9ed61cc2afc,odds_41e2dd69bddd65d7e823d9ed61cc2afc,,,2026-11-22T18:00:00Z,106385.91181411667,TB,DET,draftkings,DraftKings,2026-09-09T20:53:44Z,21.291153,185.0,-225.0,0.3508771929824561,0.6923076923076923,0.04318488529014841,0.6636481241914618,DET,4.5,-110.0,-4.5,-110.0,49.5,-110,-110
2026-09-09T20:54:05Z,SCHEDULED_FULL,8ba112fabf4e87639338a5f437c5abfe,odds_8ba112fabf4e87639338a5f437c5abfe,,,2026-11-22T18:00:00Z,106385.91181411667,JAX,NYG,draftkings,DraftKings,2026-09-09T20:53:44Z,21.291153,-125.0,105.0,0.5555555555555556,0.4878048780487805,0.04336043360433606,0.4675324675324675,JAX,-1.5,-110.0,1.5,-110.0,46.5,-110,-110
2026-09-09T20:54:05Z,SCHEDULED_FULL,4b20b742b6168aaca4f25d87f11b1526,odds_4b20b742b6168aaca4f25d87f11b1526,,,2026-11-22T21:05:00Z,106570.91181411667,NYJ,LAC,draftkings,DraftKings,2026-09-09T20:53:44Z,21.291153,340.0,-440.0,0.22727272727272727,0.8148148148148148,0.04208754208754195,0.7819063004846527,LAC,9.5,-110.0,-9.5,-110.0,41.5,-110,-110
2026-09-09T20:54:05Z,SCHEDULED_FULL,1940706a79cbcbafacdcbf231069716b,odds_1940706a79cbcbafacdcbf231069716b,,,2026-11-22T21:25:00Z,106590.91181411667,LV,DEN,draftkings,DraftKings,2026-09-09T20:53:44Z,21.291153,260.0,-325.0,0.2777777777777778,0.7647058823529411,0.0424836601307188,0.7335423197492164,DEN,7.5,-110.0,-7.5,-110.0,41.5,-110,-110
2026-09-09T20:54:05Z,SCHEDULED_FULL,cbe45bafcc2615fc1d96cbc12840377a,odds_cbe45bafcc2615fc1d96cbc12840377a,,,2026-11-22T21:25:00Z,106590.91181411667,PIT,PHI,draftkings,DraftKings,2026-09-09T20:53:44Z,21.291153,195.0,-238.0,0.3389830508474576,0.7041420118343196,0.04312506268177718,0.6750312469954812,PHI,5.5,-110.0,-5.5,-110.0,42.5,-110,-110
2026-09-09T20:54:05Z,SCHEDULED_FULL,cbe45bafcc2615fc1d96cbc12840377a,odds_cbe45bafcc2615fc1d96cbc12840377a,,,2026-11-22T21:25:00Z,106590.91181411667,PIT,PHI,betus,BetUS,2026-09-09T20:53:51Z,14.291153,,,,,,,,5.5,-110.0,-5.5,-110.0,42.5,-110,-110
2026-09-09T20:54:05Z,SCHEDULED_FULL,60e1d27b083a335b722c2c852ea85612,odds_60e1d27b083a335b722c2c852ea85612,,,2026-11-23T01:20:00Z,106825.91181411667,MIN,SF,draftkings,DraftKings,2026-09-09T20:53:44Z,21.291153,160.0,-192.0,0.38461538461538464,0.6575342465753424,0.04214963119072701,0.6309403437815976,SF,3.5,-110.0,-3.5,-110.0,46.5,-110,-110
2026-09-09T20:54:05Z,SCHEDULED_FULL,60e1d27b083a335b722c2c852ea85612,odds_60e1d27b083a335b722c2c852ea85612,,,2026-11-23T01:20:00Z,106825.91181411667,MIN,SF,betus,BetUS,2026-09-09T20:53:51Z,14.291153,,,,,,,,3.5,-110.0,-3.5,-110.0,46.5,-110,-110
2026-09-09T20:54:05Z,SCHEDULED_FULL,3a60ed1d20004aa4d4772b2c1a2272e7,odds_3a60ed1d20004aa4d4772b2c1a2272e7,,,2026-11-24T01:15:00Z,108260.91181411667,CIN,WAS,draftkings,DraftKings,2026-09-09T20:53:44Z,21.291153,-125.0,105.0,0.5555555555555556,0.4878048780487805,0.04336043360433606,0.4675324675324675,CIN,-1.5,-110.0,1.5,-110.0,52.5,-110,-110
2026-09-09T20:54:05Z,SCHEDULED_FULL,3a60ed1d20004aa4d4772b2c1a2272e7,odds_3a60ed1d20004aa4d4772b2c1a2272e7,,,2026-11-24T01:15:00Z,108260.91181411667,CIN,WAS,betus,BetUS,2026-09-09T20:53:51Z,14.291153,,,,,,,,-1.5,-110.0,1.5,-110.0,52.5,-110,-110
2026-09-09T20:54:05Z,SCHEDULED_FULL,5b612899d6dcdf998107f2c6c6e49a58,odds_5b612899d6dcdf998107f2c6c6e49a58,,,2026-11-26T01:00:00Z,111125.91181411667,GB,LA,draftkings,DraftKings,2026-09-09T20:53:44Z,21.291153,185.0,-225.0,0.3508771929824561,0.6923076923076923,0.04318488529014841,0.6636481241914618,LA,4.5,-105.0,-4.5,-115.0,48.5,-110,-110
2026-09-09T20:54:05Z,SCHEDULED_FULL,9b825e6518156008da499be041975fdd,odds_9b825e6518156008da499be041975fdd,,,2026-11-26T18:00:00Z,112145.91181411667,CHI,DET,draftkings,DraftKings,2026-09-09T20:53:44Z,21.291153,120.0,-142.0,0.45454545454545453,0.5867768595041323,0.04132231404958686,0.5634920634920635,DET,2.5,-105.0,-2.5,-115.0,52.5,-110,-110
2026-09-09T20:54:05Z,SCHEDULED_FULL,ffaa06af56a7137d4b078c5c46c0b730,odds_ffaa06af56a7137d4b078c5c46c0b730,,,2026-11-26T20:30:00Z,112295.91181411667,PHI,DAL,draftkings,DraftKings,2026-09-09T20:53:44Z,21.291153,105.0,-125.0,0.4878048780487805,0.5555555555555556,0.04336043360433606,0.5324675324675325,DAL,1.5,-110.0,-1.5,-110.0,49.5,-110,-110
2026-09-09T20:54:05Z,SCHEDULED_FULL,ffaa06af56a7137d4b078c5c46c0b730,odds_ffaa06af56a7137d4b078c5c46c0b730,,,2026-11-26T20:30:00Z,112295.91181411667,PHI,DAL,betonlineag,BetOnline.ag,2026-09-09T20:53:40Z,25.291153,,,,,,,,1.0,-105.0,-1.0,-115.0,49.5,-115,-105
2026-09-09T20:54:05Z,SCHEDULED_FULL,ffaa06af56a7137d4b078c5c46c0b730,odds_ffaa06af56a7137d4b078c5c46c0b730,,,2026-11-26T20:30:00Z,112295.91181411667,PHI,DAL,lowvig,LowVig.ag,2026-09-09T20:53:42Z,23.291153,,,,,,,,1.0,100.0,-1.0,-110.0,49.5,-113,-102
2026-09-09T20:54:05Z,SCHEDULED_FULL,f36f518585aec40e8cb40e071c0844aa,odds_f36f518585aec40e8cb40e071c0844aa,,,2026-11-27T01:20:00Z,112585.91181411667,KC,BUF,draftkings,DraftKings,2026-09-09T20:53:44Z,21.291153,124.0,-148.0,0.44642857142857145,0.5967741935483871,0.04320276497695863,0.5720596355604638,BUF,2.5,-105.0,-2.5,-115.0,50.5,-110,-110
2026-09-09T20:54:05Z,SCHEDULED_FULL,44a3bcf5bd002583ddef2207a92dd977,odds_44a3bcf5bd002583ddef2207a92dd977,,,2026-11-27T20:00:00Z,113705.91181411667,DEN,PIT,draftkings,DraftKings,2026-09-09T20:53:44Z,21.291153,-122.0,102.0,0.5495495495495496,0.49504950495049505,0.044599054500044755,0.4739134147382802,DEN,-1.5,-110.0,1.5,-110.0,39.5,-110,-110
2026-09-09T20:54:05Z,SCHEDULED_FULL,6a05021bdb6bab24b9bb381ffff10f0c,odds_6a05021bdb6bab24b9bb381ffff10f0c,,,2026-11-29T18:00:00Z,116465.91181411667,ATL,MIN,draftkings,DraftKings,2026-09-09T20:53:44Z,21.291153,180.0,-218.0,0.35714285714285715,0.6855345911949685,0.04267744833782561,0.6574752261956054,MIN,4.5,-110.0,-4.5,-110.0,43.5,-110,-110
2026-09-09T20:54:05Z,SCHEDULED_FULL,60d0c074801985c1062795362a24200e,odds_60d0c074801985c1062795362a24200e,,,2026-11-29T18:00:00Z,116465.91181411667,BAL,HOU,draftkings,DraftKings,2026-09-09T20:53:44Z,21.291153,102.0,-122.0,0.49504950495049505,0.5495495495495496,0.044599054500044755,0.5260865852617197,HOU,1.5,-110.0,-1.5,-110.0,45.5,-110,-110
2026-09-09T20:54:05Z,SCHEDULED_FULL,f7d3ae7a8fe2438cef7d7d7bc67e31db,odds_f7d3ae7a8fe2438cef7d7d7bc67e31db,,,2026-11-29T18:00:00Z,116465.91181411667,NO,CIN,draftkings,DraftKings,2026-09-09T20:53:44Z,21.291153,235.0,-290.0,0.29850746268656714,0.7435897435897436,0.04209720627631075,0.7135512302607419,CIN,6.5,-110.0,-6.5,-110.0,48.5,-110,-110
2026-09-09T20:54:05Z,SCHEDULED_FULL,f7d3ae7a8fe2438cef7d7d7bc67e31db,odds_f7d3ae7a8fe2438cef7d7d7bc67e31db,,,2026-11-29T18:00:00Z,116465.91181411667,NO,CIN,betus,BetUS,2026-09-09T20:53:51Z,14.291153,,,,,,,,6.5,-110.0,-6.5,-110.0,48.5,-110,-110
2026-09-09T20:54:05Z,SCHEDULED_FULL,eaa993c3d62d6b5aeb6142cdd7862fd5,odds_eaa993c3d62d6b5aeb6142cdd7862fd5,,,2026-11-29T18:00:00Z,116465.91181411667,LV,CLE,draftkings,DraftKings,2026-09-09T20:53:44Z,21.291153,102.0,-122.0,0.49504950495049505,0.5495495495495496,0.044599054500044755,0.5260865852617197,CLE,1.5,-110.0,-1.5,-110.0,39.5,-110,-110
2026-09-09T20:54:05Z,SCHEDULED_FULL,e9da808e36e1b7475698a57465ad4519,odds_e9da808e36e1b7475698a57465ad4519,,,2026-11-29T18:00:00Z,116465.91181411667,NYG,IND,draftkings,DraftKings,2026-09-09T20:53:44Z,21.291153,120.0,-142.0,0.45454545454545453,0.5867768595041323,0.04132231404958686,0.5634920634920635,IND,2.5,-110.0,-2.5,-110.0,47.5,-110,-110
2026-09-09T20:54:05Z,SCHEDULED_FULL,81a8fee5b649a3ad5ad59e9528f2f376,odds_81a8fee5b649a3ad5ad59e9528f2f376,,,2026-11-29T18:00:00Z,116465.91181411667,TEN,JAX,draftkings,DraftKings,2026-09-09T20:53:44Z,21.291153,195.0,-238.0,0.3389830508474576,0.7041420118343196,0.04312506268177718,0.6750312469954812,JAX,5.5,-110.0,-5.5,-110.0,45.5,-110,-110
2026-09-09T20:54:05Z,SCHEDULED_FULL,81a8fee5b649a3ad5ad59e9528f2f376,odds_81a8fee5b649a3ad5ad59e9528f2f376,,,2026-11-29T18:00:00Z,116465.91181411667,TEN,JAX,betus,BetUS,2026-09-09T20:53:51Z,14.291153,,,,,,,,5.5,-110.0,-5.5,-110.0,45.5,-110,-110
2026-09-09T20:54:05Z,SCHEDULED_FULL,5ea0e3ea5944b0ad5169f21c0787b331,odds_5ea0e3ea5944b0ad5169f21c0787b331,,,2026-11-29T18:00:00Z,116465.91181411667,NYJ,MIA,draftkings,DraftKings,2026-09-09T20:53:44Z,21.291153,105.0,-125.0,0.4878048780487805,0.5555555555555556,0.04336043360433606,0.5324675324675325,MIA,1.5,-110.0,-1.5,-110.0,40.5,-110,-110
2026-09-09T20:54:05Z,SCHEDULED_FULL,69a1dbe9de3d3212c3a7a55be5d204ab,odds_69a1dbe9de3d3212c3a7a55be5d204ab,,,2026-11-29T21:25:00Z,116670.91181411667,WAS,ARI,draftkings,DraftKings,2026-09-09T20:53:44Z,21.291153,-218.0,180.0,0.6855345911949685,0.35714285714285715,0.04267744833782561,0.34252477380439467,WAS,-4.5,-110.0,4.5,-110.0,47.5,-110,-110
2026-09-09T20:54:05Z,SCHEDULED_FULL,69a1dbe9de3d3212c3a7a55be5d204ab,odds_69a1dbe9de3d3212c3a7a55be5d204ab,,,2026-11-29T21:25:00Z,116670.91181411667,WAS,ARI,betus,BetUS,2026-09-09T20:53:51Z,14.291153,,,,,,,,-4.5,-110.0,4.5,-110.0,47.5,-110,-110
2026-09-09T20:54:05Z,SCHEDULED_FULL,d68dced0b26726890b9c79bd19a5ffe5,odds_d68dced0b26726890b9c79bd19a5ffe5,,,2026-11-29T21:25:00Z,116670.91181411667,SEA,SF,draftkings,DraftKings,2026-09-09T20:53:44Z,21.291153,-110.0,-110.0,0.5238095238095238,0.5238095238095238,0.04761904761904767,0.5,SF,1.5,-125.0,-1.5,105.0,46.5,-110,-110
2026-09-09T20:54:05Z,SCHEDULED_FULL,d68dced0b26726890b9c79bd19a5ffe5,odds_d68dced0b26726890b9c79bd19a5ffe5,,,2026-11-29T21:25:00Z,116670.91181411667,SEA,SF,betus,BetUS,2026-09-09T20:53:51Z,14.291153,,,,,,,,1.5,-120.0,-1.5,100.0,46.5,-110,-110
2026-09-09T20:54:05Z,SCHEDULED_FULL,c64ceba13ede564e8658693e3171e7f9,odds_c64ceba13ede564e8658693e3171e7f9,,,2026-11-30T01:20:00Z,116905.91181411667,NE,LAC,draftkings,DraftKings,2026-09-09T20:53:44Z,21.291153,105.0,-125.0,0.4878048780487805,0.5555555555555556,0.04336043360433606,0.5324675324675325,LAC,1.5,-110.0,-1.5,-110.0,45.5,-110,-110
2026-09-09T20:54:05Z,SCHEDULED_FULL,c64ceba13ede564e8658693e3171e7f9,odds_c64ceba13ede564e8658693e3171e7f9,,,2026-11-30T01:20:00Z,116905.91181411667,NE,LAC,betus,BetUS,2026-09-09T20:53:51Z,14.291153,,,,,,,,2.5,-110.0,-2.5,-110.0,45.5,-110,-110
2026-09-09T20:54:05Z,SCHEDULED_FULL,2cdaecba7c0bff9b58a48a82e6ee17a7,odds_2cdaecba7c0bff9b58a48a82e6ee17a7,,,2026-12-01T01:15:00Z,118340.91181411667,CAR,TB,draftkings,DraftKings,2026-09-09T20:53:44Z,21.291153,160.0,-192.0,0.38461538461538464,0.6575342465753424,0.04214963119072701,0.6309403437815976,TB,3.5,-110.0,-3.5,-110.0,44.5,-110,-110
2026-09-09T20:54:05Z,SCHEDULED_FULL,2cdaecba7c0bff9b58a48a82e6ee17a7,odds_2cdaecba7c0bff9b58a48a82e6ee17a7,,,2026-12-01T01:15:00Z,118340.91181411667,CAR,TB,betus,BetUS,2026-09-09T20:53:51Z,14.291153,,,,,,,,3.5,-110.0,-3.5,-110.0,44.5,-110,-110
2026-09-09T20:54:05Z,SCHEDULED_FULL,06e52a676b516186989e3b181a37c8a7,odds_06e52a676b516186989e3b181a37c8a7,,,2026-12-04T01:15:00Z,122660.91181411667,KC,LA,draftkings,DraftKings,2026-09-09T20:53:44Z,21.291153,170.0,-205.0,0.37037037037037035,0.6721311475409836,0.042501517911353925,0.644729178800233,LA,3.5,-105.0,-3.5,-115.0,47.5,-110,-110
2026-09-09T20:54:05Z,SCHEDULED_FULL,c94419ba8fb818fc36a5b21b526aab75,odds_c94419ba8fb818fc36a5b21b526aab75,,,2026-12-06T18:00:00Z,126545.91181411667,DET,ATL,draftkings,DraftKings,2026-09-09T20:53:44Z,21.291153,-185.0,154.0,0.6491228070175439,0.3937007874015748,0.04282359441911865,0.3775334481388264,DET,-3.5,-110.0,3.5,-110.0,48.5,-110,-110
2026-09-09T20:54:05Z,SCHEDULED_FULL,0236f9aa68d65ea03bd1ca025b749c20,odds_0236f9aa68d65ea03bd1ca025b749c20,,,2026-12-06T18:00:00Z,126545.91181411667,JAX,CHI,draftkings,DraftKings,2026-09-09T20:53:44Z,21.291153,130.0,-155.0,0.43478260869565216,0.6078431372549019,0.04262574595055413,0.5829926410466066,CHI,3.0,-115.0,-3.0,-105.0,47.5,-110,-110
2026-09-09T20:54:05Z,SCHEDULED_FULL,b447fab53534af892f98a74eae26c1c6,odds_b447fab53534af892f98a74eae26c1c6,,,2026-12-06T18:00:00Z,126545.91181411667,CIN,CLE,draftkings,DraftKings,2026-09-09T20:53:44Z,21.291153,-218.0,180.0,0.6855345911949685,0.35714285714285715,0.04267744833782561,0.34252477380439467,CIN,-4.5,-110.0,4.5,-110.0,45.5,-110,-110
2026-09-09T20:54:05Z,SCHEDULED_FULL,9a55467e1cd6310ae2af20d8154612e1,odds_9a55467e1cd6310ae2af20d8154612e1,,,2026-12-06T18:00:00Z,126545.91181411667,MIA,DEN,draftkings,DraftKings,2026-09-09T20:53:44Z,21.291153,350.0,-455.0,0.2222222222222222,0.8198198198198198,0.04204204204204198,0.7867435158501441,DEN,9.5,-110.0,-9.5,-110.0,42.5,-110,-110
2026-09-09T20:54:05Z,SCHEDULED_FULL,1ccb61b811b7aae4270df22a67e6459f,odds_1ccb61b811b7aae4270df22a67e6459f,,,2026-12-06T18:00:00Z,126545.91181411667,GB,NO,draftkings,DraftKings,2026-09-09T20:53:44Z,21.291153,-225.0,185.0,0.6923076923076923,0.3508771929824561,0.04318488529014841,0.33635187580853815,GB,-4.5,-110.0,4.5,-110.0,45.5,-110,-110
2026-09-09T20:54:05Z,SCHEDULED_FULL,1ccb61b811b7aae4270df22a67e6459f,odds_1ccb61b811b7aae4270df22a67e6459f,,,2026-12-06T18:00:00Z,126545.91181411667,GB,NO,betus,BetUS,2026-09-09T20:53:51Z,14.291153,,,,,,,,-4.5,-110.0,4.5,-110.0,45.5,-110,-110
2026-09-09T20:54:05Z,SCHEDULED_FULL,f8a92363386bd337975650879086cca6,odds_f8a92363386bd337975650879086cca6,,,2026-12-06T18:00:00Z,126545.91181411667,LAC,TB,draftkings,DraftKings,2026-09-09T20:53:44Z,21.291153,-142.0,120.0,0.5867768595041323,0.45454545454545453,0.04132231404958686,0.43650793650793646,LAC,-2.5,-110.0,2.5,-110.0,46.5,-110,-110
2026-09-09T20:54:05Z,SCHEDULED_FULL,f8a92363386bd337975650879086cca6,odds_f8a92363386bd337975650879086cca6,,,2026-12-06T18:00:00Z,126545.91181411667,LAC,TB,betus,BetUS,2026-09-09T20:53:51Z,14.291153,,,,,,,,-1.5,-110.0,1.5,-110.0,46.5,-110,-110
2026-09-09T20:54:05Z,SCHEDULED_FULL,a5495c3360b3bb13da76ba23a675c9ef,odds_a5495c3360b3bb13da76ba23a675c9ef,,,2026-12-06T18:00:00Z,126545.91181411667,SF,NYG,draftkings,DraftKings,2026-09-09T20:53:44Z,21.291153,-166.0,140.0,0.6240601503759399,0.4166666666666667,0.0407268170426065,0.4003612281757977,SF,-3.0,-110.0,3.0,-110.0,47.5,-110,-110
2026-09-09T20:54:05Z,SCHEDULED_FULL,ae3429e95ee704c7fd001cade20072d0,odds_ae3429e95ee704c7fd001cade20072d0,,,2026-12-06T18:00:00Z,126545.91181411667,WAS,TEN,draftkings,DraftKings,2026-09-09T20:53:44Z,21.291153,-125.0,105.0,0.5555555555555556,0.4878048780487805,0.04336043360433606,0.4675324675324675,WAS,-1.5,-110.0,1.5,-110.0,46.5,-110,-110
2026-09-09T20:54:05Z,SCHEDULED_FULL,ae3429e95ee704c7fd001cade20072d0,odds_ae3429e95ee704c7fd001cade20072d0,,,2026-12-06T18:00:00Z,126545.91181411667,WAS,TEN,betus,BetUS,2026-09-09T20:53:51Z,14.291153,,,,,,,,-1.5,100.0,1.5,-120.0,46.5,-110,-110
2026-09-09T20:54:05Z,SCHEDULED_FULL,f4897f48a5351881280f7598bd826408,odds_f4897f48a5351881280f7598bd826408,,,2026-12-06T21:05:00Z,126730.91181411667,PHI,ARI,draftkings,DraftKings,2026-09-09T20:53:44Z,21.291153,-395.0,310.0,0.797979797979798,0.24390243902439024,0.04188223700418825,0.23409789548356585,PHI,-8.5,-110.0,8.5,-110.0,43.5,-110,-110
2026-09-09T20:54:05Z,SCHEDULED_FULL,f4897f48a5351881280f7598bd826408,odds_f4897f48a5351881280f7598bd826408,,,2026-12-06T21:05:00Z,126730.91181411667,PHI,ARI,betus,BetUS,2026-09-09T20:53:51Z,14.291153,,,,,,,,-8.5,-110.0,8.5,-110.0,43.5,-110,-110
2026-09-09T20:54:05Z,SCHEDULED_FULL,4116dbff75ab7957b69c2152f204b74d,odds_4116dbff75ab7957b69c2152f204b74d,,,2026-12-06T21:25:00Z,126750.91181411667,BUF,NE,draftkings,DraftKings,2026-09-09T20:53:44Z,21.291153,102.0,-122.0,0.49504950495049505,0.5495495495495496,0.044599054500044755,0.5260865852617197,NE,1.5,-112.0,-1.5,-108.0,48.5,-110,-110
2026-09-09T20:54:05Z,SCHEDULED_FULL,c186c605febd6370b292469c9151cfb3,odds_c186c605febd6370b292469c9151cfb3,,,2026-12-06T21:25:00Z,126750.91181411667,CAR,MIN,draftkings,DraftKings,2026-09-09T20:53:44Z,21.291153,160.0,-192.0,0.38461538461538464,0.6575342465753424,0.04214963119072701,0.6309403437815976,MIN,3.5,-110.0,-3.5,-110.0,42.5,-110,-110
2026-09-09T20:54:05Z,SCHEDULED_FULL,c186c605febd6370b292469c9151cfb3,odds_c186c605febd6370b292469c9151cfb3,,,2026-12-06T21:25:00Z,126750.91181411667,CAR,MIN,betus,BetUS,2026-09-09T20:53:51Z,14.291153,,,,,,,,3.5,-110.0,-3.5,-110.0,42.5,-110,-110
2026-09-09T20:54:05Z,SCHEDULED_FULL,26bf8e165d2d273ed0772a355f07ab16,odds_26bf8e165d2d273ed0772a355f07ab16,,,2026-12-07T01:20:00Z,126985.91181411667,HOU,PIT,draftkings,DraftKings,2026-09-09T20:53:44Z,21.291153,-125.0,105.0,0.5555555555555556,0.4878048780487805,0.04336043360433606,0.4675324675324675,HOU,-1.5,-110.0,1.5,-110.0,41.5,-110,-110
2026-09-09T20:54:05Z,SCHEDULED_FULL,0db4646c964ecdff19957373fe707546,odds_0db4646c964ecdff19957373fe707546,,,2026-12-08T01:15:00Z,128420.91181411667,DAL,SEA,draftkings,DraftKings,2026-09-09T20:53:44Z,21.291153,185.0,-225.0,0.3508771929824561,0.6923076923076923,0.04318488529014841,0.6636481241914618,SEA,4.5,-110.0,-4.5,-110.0,48.5,-110,-110
2026-09-09T20:54:05Z,SCHEDULED_FULL,01548e41e7ba5318bb25c9bc2a32f73d,odds_01548e41e7ba5318bb25c9bc2a32f73d,,,2026-12-11T01:15:00Z,132740.91181411667,MIN,NE,draftkings,DraftKings,2026-09-09T20:53:44Z,21.291153,180.0,-218.0,0.35714285714285715,0.6855345911949685,0.04267744833782561,0.6574752261956054,NE,4.5,-110.0,-4.5,-110.0,43.5,-110,-110
2026-09-09T20:54:05Z,SCHEDULED_FULL,01548e41e7ba5318bb25c9bc2a32f73d,odds_01548e41e7ba5318bb25c9bc2a32f73d,,,2026-12-11T01:15:00Z,132740.91181411667,MIN,NE,betus,BetUS,2026-09-09T20:53:51Z,14.291153,,,,,,,,4.5,-110.0,-4.5,-110.0,43.5,-110,-110
2026-09-09T20:54:05Z,SCHEDULED_FULL,f7fba6b1804e02292ee0ce4738484258,odds_f7fba6b1804e02292ee0ce4738484258,,,2026-12-13T18:00:00Z,136625.91181411667,ATL,CLE,draftkings,DraftKings,2026-09-09T20:53:44Z,21.291153,105.0,-125.0,0.4878048780487805,0.5555555555555556,0.04336043360433606,0.5324675324675325,CLE,1.5,-110.0,-1.5,-110.0,40.5,-110,-110
2026-09-09T20:54:05Z,SCHEDULED_FULL,bec99e2f2b4c80e345731d69ee38d831,odds_bec99e2f2b4c80e345731d69ee38d831,,,2026-12-13T18:00:00Z,136625.91181411667,TB,BAL,draftkings,DraftKings,2026-09-09T20:53:44Z,21.291153,210.0,-258.0,0.3225806451612903,0.7206703910614525,0.043251036222742734,0.690792883054068,BAL,6.0,-110.0,-6.0,-110.0,48.5,-110,-110
2026-09-09T20:54:05Z,SCHEDULED_FULL,bec99e2f2b4c80e345731d69ee38d831,odds_bec99e2f2b4c80e345731d69ee38d831,,,2026-12-13T18:00:00Z,136625.91181411667,TB,BAL,betus,BetUS,2026-09-09T20:53:51Z,14.291153,,,,,,,,6.0,-110.0,-6.0,-110.0,48.5,-110,-110
2026-09-09T20:54:05Z,SCHEDULED_FULL,dcc7b377d3b3ec990304612bbef47d3d,odds_dcc7b377d3b3ec990304612bbef47d3d,,,2026-12-13T18:00:00Z,136625.91181411667,NO,CAR,draftkings,DraftKings,2026-09-09T20:53:44Z,21.291153,120.0,-142.0,0.45454545454545453,0.5867768595041323,0.04132231404958686,0.5634920634920635,CAR,2.5,-110.0,-2.5,-110.0,43.5,-110,-110
2026-09-09T20:54:05Z,SCHEDULED_FULL,dcc7b377d3b3ec990304612bbef47d3d,odds_dcc7b377d3b3ec990304612bbef47d3d,,,2026-12-13T18:00:00Z,136625.91181411667,NO,CAR,betus,BetUS,2026-09-09T20:53:51Z,14.291153,,,,,,,,2.5,-110.0,-2.5,-110.0,43.5,-110,-110
2026-09-09T20:54:05Z,SCHEDULED_FULL,2c6added7199a59f1e9dae8492c29da4,odds_2c6added7199a59f1e9dae8492c29da4,,,2026-12-13T18:00:00Z,136625.91181411667,CHI,MIA,draftkings,DraftKings,2026-09-09T20:53:44Z,21.291153,-245.0,200.0,0.7101449275362319,0.3333333333333333,0.04347826086956519,0.3194444444444444,CHI,-5.5,-110.0,5.5,-110.0,46.5,-110,-110
2026-09-09T20:54:05Z,SCHEDULED_FULL,5185ace33aebc87d39074147940f2fa5,odds_5185ace33aebc87d39074147940f2fa5,,,2026-12-13T18:00:00Z,136625.91181411667,DEN,NYJ,draftkings,DraftKings,2026-09-09T20:53:44Z,21.291153,-230.0,190.0,0.696969696969697,0.3448275862068966,0.04179728317659359,0.33099297893681046,DEN,-5.5,-110.0,5.5,-110.0,39.5,-110,-110
2026-09-09T20:54:05Z,SCHEDULED_FULL,a31f461ccd92e1072f23ccfae281ae9a,odds_a31f461ccd92e1072f23ccfae281ae9a,,,2026-12-13T18:00:00Z,136625.91181411667,TEN,DET,draftkings,DraftKings,2026-09-09T20:53:44Z,21.291153,285.0,-360.0,0.2597402597402597,0.782608695652174,0.04234895539243366,0.7508125677139762,DET,7.5,-110.0,-7.5,-110.0,47.5,-110,-110
2026-09-09T20:54:05Z,SCHEDULED_FULL,5dc9cb8fba610d682dc670ae4e7d59f3,odds_5dc9cb8fba610d682dc670ae4e7d59f3,,,2026-12-13T18:00:00Z,136625.91181411667,HOU,WAS,draftkings,DraftKings,2026-09-09T20:53:44Z,21.291153,-122.0,102.0,0.5495495495495496,0.49504950495049505,0.044599054500044755,0.4739134147382802,HOU,-1.5,-110.0,1.5,-110.0,44.5,-110,-110
2026-09-09T20:54:05Z,SCHEDULED_FULL,45203f985f8d1567ad19b0617dd267f8,odds_45203f985f8d1567ad19b0617dd267f8,,,2026-12-13T18:00:00Z,136625.91181411667,IND,PHI,draftkings,DraftKings,2026-09-09T20:53:44Z,21.291153,200.0,-245.0,0.3333333333333333,0.7101449275362319,0.04347826086956519,0.6805555555555556,PHI,5.5,-110.0,-5.5,-110.0,46.5,-110,-110
2026-09-09T20:54:05Z,SCHEDULED_FULL,45203f985f8d1567ad19b0617dd267f8,odds_45203f985f8d1567ad19b0617dd267f8,,,2026-12-13T18:00:00Z,136625.91181411667,IND,PHI,betus,BetUS,2026-09-09T20:53:51Z,14.291153,,,,,,,,5.5,-110.0,-5.5,-110.0,46.5,-110,-110
2026-09-09T20:54:05Z,SCHEDULED_FULL,484c491dc1dee090d740ba077b7d9709,odds_484c491dc1dee090d740ba077b7d9709,,,2026-12-13T21:05:00Z,136810.91181411667,LAC,LV,draftkings,DraftKings,2026-09-09T20:53:44Z,21.291153,-225.0,185.0,0.6923076923076923,0.3508771929824561,0.04318488529014841,0.33635187580853815,LAC,-5.5,-110.0,5.5,-110.0,43.5,-110,-110
2026-09-09T20:54:05Z,SCHEDULED_FULL,180b5fa7ea6bd0d2d9ddb9ba5ee38cc0,odds_180b5fa7ea6bd0d2d9ddb9ba5ee38cc0,,,2026-12-13T21:25:00Z,136830.91181411667,KC,CIN,draftkings,DraftKings,2026-09-09T20:53:44Z,21.291153,105.0,-125.0,0.4878048780487805,0.5555555555555556,0.04336043360433606,0.5324675324675325,CIN,1.5,-110.0,-1.5,-110.0,48.5,-110,-110
2026-09-09T20:54:05Z,SCHEDULED_FULL,180b5fa7ea6bd0d2d9ddb9ba5ee38cc0,odds_180b5fa7ea6bd0d2d9ddb9ba5ee38cc0,,,2026-12-13T21:25:00Z,136830.91181411667,KC,CIN,betus,BetUS,2026-09-09T20:53:51Z,14.291153,,,,,,,,1.5,-120.0,-1.5,100.0,48.5,-110,-110
2026-09-09T20:54:05Z,SCHEDULED_FULL,6174916c7e2df8d1b80a88cfbd259d44,odds_6174916c7e2df8d1b80a88cfbd259d44,,,2026-12-13T21:25:00Z,136830.91181411667,LA,SF,draftkings,DraftKings,2026-09-09T20:53:44Z,21.291153,-130.0,110.0,0.5652173913043478,0.47619047619047616,0.04140786749482395,0.4572564612326044,LA,-1.5,-115.0,1.5,-105.0,49.5,-110,-110
2026-09-09T20:54:05Z,SCHEDULED_FULL,f5ab9d8455daf9e2a6c4c443fe0cd19f,odds_f5ab9d8455daf9e2a6c4c443fe0cd19f,,,2026-12-13T21:25:00Z,136830.91181411667,NYG,SEA,draftkings,DraftKings,2026-09-09T20:53:44Z,21.291153,295.0,-375.0,0.25316455696202533,0.7894736842105263,0.04263824117255166,0.7571884984025559,SEA,7.5,-110.0,-7.5,-110.0,45.5,-110,-110
2026-09-09T20:54:05Z,SCHEDULED_FULL,c4877c048defcb80e0ab37c0688f37f6,odds_c4877c048defcb80e0ab37c0688f37f6,,,2026-12-14T01:20:00Z,137065.91181411667,BUF,GB,draftkings,DraftKings,2026-09-09T20:53:44Z,21.291153,105.0,-125.0,0.4878048780487805,0.5555555555555556,0.04336043360433606,0.5324675324675325,GB,1.5,-110.0,-1.5,-110.0,49.5,-110,-110
2026-09-09T20:54:05Z,SCHEDULED_FULL,690e2ee2ed5f0875f7cbaecdc51373f5,odds_690e2ee2ed5f0875f7cbaecdc51373f5,,,2026-12-15T01:15:00Z,138500.91181411667,PIT,JAX,draftkings,DraftKings,2026-09-09T20:53:44Z,21.291153,136.0,-162.0,0.423728813559322,0.6183206106870229,0.042049424246344946,0.593369754159424,JAX,3.0,-110.0,-3.0,-110.0,44.5,-110,-110
2026-09-09T20:54:05Z,SCHEDULED_FULL,690e2ee2ed5f0875f7cbaecdc51373f5,odds_690e2ee2ed5f0875f7cbaecdc51373f5,,,2026-12-15T01:15:00Z,138500.91181411667,PIT,JAX,betus,BetUS,2026-09-09T20:53:51Z,14.291153,,,,,,,,3.0,-110.0,-3.0,-110.0,44.5,-110,-110
2026-09-09T20:54:05Z,SCHEDULED_FULL,790af233087803c297861901ffa271d7,odds_790af233087803c297861901ffa271d7,,,2026-12-18T01:15:00Z,142820.91181411667,SF,LAC,draftkings,DraftKings,2026-09-09T20:53:44Z,21.291153,120.0,-142.0,0.45454545454545453,0.5867768595041323,0.04132231404958686,0.5634920634920635,LAC,2.5,-110.0,-2.5,-110.0,47.5,-110,-110
2026-09-09T20:54:05Z,SCHEDULED_FULL,790af233087803c297861901ffa271d7,odds_790af233087803c297861901ffa271d7,,,2026-12-18T01:15:00Z,142820.91181411667,SF,LAC,betus,BetUS,2026-09-09T20:53:51Z,14.291153,,,,,,,,2.5,-110.0,-2.5,-110.0,47.5,-110,-110
2026-09-09T20:54:05Z,SCHEDULED_FULL,171aba127aaad3dcbe32a02fc194eb32,odds_171aba127aaad3dcbe32a02fc194eb32,,,2026-12-19T22:00:00Z,145505.91181411667,SEA,PHI,draftkings,DraftKings,2026-09-09T20:53:44Z,21.291153,105.0,-125.0,0.4878048780487805,0.5555555555555556,0.04336043360433606,0.5324675324675325,PHI,1.5,-110.0,-1.5,-110.0,43.5,-110,-110
2026-09-09T20:54:05Z,SCHEDULED_FULL,171aba127aaad3dcbe32a02fc194eb32,odds_171aba127aaad3dcbe32a02fc194eb32,,,2026-12-19T22:00:00Z,145505.91181411667,SEA,PHI,betus,BetUS,2026-09-09T20:53:51Z,14.291153,,,,,,,,1.5,-120.0,-1.5,100.0,43.5,-110,-110
2026-09-09T20:54:05Z,SCHEDULED_FULL,784568b1df055bf7eb8780c110d5e910,odds_784568b1df055bf7eb8780c110d5e910,,,2026-12-20T01:20:00Z,145705.91181411667,CHI,BUF,draftkings,DraftKings,2026-09-09T20:53:44Z,21.291153,154.0,-185.0,0.3937007874015748,0.6491228070175439,0.04282359441911865,0.6224665518611737,BUF,3.5,-110.0,-3.5,-110.0,51.5,-110,-110
2026-09-09T20:54:05Z,SCHEDULED_FULL,5931eee49f5f2656a5344e1388a68816,odds_5931eee49f5f2656a5344e1388a68816,,,2026-12-20T18:00:00Z,146705.91181411667,ATL,WAS,draftkings,DraftKings,2026-09-09T20:53:44Z,21.291153,154.0,-185.0,0.3937007874015748,0.6491228070175439,0.04282359441911865,0.6224665518611737,WAS,3.5,-110.0,-3.5,-110.0,46.5,-110,-110
2026-09-09T20:54:05Z,SCHEDULED_FULL,2f4b1899c1c278947920e0254b682d90,odds_2f4b1899c1c278947920e0254b682d90,,,2026-12-20T18:00:00Z,146705.91181411667,BAL,PIT,draftkings,DraftKings,2026-09-09T20:53:44Z,21.291153,-148.0,124.0,0.5967741935483871,0.44642857142857145,0.04320276497695863,0.42794036443953615,BAL,-2.5,-120.0,2.5,100.0,46.5,-110,-110
2026-09-09T20:54:05Z,SCHEDULED_FULL,2f4b1899c1c278947920e0254b682d90,odds_2f4b1899c1c278947920e0254b682d90,,,2026-12-20T18:00:00Z,146705.91181411667,BAL,PIT,betus,BetUS,2026-09-09T20:53:51Z,14.291153,,,,,,,,-2.5,-110.0,2.5,-110.0,45.5,-110,-110
2026-09-09T20:54:05Z,SCHEDULED_FULL,000fc688beb4fc004ecdad115d9adb1c,odds_000fc688beb4fc004ecdad115d9adb1c,,,2026-12-20T18:00:00Z,146705.91181411667,CIN,CAR,draftkings,DraftKings,2026-09-09T20:53:44Z,21.291153,-148.0,124.0,0.5967741935483871,0.44642857142857145,0.04320276497695863,0.42794036443953615,CIN,-2.5,-120.0,2.5,100.0,47.5,-110,-110
2026-09-09T20:54:05Z,SCHEDULED_FULL,000fc688beb4fc004ecdad115d9adb1c,odds_000fc688beb4fc004ecdad115d9adb1c,,,2026-12-20T18:00:00Z,146705.91181411667,CIN,CAR,betus,BetUS,2026-09-09T20:53:51Z,14.291153,,,,,,,,-2.5,-110.0,2.5,-110.0,47.5,-110,-110
2026-09-09T20:54:05Z,SCHEDULED_FULL,1cb23c83ae4af84cffcdae6b31d06e83,odds_1cb23c83ae4af84cffcdae6b31d06e83,,,2026-12-20T18:00:00Z,146705.91181411667,CLE,NYG,draftkings,DraftKings,2026-09-09T20:53:44Z,21.291153,180.0,-218.0,0.35714285714285715,0.6855345911949685,0.04267744833782561,0.6574752261956054,NYG,4.5,-110.0,-4.5,-110.0,40.5,-110,-110
2026-09-09T20:54:05Z,SCHEDULED_FULL,99719df35bc2efdcc72096f865ed8841,odds_99719df35bc2efdcc72096f865ed8841,,,2026-12-20T18:00:00Z,146705.91181411667,MIA,GB,draftkings,DraftKings,2026-09-09T20:53:44Z,21.291153,470.0,-650.0,0.17543859649122806,0.8666666666666667,0.04210526315789487,0.8316498316498315,GB,10.5,-110.0,-10.5,-110.0,45.5,-110,-110
2026-09-09T20:54:05Z,SCHEDULED_FULL,29211b6e78461220a2833184233f70e5,odds_29211b6e78461220a2833184233f70e5,,,2026-12-20T18:00:00Z,146705.91181411667,JAX,HOU,draftkings,DraftKings,2026-09-09T20:53:44Z,21.291153,136.0,-162.0,0.423728813559322,0.6183206106870229,0.042049424246344946,0.593369754159424,HOU,3.0,-110.0,-3.0,-110.0,43.5,-110,-110
2026-09-09T20:54:05Z,SCHEDULED_FULL,3b696c07ff6a1ef461d023a73db17584,odds_3b696c07ff6a1ef461d023a73db17584,,,2026-12-20T18:00:00Z,146705.91181411667,IND,TEN,draftkings,DraftKings,2026-09-09T20:53:44Z,21.291153,-125.0,105.0,0.5555555555555556,0.4878048780487805,0.04336043360433606,0.4675324675324675,IND,-1.5,-110.0,1.5,-110.0,47.5,-110,-110
2026-09-09T20:54:05Z,SCHEDULED_FULL,3b696c07ff6a1ef461d023a73db17584,odds_3b696c07ff6a1ef461d023a73db17584,,,2026-12-20T18:00:00Z,146705.91181411667,IND,TEN,betus,BetUS,2026-09-09T20:53:51Z,14.291153,,,,,,,,-1.5,-110.0,1.5,-110.0,47.5,-110,-110
2026-09-09T20:54:05Z,SCHEDULED_FULL,e15a91cebf3480ff0b93b4fbacb09797,odds_e15a91cebf3480ff0b93b4fbacb09797,,,2026-12-20T18:00:00Z,146705.91181411667,NO,TB,draftkings,DraftKings,2026-09-09T20:53:44Z,21.291153,164.0,-198.0,0.3787878787878788,0.6644295302013423,0.043217408989220996,0.6369041816941223,TB,3.5,-110.0,-3.5,-110.0,45.5,-110,-110
2026-09-09T20:54:05Z,SCHEDULED_FULL,e15a91cebf3480ff0b93b4fbacb09797,odds_e15a91cebf3480ff0b93b4fbacb09797,,,2026-12-20T18:00:00Z,146705.91181411667,NO,TB,betus,BetUS,2026-09-09T20:53:51Z,14.291153,,,,,,,,3.5,-105.0,-3.5,-115.0,45.5,-110,-110
2026-09-09T20:54:05Z,SCHEDULED_FULL,d8cd12e7684fa2aa39f5b188ef6e62e0,odds_d8cd12e7684fa2aa39f5b188ef6e62e0,,,2026-12-20T21:05:00Z,146890.91181411667,NYJ,ARI,draftkings,DraftKings,2026-09-09T20:53:44Z,21.291153,-110.0,-110.0,0.5238095238095238,0.5238095238095238,0.04761904761904767,0.5,ARI,-1.5,102.0,1.5,-122.0,41.5,-110,-110
2026-09-09T20:54:05Z,SCHEDULED_FULL,77396e9d565860fbfd05779028223a8a,odds_77396e9d565860fbfd05779028223a8a,,,2026-12-20T21:25:00Z,146910.91181411667,DAL,LA,draftkings,DraftKings,2026-09-09T20:53:44Z,21.291153,200.0,-245.0,0.3333333333333333,0.7101449275362319,0.04347826086956519,0.6805555555555556,LA,6.0,-112.0,-6.0,-108.0,52.5,-110,-110
2026-09-09T20:54:05Z,SCHEDULED_FULL,9f507007b9c0a7082c1471a5fa841336,odds_9f507007b9c0a7082c1471a5fa841336,,,2026-12-20T21:25:00Z,146910.91181411667,DEN,LV,draftkings,DraftKings,2026-09-09T20:53:44Z,21.291153,-218.0,180.0,0.6855345911949685,0.35714285714285715,0.04267744833782561,0.34252477380439467,DEN,-4.5,-110.0,4.5,-110.0,41.5,-110,-110
2026-09-09T20:54:05Z,SCHEDULED_FULL,b34897a0368d570291d44e176c0c2331,odds_b34897a0368d570291d44e176c0c2331,,,2026-12-21T01:20:00Z,147145.91181411667,DET,MIN,draftkings,DraftKings,2026-09-09T20:53:44Z,21.291153,-122.0,102.0,0.5495495495495496,0.49504950495049505,0.044599054500044755,0.4739134147382802,DET,-1.5,-110.0,1.5,-110.0,46.5,-110,-110
2026-09-09T20:54:05Z,SCHEDULED_FULL,b2759105c27a25289ea1938f290c50fd,odds_b2759105c27a25289ea1938f290c50fd,,,2026-12-22T01:15:00Z,148580.91181411667,NE,KC,draftkings,DraftKings,2026-09-09T20:53:44Z,21.291153,120.0,-142.0,0.45454545454545453,0.5867768595041323,0.04132231404958686,0.5634920634920635,KC,2.5,-110.0,-2.5,-110.0,45.5,-110,-110
2026-09-09T20:54:05Z,SCHEDULED_FULL,b2759105c27a25289ea1938f290c50fd,odds_b2759105c27a25289ea1938f290c50fd,,,2026-12-22T01:15:00Z,148580.91181411667,NE,KC,betus,BetUS,2026-09-09T20:53:51Z,14.291153,,,,,,,,2.5,-110.0,-2.5,-110.0,45.5,-110,-110
2026-09-09T20:54:05Z,SCHEDULED_FULL,3f226ec5402c6ec4d84a59be80c2fa67,odds_3f226ec5402c6ec4d84a59be80c2fa67,,,2026-12-25T01:15:00Z,152900.91181411667,HOU,PHI,draftkings,DraftKings,2026-09-09T20:53:44Z,21.291153,114.0,-135.0,0.4672897196261682,0.574468085106383,0.04175780473255131,0.551441114716549,PHI,2.5,-112.0,-2.5,-108.0,37.5,-110,-110
2026-09-09T20:54:05Z,SCHEDULED_FULL,2828c07018dfafbe96aba205809cc7ac,odds_2828c07018dfafbe96aba205809cc7ac,,,2026-12-25T18:00:00Z,153905.91181411667,GB,CHI,draftkings,DraftKings,2026-09-09T20:53:44Z,21.291153,-102.0,-118.0,0.504950495049505,0.5412844036697247,0.04623489871922981,0.5173641257162701,CHI,1.5,-115.0,-1.5,-105.0,47.5,-110,-110
2026-09-09T20:54:05Z,SCHEDULED_FULL,126f27c71e8130ef87de0d137e833d9b,odds_126f27c71e8130ef87de0d137e833d9b,,,2026-12-25T21:30:00Z,154115.91181411667,BUF,DEN,draftkings,DraftKings,2026-09-09T20:53:44Z,21.291153,-130.0,110.0,0.5652173913043478,0.47619047619047616,0.04140786749482395,0.4572564612326044,BUF,-1.5,-115.0,1.5,-105.0,46.5,-110,-110
2026-09-09T20:54:05Z,SCHEDULED_FULL,f1af9705dbd2bbe4f1555f080ad06ba2,odds_f1af9705dbd2bbe4f1555f080ad06ba2,,,2026-12-26T01:15:00Z,154340.91181411667,LA,SEA,draftkings,DraftKings,2026-09-09T20:53:44Z,21.291153,110.0,-130.0,0.47619047619047616,0.5652173913043478,0.04140786749482395,0.5427435387673957,SEA,1.5,-105.0,-1.5,-115.0,47.5,-110,-110
2026-09-09T20:54:05Z,SCHEDULED_FULL,8fd00347b6d77ce384d83cba814430d7,odds_8fd00347b6d77ce384d83cba814430d7,,,2026-12-27T18:00:00Z,156785.91181411667,ARI,NO,draftkings,DraftKings,2026-09-09T20:53:44Z,21.291153,205.0,-250.0,0.32786885245901637,0.7142857142857143,0.042154566744730726,0.6853932584269663,NO,5.5,-110.0,-5.5,-110.0,44.5,-110,-110
2026-09-09T20:54:05Z,SCHEDULED_FULL,8fd00347b6d77ce384d83cba814430d7,odds_8fd00347b6d77ce384d83cba814430d7,,,2026-12-27T18:00:00Z,156785.91181411667,ARI,NO,betus,BetUS,2026-09-09T20:53:51Z,14.291153,,,,,,,,5.5,-110.0,-5.5,-110.0,44.5,-110,-110
2026-09-09T20:54:05Z,SCHEDULED_FULL,bd13d00f06ad222b0a1b6ea4d0add763,odds_bd13d00f06ad222b0a1b6ea4d0add763,,,2026-12-27T18:00:00Z,156785.91181411667,TB,ATL,draftkings,DraftKings,2026-09-09T20:53:44Z,21.291153,-125.0,105.0,0.5555555555555556,0.4878048780487805,0.04336043360433606,0.4675324675324675,TB,-1.5,-110.0,1.5,-110.0,45.5,-110,-110
2026-09-09T20:54:05Z,SCHEDULED_FULL,0f23afce92c2f0af28973c0a7533763e,odds_0f23afce92c2f0af28973c0a7533763e,,,2026-12-27T18:00:00Z,156785.91181411667,CLE,BAL,draftkings,DraftKings,2026-09-09T20:53:44Z,21.291153,330.0,-425.0,0.23255813953488372,0.8095238095238095,0.042081949058693224,0.7768331562167907,BAL,10.0,-110.0,-10.0,-110.0,43.5,-110,-110
2026-09-09T20:54:05Z,SCHEDULED_FULL,0f23afce92c2f0af28973c0a7533763e,odds_0f23afce92c2f0af28973c0a7533763e,,,2026-12-27T18:00:00Z,156785.91181411667,CLE,BAL,betus,BetUS,2026-09-09T20:53:51Z,14.291153,,,,,,,,9.5,-110.0,-9.5,-110.0,43.5,-110,-110
2026-09-09T20:54:05Z,SCHEDULED_FULL,74cb0e112d069cdbda1671ae85531f43,odds_74cb0e112d069cdbda1671ae85531f43,,,2026-12-27T18:00:00Z,156785.91181411667,CAR,PIT,draftkings,DraftKings,2026-09-09T20:53:44Z,21.291153,160.0,-192.0,0.38461538461538464,0.6575342465753424,0.04214963119072701,0.6309403437815976,PIT,3.5,-110.0,-3.5,-110.0,41.5,-110,-110
2026-09-09T20:54:05Z,SCHEDULED_FULL,74cb0e112d069cdbda1671ae85531f43,odds_74cb0e112d069cdbda1671ae85531f43,,,2026-12-27T18:00:00Z,156785.91181411667,CAR,PIT,betus,BetUS,2026-09-09T20:53:51Z,14.291153,,,,,,,,3.5,-110.0,-3.5,-110.0,41.5,-110,-110
2026-09-09T20:54:05Z,SCHEDULED_FULL,ca8982dccb6c3ae01525800317287f02,odds_ca8982dccb6c3ae01525800317287f02,,,2026-12-27T18:00:00Z,156785.91181411667,CIN,IND,draftkings,DraftKings,2026-09-09T20:53:44Z,21.291153,-125.0,105.0,0.5555555555555556,0.4878048780487805,0.04336043360433606,0.4675324675324675,CIN,-1.5,-110.0,1.5,-110.0,52.5,-110,-110
2026-09-09T20:54:05Z,SCHEDULED_FULL,ca8982dccb6c3ae01525800317287f02,odds_ca8982dccb6c3ae01525800317287f02,,,2026-12-27T18:00:00Z,156785.91181411667,CIN,IND,betus,BetUS,2026-09-09T20:53:51Z,14.291153,,,,,,,,-1.5,-110.0,1.5,-110.0,52.5,-110,-110
2026-09-09T20:54:05Z,SCHEDULED_FULL,29425f5c68826d615277cf9be2b82e00,odds_29425f5c68826d615277cf9be2b82e00,,,2026-12-27T18:00:00Z,156785.91181411667,TEN,LV,draftkings,DraftKings,2026-09-09T20:53:44Z,21.291153,105.0,-125.0,0.4878048780487805,0.5555555555555556,0.04336043360433606,0.5324675324675325,LV,1.5,-110.0,-1.5,-110.0,42.5,-110,-110
2026-09-09T20:54:05Z,SCHEDULED_FULL,fe2eb511d4c2da3a8e88b85b4f4e9f7e,odds_fe2eb511d4c2da3a8e88b85b4f4e9f7e,,,2026-12-27T18:00:00Z,156785.91181411667,LAC,MIA,draftkings,DraftKings,2026-09-09T20:53:44Z,21.291153,-360.0,285.0,0.782608695652174,0.2597402597402597,0.04234895539243366,0.2491874322860238,LAC,-7.0,-112.0,7.0,-108.0,45.5,-110,-110
2026-09-09T20:54:05Z,SCHEDULED_FULL,cf5cefa5556bcd0156bd394171ef6c8e,odds_cf5cefa5556bcd0156bd394171ef6c8e,,,2026-12-27T18:00:00Z,156785.91181411667,WAS,MIN,draftkings,DraftKings,2026-09-09T20:53:44Z,21.291153,120.0,-142.0,0.45454545454545453,0.5867768595041323,0.04132231404958686,0.5634920634920635,MIN,2.5,-110.0,-2.5,-110.0,46.5,-110,-110
2026-09-09T20:54:05Z,SCHEDULED_FULL,cf5cefa5556bcd0156bd394171ef6c8e,odds_cf5cefa5556bcd0156bd394171ef6c8e,,,2026-12-27T18:00:00Z,156785.91181411667,WAS,MIN,betus,BetUS,2026-09-09T20:53:51Z,14.291153,,,,,,,,2.5,-110.0,-2.5,-110.0,46.5,-110,-110
2026-09-09T20:54:05Z,SCHEDULED_FULL,669a7b568c2a64f9a136dadb0eda1da8,odds_669a7b568c2a64f9a136dadb0eda1da8,,,2026-12-27T18:00:00Z,156785.91181411667,NE,NYJ,draftkings,DraftKings,2026-09-09T20:53:44Z,21.291153,-278.0,225.0,0.7354497354497355,0.3076923076923077,0.043142043142043285,0.2949668357393679,NE,-6.5,-110.0,6.5,-110.0,40.5,-110,-110
2026-09-09T20:54:05Z,SCHEDULED_FULL,fc7cce3ae7c73cc7151357829e11b6d5,odds_fc7cce3ae7c73cc7151357829e11b6d5,,,2026-12-27T21:25:00Z,156990.91181411667,SF,KC,draftkings,DraftKings,2026-09-09T20:53:44Z,21.291153,130.0,-155.0,0.43478260869565216,0.6078431372549019,0.04262574595055413,0.5829926410466066,KC,3.0,-118.0,-3.0,-102.0,46.5,-110,-110
2026-09-09T20:54:05Z,SCHEDULED_FULL,fc7cce3ae7c73cc7151357829e11b6d5,odds_fc7cce3ae7c73cc7151357829e11b6d5,,,2026-12-27T21:25:00Z,156990.91181411667,SF,KC,betus,BetUS,2026-09-09T20:53:51Z,14.291153,,,,,,,,2.5,100.0,-2.5,-120.0,46.5,-110,-110
2026-09-09T20:54:05Z,SCHEDULED_FULL,b1c4ec04c3398a9efa25492000858384,odds_b1c4ec04c3398a9efa25492000858384,,,2026-12-28T01:20:00Z,157225.91181411667,JAX,DAL,draftkings,DraftKings,2026-09-09T20:53:44Z,21.291153,136.0,-162.0,0.423728813559322,0.6183206106870229,0.042049424246344946,0.593369754159424,DAL,3.0,-118.0,-3.0,-102.0,51.5,-110,-110
2026-09-09T20:54:05Z,SCHEDULED_FULL,ca92c191ebf7361ea56f9bbc09a5f51b,odds_ca92c191ebf7361ea56f9bbc09a5f51b,,,2026-12-29T01:15:00Z,158660.91181411667,NYG,DET,draftkings,DraftKings,2026-09-09T20:53:44Z,21.291153,170.0,-205.0,0.37037037037037035,0.6721311475409836,0.042501517911353925,0.644729178800233,DET,4.5,-110.0,-4.5,-110.0,49.5,-110,-110
2026-09-09T20:54:05Z,SCHEDULED_FULL,be268ce293cf4fad1c0c867a3ca4c257,odds_be268ce293cf4fad1c0c867a3ca4c257,,,2027-01-01T01:15:00Z,162980.91181411667,BAL,CIN,draftkings,DraftKings,2026-09-09T20:53:44Z,21.291153,114.0,-135.0,0.4672897196261682,0.574468085106383,0.04175780473255131,0.551441114716549,CIN,2.5,-110.0,-2.5,-110.0,51.5,-110,-110
2026-09-09T20:54:05Z,SCHEDULED_FULL,be268ce293cf4fad1c0c867a3ca4c257,odds_be268ce293cf4fad1c0c867a3ca4c257,,,2027-01-01T01:15:00Z,162980.91181411667,BAL,CIN,betus,BetUS,2026-09-09T20:53:51Z,14.291153,,,,,,,,2.5,-115.0,-2.5,-105.0,51.5,-110,-110
2026-09-09T20:54:05Z,SCHEDULED_FULL,e5dd9cc3fd5452d55c250949e946743d,odds_e5dd9cc3fd5452d55c250949e946743d,,,2027-01-03T18:00:00Z,166865.91181411667,NO,ATL,draftkings,DraftKings,2026-09-09T20:53:44Z,21.291153,102.0,-122.0,0.49504950495049505,0.5495495495495496,0.044599054500044755,0.5260865852617197,ATL,1.5,-110.0,-1.5,-110.0,44.5,-110,-110
2026-09-09T20:54:05Z,SCHEDULED_FULL,d9a186d988a3ede2a33e504f4890fe52,odds_d9a186d988a3ede2a33e504f4890fe52,,,2027-01-03T18:00:00Z,166865.91181411667,BUF,MIA,draftkings,DraftKings,2026-09-09T20:53:44Z,21.291153,-380.0,300.0,0.7916666666666666,0.25,0.04166666666666652,0.24000000000000005,BUF,-7.5,-110.0,7.5,-110.0,47.5,-110,-110
2026-09-09T20:54:05Z,SCHEDULED_FULL,b009f04b4f61b264a5163157c3439dc1,odds_b009f04b4f61b264a5163157c3439dc1,,,2027-01-03T18:00:00Z,166865.91181411667,SEA,CAR,draftkings,DraftKings,2026-09-09T20:53:44Z,21.291153,-250.0,205.0,0.7142857142857143,0.32786885245901637,0.042154566744730726,0.31460674157303364,SEA,-5.5,-110.0,5.5,-110.0,42.5,-110,-110
2026-09-09T20:54:05Z,SCHEDULED_FULL,b009f04b4f61b264a5163157c3439dc1,odds_b009f04b4f61b264a5163157c3439dc1,,,2027-01-03T18:00:00Z,166865.91181411667,SEA,CAR,betus,BetUS,2026-09-09T20:53:51Z,14.291153,,,,,,,,-5.5,-110.0,5.5,-110.0,42.5,-110,-110
2026-09-09T20:54:05Z,SCHEDULED_FULL,f2e03f9b857485bb13211ee0f5eb5935,odds_f2e03f9b857485bb13211ee0f5eb5935,,,2027-01-03T18:00:00Z,166865.91181411667,IND,CLE,draftkings,DraftKings,2026-09-09T20:53:44Z,21.291153,-135.0,114.0,0.574468085106383,0.4672897196261682,0.04175780473255131,0.448558885283451,IND,-2.5,-110.0,2.5,-110.0,43.5,-110,-110
2026-09-09T20:54:05Z,SCHEDULED_FULL,c8945d476449633912cf51a346ac98ca,odds_c8945d476449633912cf51a346ac98ca,,,2027-01-03T18:00:00Z,166865.91181411667,NYG,DAL,draftkings,DraftKings,2026-09-09T20:53:44Z,21.291153,180.0,-218.0,0.35714285714285715,0.6855345911949685,0.04267744833782561,0.6574752261956054,DAL,4.5,-110.0,-4.5,-110.0,49.5,-110,-110
2026-09-09T20:54:05Z,SCHEDULED_FULL,f62dba1e231083f489c391271a1f171c,odds_f62dba1e231083f489c391271a1f171c,,,2027-01-03T18:00:00Z,166865.91181411667,DEN,NE,draftkings,DraftKings,2026-09-09T20:53:44Z,21.291153,114.0,-135.0,0.4672897196261682,0.574468085106383,0.04175780473255131,0.551441114716549,NE,2.5,-110.0,-2.5,-110.0,42.5,-110,-110
2026-09-09T20:54:05Z,SCHEDULED_FULL,c96a3e9e40569b4ed5a546dff131c61d,odds_c96a3e9e40569b4ed5a546dff131c61d,,,2027-01-03T18:00:00Z,166865.91181411667,WAS,JAX,draftkings,DraftKings,2026-09-09T20:53:44Z,21.291153,160.0,-192.0,0.38461538461538464,0.6575342465753424,0.04214963119072701,0.6309403437815976,JAX,3.5,-110.0,-3.5,-110.0,48.5,-110,-110
2026-09-09T20:54:05Z,SCHEDULED_FULL,c96a3e9e40569b4ed5a546dff131c61d,odds_c96a3e9e40569b4ed5a546dff131c61d,,,2027-01-03T18:00:00Z,166865.91181411667,WAS,JAX,betus,BetUS,2026-09-09T20:53:51Z,14.291153,,,,,,,,3.5,-110.0,-3.5,-110.0,48.5,-110,-110
2026-09-09T20:54:05Z,SCHEDULED_FULL,419106b9bcc9f7ef39cfc2d1ee9a3f87,odds_419106b9bcc9f7ef39cfc2d1ee9a3f87,,,2027-01-03T18:00:00Z,166865.91181411667,LA,TB,draftkings,DraftKings,2026-09-09T20:53:44Z,21.291153,-205.0,170.0,0.6721311475409836,0.37037037037037035,0.042501517911353925,0.35527082119976705,LA,-4.5,-110.0,4.5,-110.0,48.5,-110,-110
2026-09-09T20:54:05Z,SCHEDULED_FULL,bfe51fa0034c9d22a69ffd80e2d717f5,odds_bfe51fa0034c9d22a69ffd80e2d717f5,,,2027-01-03T18:00:00Z,166865.91181411667,MIN,NYJ,draftkings,DraftKings,2026-09-09T20:53:44Z,21.291153,-185.0,154.0,0.6491228070175439,0.3937007874015748,0.04282359441911865,0.3775334481388264,MIN,-3.5,-110.0,3.5,-110.0,39.5,-110,-110
2026-09-09T20:54:05Z,SCHEDULED_FULL,d0ffa5ed13cbd7610f9176041464404a,odds_d0ffa5ed13cbd7610f9176041464404a,,,2027-01-03T18:00:00Z,166865.91181411667,PIT,TEN,draftkings,DraftKings,2026-09-09T20:53:44Z,21.291153,-125.0,105.0,0.5555555555555556,0.4878048780487805,0.04336043360433606,0.4675324675324675,PIT,-1.5,-110.0,1.5,-110.0,42.5,-110,-110
2026-09-09T20:54:05Z,SCHEDULED_FULL,d0ffa5ed13cbd7610f9176041464404a,odds_d0ffa5ed13cbd7610f9176041464404a,,,2027-01-03T18:00:00Z,166865.91181411667,PIT,TEN,betus,BetUS,2026-09-09T20:53:51Z,14.291153,,,,,,,,-1.5,-110.0,1.5,-110.0,42.5,-110,-110
2026-09-09T20:54:05Z,SCHEDULED_FULL,08abdb683fcb6d77f66baed136f47283,odds_08abdb683fcb6d77f66baed136f47283,,,2027-01-03T21:05:00Z,167050.91181411667,LV,ARI,draftkings,DraftKings,2026-09-09T20:53:44Z,21.291153,-130.0,110.0,0.5652173913043478,0.47619047619047616,0.04140786749482395,0.4572564612326044,LV,-1.5,-115.0,1.5,-105.0,42.5,-110,-110
2026-09-09T20:54:05Z,SCHEDULED_FULL,12089441cea51add4694cdde98b4a5b7,odds_12089441cea51add4694cdde98b4a5b7,,,2027-01-03T21:25:00Z,167070.91181411667,DET,CHI,draftkings,DraftKings,2026-09-09T20:53:44Z,21.291153,102.0,-122.0,0.49504950495049505,0.5495495495495496,0.044599054500044755,0.5260865852617197,CHI,1.5,-110.0,-1.5,-110.0,49.5,-110,-110
2026-09-09T20:54:05Z,SCHEDULED_FULL,67d842cb73300ef923959105698b63bb,odds_67d842cb73300ef923959105698b63bb,,,2027-01-03T21:25:00Z,167070.91181411667,KC,LAC,draftkings,DraftKings,2026-09-09T20:53:44Z,21.291153,105.0,-125.0,0.4878048780487805,0.5555555555555556,0.04336043360433606,0.5324675324675325,LAC,1.5,-110.0,-1.5,-110.0,45.5,-110,-110
2026-09-09T20:54:05Z,SCHEDULED_FULL,67d842cb73300ef923959105698b63bb,odds_67d842cb73300ef923959105698b63bb,,,2027-01-03T21:25:00Z,167070.91181411667,KC,LAC,betus,BetUS,2026-09-09T20:53:51Z,14.291153,,,,,,,,1.5,-110.0,-1.5,-110.0,45.5,-110,-110
2026-09-09T20:54:05Z,SCHEDULED_FULL,e7820b1226edbb1ef1fddce6b20f963d,odds_e7820b1226edbb1ef1fddce6b20f963d,,,2027-01-04T01:20:00Z,167305.91181411667,PHI,SF,draftkings,DraftKings,2026-09-09T20:53:44Z,21.291153,105.0,-125.0,0.4878048780487805,0.5555555555555556,0.04336043360433606,0.5324675324675325,SF,1.5,-110.0,-1.5,-110.0,45.5,-110,-110
2026-09-09T20:54:05Z,SCHEDULED_FULL,e7820b1226edbb1ef1fddce6b20f963d,odds_e7820b1226edbb1ef1fddce6b20f963d,,,2027-01-04T01:20:00Z,167305.91181411667,PHI,SF,betus,BetUS,2026-09-09T20:53:51Z,14.291153,,,,,,,,1.5,-110.0,-1.5,-110.0,45.5,-110,-110
2026-09-09T20:54:05Z,SCHEDULED_FULL,37bc346543da471e067b695b862ccfe9,odds_37bc346543da471e067b695b862ccfe9,,,2027-01-05T01:15:00Z,168740.91181411667,HOU,GB,draftkings,DraftKings,2026-09-09T20:53:44Z,21.291153,114.0,-135.0,0.4672897196261682,0.574468085106383,0.04175780473255131,0.551441114716549,GB,2.5,-110.0,-2.5,-110.0,42.5,-110,-110
2026-09-09T20:54:05Z,SCHEDULED_FULL,7f809a45bc8baedf0cb0259e7da7cd29,odds_7f809a45bc8baedf0cb0259e7da7cd29,,,2027-01-10T18:00:00Z,176945.91181411667,ATL,CAR,draftkings,DraftKings,2026-09-09T20:53:44Z,21.291153,114.0,-135.0,0.4672897196261682,0.574468085106383,0.04175780473255131,0.551441114716549,CAR,2.5,-110.0,-2.5,-110.0,41.5,-110,-110
2026-09-09T20:54:05Z,SCHEDULED_FULL,d7da5587a88a7fc35c36b453d3264d5a,odds_d7da5587a88a7fc35c36b453d3264d5a,,,2027-01-10T18:00:00Z,176945.91181411667,PIT,BAL,draftkings,DraftKings,2026-09-09T20:53:44Z,21.291153,190.0,-230.0,0.3448275862068966,0.696969696969697,0.04179728317659359,0.6690070210631895,BAL,5.5,-110.0,-5.5,-110.0,43.5,-110,-110
2026-09-09T20:54:05Z,SCHEDULED_FULL,d7da5587a88a7fc35c36b453d3264d5a,odds_d7da5587a88a7fc35c36b453d3264d5a,,,2027-01-10T18:00:00Z,176945.91181411667,PIT,BAL,betus,BetUS,2026-09-09T20:53:51Z,14.291153,,,,,,,,5.5,-110.0,-5.5,-110.0,43.5,-110,-110
2026-09-09T20:54:05Z,SCHEDULED_FULL,97cbd9ad26dff1af47192120defe112d,odds_97cbd9ad26dff1af47192120defe112d,,,2027-01-10T18:00:00Z,176945.91181411667,NYJ,BUF,draftkings,DraftKings,2026-09-09T20:53:44Z,21.291153,370.0,-485.0,0.2127659574468085,0.8290598290598291,0.0418257865066376,0.7957758771164253,BUF,10.0,-110.0,-10.0,-110.0,43.5,-110,-110
2026-09-09T20:54:05Z,SCHEDULED_FULL,d190fb7ea85c33b96a495041dad22142,odds_d190fb7ea85c33b96a495041dad22142,,,2027-01-10T18:00:00Z,176945.91181411667,CHI,MIN,draftkings,DraftKings,2026-09-09T20:53:44Z,21.291153,102.0,-122.0,0.49504950495049505,0.5495495495495496,0.044599054500044755,0.5260865852617197,MIN,1.5,-110.0,-1.5,-110.0,43.5,-110,-110
2026-09-09T20:54:05Z,SCHEDULED_FULL,8c16104c8afc72b583531508b2aa1c33,odds_8c16104c8afc72b583531508b2aa1c33,,,2027-01-10T18:00:00Z,176945.91181411667,CLE,CIN,draftkings,DraftKings,2026-09-09T20:53:44Z,21.291153,285.0,-360.0,0.2597402597402597,0.782608695652174,0.04234895539243366,0.7508125677139762,CIN,7.5,-110.0,-7.5,-110.0,43.5,-110,-110
2026-09-09T20:54:05Z,SCHEDULED_FULL,3f460f14b810d7bf642bdf7b658530c0,odds_3f460f14b810d7bf642bdf7b658530c0,,,2027-01-10T18:00:00Z,176945.91181411667,DAL,WAS,draftkings,DraftKings,2026-09-09T20:53:44Z,21.291153,-122.0,102.0,0.5495495495495496,0.49504950495049505,0.044599054500044755,0.4739134147382802,DAL,-1.5,-110.0,1.5,-110.0,49.5,-110,-110
2026-09-09T20:54:05Z,SCHEDULED_FULL,71d0d10e384393c1e071c39dd3931c19,odds_71d0d10e384393c1e071c39dd3931c19,,,2027-01-10T18:00:00Z,176945.91181411667,LAC,DEN,draftkings,DraftKings,2026-09-09T20:53:44Z,21.291153,102.0,-122.0,0.49504950495049505,0.5495495495495496,0.044599054500044755,0.5260865852617197,DEN,1.5,-110.0,-1.5,-110.0,41.5,-110,-110
2026-09-09T20:54:05Z,SCHEDULED_FULL,8f81778bbdb984be44e24a3d55a49b4d,odds_8f81778bbdb984be44e24a3d55a49b4d,,,2027-01-10T18:00:00Z,176945.91181411667,DET,GB,draftkings,DraftKings,2026-09-09T20:53:44Z,21.291153,114.0,-135.0,0.4672897196261682,0.574468085106383,0.04175780473255131,0.551441114716549,GB,2.5,-110.0,-2.5,-110.0,47.5,-110,-110
2026-09-09T20:54:05Z,SCHEDULED_FULL,9bb63096709ba607443c454d2a813b14,odds_9bb63096709ba607443c454d2a813b14,,,2027-01-10T18:00:00Z,176945.91181411667,TEN,HOU,draftkings,DraftKings,2026-09-09T20:53:44Z,21.291153,240.0,-298.0,0.29411764705882354,0.7487437185929648,0.04286136565178844,0.7179705215419501,HOU,7.0,-110.0,-7.0,-110.0,39.5,-110,-110
2026-09-09T20:54:05Z,SCHEDULED_FULL,bea47af467e217653bba8d69888e4d95,odds_bea47af467e217653bba8d69888e4d95,,,2027-01-10T18:00:00Z,176945.91181411667,JAX,IND,draftkings,DraftKings,2026-09-09T20:53:44Z,21.291153,102.0,-122.0,0.49504950495049505,0.5495495495495496,0.044599054500044755,0.5260865852617197,IND,1.5,-110.0,-1.5,-110.0,46.5,-110,-110
2026-09-09T20:54:05Z,SCHEDULED_FULL,bea47af467e217653bba8d69888e4d95,odds_bea47af467e217653bba8d69888e4d95,,,2027-01-10T18:00:00Z,176945.91181411667,JAX,IND,betus,BetUS,2026-09-09T20:53:51Z,14.291153,,,,,,,,1.5,-120.0,-1.5,100.0,46.5,-110,-110
2026-09-09T20:54:05Z,SCHEDULED_FULL,bb66a6f02c535c0cd8b9c689a5513687,odds_bb66a6f02c535c0cd8b9c689a5513687,,,2027-01-10T18:00:00Z,176945.91181411667,LV,KC,draftkings,DraftKings,2026-09-09T20:53:44Z,21.291153,310.0,-395.0,0.24390243902439024,0.797979797979798,0.04188223700418825,0.7659021045164341,KC,8.5,-110.0,-8.5,-110.0,40.5,-110,-110
2026-09-09T20:54:05Z,SCHEDULED_FULL,f370f9410ef82b37bd15d1719434370b,odds_f370f9410ef82b37bd15d1719434370b,,,2027-01-10T18:00:00Z,176945.91181411667,MIA,NE,draftkings,DraftKings,2026-09-09T20:53:44Z,21.291153,425.0,-575.0,0.19047619047619047,0.8518518518518519,0.042328042328042326,0.817258883248731,NE,10.5,-110.0,-10.5,-110.0,42.5,-110,-110
2026-09-09T20:54:05Z,SCHEDULED_FULL,7b8ce34c0e173e4ff6ccf8e8caa09113,odds_7b8ce34c0e173e4ff6ccf8e8caa09113,,,2027-01-10T18:00:00Z,176945.91181411667,TB,NO,draftkings,DraftKings,2026-09-09T20:53:44Z,21.291153,-122.0,102.0,0.5495495495495496,0.49504950495049505,0.044599054500044755,0.4739134147382802,TB,-1.5,-110.0,1.5,-110.0,43.5,-110,-110
2026-09-09T20:54:05Z,SCHEDULED_FULL,7b8ce34c0e173e4ff6ccf8e8caa09113,odds_7b8ce34c0e173e4ff6ccf8e8caa09113,,,2027-01-10T18:00:00Z,176945.91181411667,TB,NO,betus,BetUS,2026-09-09T20:53:51Z,14.291153,,,,,,,,-1.5,-105.0,1.5,-115.0,43.5,-110,-110
2026-09-09T20:54:05Z,SCHEDULED_FULL,01baed6f9d6482c5d89d37379c7c63c7,odds_01baed6f9d6482c5d89d37379c7c63c7,,,2027-01-10T18:00:00Z,176945.91181411667,PHI,NYG,draftkings,DraftKings,2026-09-09T20:53:44Z,21.291153,-162.0,136.0,0.6183206106870229,0.423728813559322,0.042049424246344946,0.4066302458405761,PHI,-3.0,-110.0,3.0,-110.0,41.5,-110,-110
2026-09-09T20:54:05Z,SCHEDULED_FULL,f1480276ab67dcf60686556ba9336695,odds_f1480276ab67dcf60686556ba9336695,,,2027-01-10T21:05:00Z,177130.91181411667,SF,ARI,draftkings,DraftKings,2026-09-09T20:53:44Z,21.291153,-410.0,320.0,0.803921568627451,0.23809523809523808,0.04201680672268915,0.22849462365591394,SF,-8.5,-110.0,8.5,-110.0,44.5,-110,-110
2026-09-09T20:54:05Z,SCHEDULED_FULL,f1480276ab67dcf60686556ba9336695,odds_f1480276ab67dcf60686556ba9336695,,,2027-01-10T21:05:00Z,177130.91181411667,SF,ARI,betus,BetUS,2026-09-09T20:53:51Z,14.291153,,,,,,,,-8.5,-110.0,8.5,-110.0,44.5,-110,-110
2026-09-09T20:54:05Z,SCHEDULED_FULL,dc2d9177b48e6f3962dabb1407aba7d3,odds_dc2d9177b48e6f3962dabb1407aba7d3,,,2027-01-10T21:05:00Z,177130.91181411667,SEA,LA,draftkings,DraftKings,2026-09-09T20:53:44Z,21.291153,136.0,-162.0,0.423728813559322,0.6183206106870229,0.042049424246344946,0.593369754159424,LA,3.0,-110.0,-3.0,-110.0,44.5,-110,-110
